2026-09-26T10:41:21.9087450Z Current runner version: '2.337.0'
2026-09-26T10:41:21.9108029Z ##[group]Runner Image Provisioner
2026-09-26T10:41:21.9108752Z Hosted Compute Agent
2026-09-26T10:41:21.9109281Z Version: 20260828.587
2026-09-26T10:41:21.9109828Z Commit: abac92662cab4cc7352de4f9f9d2e2419aad9c29
2026-09-26T10:41:21.9110461Z Build Date: 2026-08-28T16:44:25Z
2026-09-26T10:41:21.9111080Z Worker ID: {24729460-3f72-41cd-a395-2bcb74cf2091}
2026-09-26T10:41:21.9111662Z Azure Region: centralus
2026-09-26T10:41:21.9112183Z ##[endgroup]
2026-09-26T10:41:21.9113318Z ##[group]Operating System
2026-09-26T10:41:21.9113798Z Ubuntu
2026-09-26T10:41:21.9114252Z 24.04.5
2026-09-26T10:41:21.9114965Z LTS
2026-09-26T10:41:21.9115716Z ##[endgroup]
2026-09-26T10:41:21.9116195Z ##[group]Runner Image
2026-09-26T10:41:21.9116704Z Image: ubuntu-24.04
2026-09-26T10:41:21.9117191Z Version: 20260920.314.1
2026-09-26T10:41:21.9118208Z Included Software: https://github.com/actions/runner-images/blob/ubuntu24/20260920.314/images/ubuntu/Ubuntu2404-Readme.md
2026-09-26T10:41:21.9119708Z Image Release: https://github.com/actions/runner-images/releases/tag/ubuntu24%2F20260920.314
2026-09-26T10:41:21.9120828Z ##[endgroup]
2026-09-26T10:41:21.9122230Z ##[group]GITHUB_TOKEN Permissions
2026-09-26T10:41:21.9125084Z Contents: read
2026-09-26T10:41:21.9125868Z Metadata: read
2026-09-26T10:41:21.9126573Z Packages: read
2026-09-26T10:41:21.9127293Z ##[endgroup]
2026-09-26T10:41:21.9129642Z Secret source: Actions
2026-09-26T10:41:21.9130489Z Cache mode: write
2026-09-26T10:41:21.9131214Z Prepare workflow directory
2026-09-26T10:41:22.0274476Z Prepare all required actions
2026-09-26T10:41:22.0315199Z Getting action download info
2026-09-26T10:41:22.2573647Z Download action repository 'actions/checkout@11d5960a326750d5838078e36cf38b85af677262' (SHA:11d5960a326750d5838078e36cf38b85af677262)
2026-09-26T10:41:22.8570671Z Complete job name: native-studio
2026-09-26T10:41:22.9194039Z ##[group]Run actions/checkout@11d5960a326750d5838078e36cf38b85af677262
2026-09-26T10:41:22.9195384Z with:
2026-09-26T10:41:22.9196023Z   repository: agentique-systems/agentique
2026-09-26T10:41:22.9199991Z   token: ***
2026-09-26T10:41:22.9200452Z   ssh-strict: true
2026-09-26T10:41:22.9200987Z   ssh-user: git
2026-09-26T10:41:22.9201519Z   persist-credentials: true
2026-09-26T10:41:22.9202066Z   clean: true
2026-09-26T10:41:22.9202580Z   sparse-checkout-cone-mode: true
2026-09-26T10:41:22.9203141Z   fetch-depth: 1
2026-09-26T10:41:22.9203656Z   fetch-tags: false
2026-09-26T10:41:22.9204150Z   show-progress: true
2026-09-26T10:41:22.9204641Z   lfs: false
2026-09-26T10:41:22.9205361Z   submodules: false
2026-09-26T10:41:22.9205883Z   set-safe-directory: true
2026-09-26T10:41:22.9206456Z   allow-unsafe-pr-checkout: false
2026-09-26T10:41:22.9207221Z ##[endgroup]
2026-09-26T10:41:23.0080871Z Syncing repository: agentique-systems/agentique
2026-09-26T10:41:23.0084088Z ##[group]Getting Git version info
2026-09-26T10:41:23.0085621Z Working directory is '/home/runner/work/agentique/agentique'
2026-09-26T10:41:23.0087339Z [command]/usr/bin/git version
2026-09-26T10:41:23.0206248Z git version 2.55.0
2026-09-26T10:41:23.0217114Z ##[endgroup]
2026-09-26T10:41:23.0226392Z Temporarily overriding HOME='/home/runner/work/_temp/b0a44dc2-99f0-46b9-92db-fa6a943b02c6' before making global git config changes
2026-09-26T10:41:23.0232520Z Adding repository directory to the temporary git global config as a safe directory
2026-09-26T10:41:23.0234039Z [command]/usr/bin/git config --global --add safe.directory /home/runner/work/agentique/agentique
2026-09-26T10:41:23.0380974Z Deleting the contents of '/home/runner/work/agentique/agentique'
2026-09-26T10:41:23.0384528Z ##[group]Initializing the repository
2026-09-26T10:41:23.0388540Z [command]/usr/bin/git init /home/runner/work/agentique/agentique
2026-09-26T10:41:23.0989607Z hint: Using 'master' as the name for the initial branch. This default branch name
2026-09-26T10:41:23.0991085Z hint: will change to "main" in Git 3.0. To configure the initial branch name
2026-09-26T10:41:23.0992669Z hint: to use in all of your new repositories, which will suppress this warning,
2026-09-26T10:41:23.0994235Z hint: call:
2026-09-26T10:41:23.0995362Z hint:
2026-09-26T10:41:23.0996385Z hint: 	git config --global init.defaultBranch <name>
2026-09-26T10:41:23.0997355Z hint:
2026-09-26T10:41:23.0998335Z hint: Names commonly chosen instead of 'master' are 'main', 'trunk' and
2026-09-26T10:41:23.0999787Z hint: 'development'. The just-created branch can be renamed via this command:
2026-09-26T10:41:23.1000946Z hint:
2026-09-26T10:41:23.1001704Z hint: 	git branch -m <name>
2026-09-26T10:41:23.1002444Z hint:
2026-09-26T10:41:23.1003417Z hint: Disable this message with "git config set advice.defaultBranchName false"
2026-09-26T10:41:23.1005129Z Initialized empty Git repository in /home/runner/work/agentique/agentique/.git/
2026-09-26T10:41:23.1007717Z [command]/usr/bin/git remote add origin https://github.com/agentique-systems/agentique
2026-09-26T10:41:23.1285919Z ##[endgroup]
2026-09-26T10:41:23.1286854Z ##[group]Disabling automatic garbage collection
2026-09-26T10:41:23.1287923Z [command]/usr/bin/git config --local gc.auto 0
2026-09-26T10:41:23.1777514Z ##[endgroup]
2026-09-26T10:41:23.1779338Z ##[group]Setting up auth
2026-09-26T10:41:23.1782960Z [command]/usr/bin/git config --local --name-only --get-regexp core\.sshCommand
2026-09-26T10:41:23.1808506Z [command]/usr/bin/git submodule foreach --recursive sh -c "git config --local --name-only --get-regexp 'core\.sshCommand' && git config --local --unset-all 'core.sshCommand' || :"
2026-09-26T10:41:23.2099370Z [command]/usr/bin/git config --local --name-only --get-regexp http\.https\:\/\/github\.com\/\.extraheader
2026-09-26T10:41:23.2125475Z [command]/usr/bin/git submodule foreach --recursive sh -c "git config --local --name-only --get-regexp 'http\.https\:\/\/github\.com\/\.extraheader' && git config --local --unset-all 'http.https://github.com/.extraheader' || :"
2026-09-26T10:41:23.2289645Z [command]/usr/bin/git config --local --name-only --get-regexp ^includeIf\.gitdir:
2026-09-26T10:41:23.2313963Z [command]/usr/bin/git submodule foreach --recursive git config --local --show-origin --name-only --get-regexp remote.origin.url
2026-09-26T10:41:23.2470545Z [command]/usr/bin/git config --local http.https://github.com/.extraheader AUTHORIZATION: basic ***
2026-09-26T10:41:23.3312200Z ##[endgroup]
2026-09-26T10:41:23.3314170Z ##[group]Fetching the repository
2026-09-26T10:41:23.3317848Z [command]/usr/bin/git -c protocol.version=2 fetch --no-tags --prune --no-recurse-submodules --depth=1 origin +42e7e187de823a3b855d530dcee84dbe8c06b59f:refs/remotes/origin/platform/native-studio-alpha-acceptance
2026-09-26T10:41:33.6421594Z From https://github.com/agentique-systems/agentique
2026-09-26T10:41:33.6422889Z  * [new ref]         42e7e187de823a3b855d530dcee84dbe8c06b59f -> origin/platform/native-studio-alpha-acceptance
2026-09-26T10:41:33.6425453Z ##[endgroup]
2026-09-26T10:41:33.6426328Z ##[group]Determining the checkout info
2026-09-26T10:41:33.6429621Z ##[endgroup]
2026-09-26T10:41:33.6434822Z [command]/usr/bin/git sparse-checkout disable
2026-09-26T10:41:33.6496167Z [command]/usr/bin/git config --local --unset-all extensions.worktreeConfig
2026-09-26T10:41:33.6518967Z ##[group]Checking out the ref
2026-09-26T10:41:33.6522117Z [command]/usr/bin/git checkout --progress --force -B platform/native-studio-alpha-acceptance refs/remotes/origin/platform/native-studio-alpha-acceptance
2026-09-26T10:41:34.9582360Z Updating files:  27% (1544/5718)
2026-09-26T10:41:35.1988416Z Updating files:  28% (1602/5718)
2026-09-26T10:41:35.2169819Z Updating files:  29% (1659/5718)
2026-09-26T10:41:35.2367120Z Updating files:  30% (1716/5718)
2026-09-26T10:41:35.2381197Z Updating files:  31% (1773/5718)
2026-09-26T10:41:35.2488416Z Updating files:  32% (1830/5718)
2026-09-26T10:41:35.2663180Z Updating files:  33% (1887/5718)
2026-09-26T10:41:35.2712454Z Updating files:  34% (1945/5718)
2026-09-26T10:41:35.2924325Z Updating files:  35% (2002/5718)
2026-09-26T10:41:35.2979909Z Updating files:  36% (2059/5718)
2026-09-26T10:41:35.3625456Z Updating files:  37% (2116/5718)
2026-09-26T10:41:35.3901155Z Updating files:  38% (2173/5718)
2026-09-26T10:41:35.4310876Z Updating files:  39% (2231/5718)
2026-09-26T10:41:35.4342006Z Updating files:  40% (2288/5718)
2026-09-26T10:41:35.4355142Z Updating files:  41% (2345/5718)
2026-09-26T10:41:35.4368846Z Updating files:  42% (2402/5718)
2026-09-26T10:41:35.4381951Z Updating files:  43% (2459/5718)
2026-09-26T10:41:35.4392985Z Updating files:  44% (2516/5718)
2026-09-26T10:41:35.4405213Z Updating files:  45% (2574/5718)
2026-09-26T10:41:35.4421801Z Updating files:  46% (2631/5718)
2026-09-26T10:41:35.4451812Z Updating files:  47% (2688/5718)
2026-09-26T10:41:35.4878423Z Updating files:  48% (2745/5718)
2026-09-26T10:41:35.4928737Z Updating files:  49% (2802/5718)
2026-09-26T10:41:35.4991261Z Updating files:  50% (2859/5718)
2026-09-26T10:41:35.5099701Z Updating files:  51% (2917/5718)
2026-09-26T10:41:35.5156299Z Updating files:  52% (2974/5718)
2026-09-26T10:41:35.5265978Z Updating files:  53% (3031/5718)
2026-09-26T10:41:35.7655358Z Updating files:  54% (3088/5718)
2026-09-26T10:41:35.7725673Z Updating files:  54% (3105/5718)
2026-09-26T10:41:35.7769950Z Updating files:  55% (3145/5718)
2026-09-26T10:41:35.7916146Z Updating files:  56% (3203/5718)
2026-09-26T10:41:35.7942581Z Updating files:  57% (3260/5718)
2026-09-26T10:41:35.8020408Z Updating files:  58% (3317/5718)
2026-09-26T10:41:35.8051652Z Updating files:  59% (3374/5718)
2026-09-26T10:41:35.8098078Z Updating files:  60% (3431/5718)
2026-09-26T10:41:35.9301688Z Updating files:  61% (3488/5718)
2026-09-26T10:41:35.9504815Z Updating files:  62% (3546/5718)
2026-09-26T10:41:35.9706083Z Updating files:  63% (3603/5718)
2026-09-26T10:41:35.9875579Z Updating files:  64% (3660/5718)
2026-09-26T10:41:36.0114184Z Updating files:  65% (3717/5718)
2026-09-26T10:41:36.0129849Z Updating files:  66% (3774/5718)
2026-09-26T10:41:36.0152703Z Updating files:  67% (3832/5718)
2026-09-26T10:41:36.0184186Z Updating files:  68% (3889/5718)
2026-09-26T10:41:36.0222045Z Updating files:  69% (3946/5718)
2026-09-26T10:41:36.0239385Z Updating files:  70% (4003/5718)
2026-09-26T10:41:36.0249864Z Updating files:  71% (4060/5718)
2026-09-26T10:41:36.0267741Z Updating files:  72% (4117/5718)
2026-09-26T10:41:36.0285546Z Updating files:  73% (4175/5718)
2026-09-26T10:41:36.0290787Z Updating files:  74% (4232/5718)
2026-09-26T10:41:36.0301888Z Updating files:  75% (4289/5718)
2026-09-26T10:41:36.0311110Z Updating files:  76% (4346/5718)
2026-09-26T10:41:36.0328070Z Updating files:  77% (4403/5718)
2026-09-26T10:41:36.0343685Z Updating files:  78% (4461/5718)
2026-09-26T10:41:36.0536081Z Updating files:  79% (4518/5718)
2026-09-26T10:41:36.0670457Z Updating files:  80% (4575/5718)
2026-09-26T10:41:36.0872843Z Updating files:  81% (4632/5718)
2026-09-26T10:41:36.1261489Z Updating files:  82% (4689/5718)
2026-09-26T10:41:36.1699511Z Updating files:  83% (4746/5718)
2026-09-26T10:41:36.1722869Z Updating files:  84% (4804/5718)
2026-09-26T10:41:36.1962106Z Updating files:  85% (4861/5718)
2026-09-26T10:41:36.2381736Z Updating files:  86% (4918/5718)
2026-09-26T10:41:36.2577118Z Updating files:  87% (4975/5718)
2026-09-26T10:41:36.2604598Z Updating files:  88% (5032/5718)
2026-09-26T10:41:36.2763962Z Updating files:  89% (5090/5718)
2026-09-26T10:41:36.2984091Z Updating files:  90% (5147/5718)
2026-09-26T10:41:36.3002026Z Updating files:  91% (5204/5718)
2026-09-26T10:41:36.3036028Z Updating files:  92% (5261/5718)
2026-09-26T10:41:36.3070405Z Updating files:  93% (5318/5718)
2026-09-26T10:41:36.3113660Z Updating files:  94% (5375/5718)
2026-09-26T10:41:36.3126112Z Updating files:  95% (5433/5718)
2026-09-26T10:41:36.3156781Z Updating files:  96% (5490/5718)
2026-09-26T10:41:36.3191398Z Updating files:  97% (5547/5718)
2026-09-26T10:41:36.3221163Z Updating files:  98% (5604/5718)
2026-09-26T10:41:36.3254171Z Updating files:  99% (5661/5718)
2026-09-26T10:41:36.3254875Z Updating files: 100% (5718/5718)
2026-09-26T10:41:36.3256475Z Updating files: 100% (5718/5718), done.
2026-09-26T10:41:36.3750651Z Switched to a new branch 'platform/native-studio-alpha-acceptance'
2026-09-26T10:41:36.3756129Z branch 'platform/native-studio-alpha-acceptance' set up to track 'origin/platform/native-studio-alpha-acceptance'.
2026-09-26T10:41:36.3785974Z ##[endgroup]
2026-09-26T10:41:36.4065831Z [command]/usr/bin/git log -1 --format=%H
2026-09-26T10:41:36.4077969Z 42e7e187de823a3b855d530dcee84dbe8c06b59f
2026-09-26T10:41:36.4260444Z ##[group]Run rustup show
2026-09-26T10:41:36.4260769Z [36;1mrustup show[0m
2026-09-26T10:41:36.5619388Z shell: /usr/bin/bash -e {0}
2026-09-26T10:41:36.5619849Z ##[endgroup]
2026-09-26T10:41:36.7186645Z Default host: x86_64-unknown-linux-gnu
2026-09-26T10:41:36.7187035Z rustup home:  /home/runner/.rustup
2026-09-26T10:41:36.7187239Z 
2026-09-26T10:41:36.7214000Z info: syncing channel updates for 1.92.0-x86_64-unknown-linux-gnu
2026-09-26T10:41:37.0225851Z info: latest update on 2025-12-11 for version 1.92.0 (ded5c06cf 2025-12-08)
2026-09-26T10:41:37.0228181Z info: downloading 6 components
2026-09-26T10:41:46.3494590Z warn: the missing active toolchain `1.92.0-x86_64-unknown-linux-gnu` has been auto-installed
2026-09-26T10:41:46.3495579Z warn: auto-installation is deprecated for most `rustup` commands
2026-09-26T10:41:46.3496099Z warn: scripts relying on this behavior in `rustup` may stop working in the future
2026-09-26T10:41:46.3496864Z warn: to install the active toolchain, use `rustup install` instead
2026-09-26T10:41:46.3497404Z warn: see <https://github.com/rust-lang/rustup/issues/4836> for more info
2026-09-26T10:41:46.3497841Z installed toolchains
2026-09-26T10:41:46.3498155Z --------------------
2026-09-26T10:41:46.3498497Z stable-x86_64-unknown-linux-gnu (default)
2026-09-26T10:41:46.3498776Z 
2026-09-26T10:41:46.3498931Z active toolchain
2026-09-26T10:41:46.3499220Z ----------------
2026-09-26T10:41:46.3499525Z name: 1.92.0-x86_64-unknown-linux-gnu
2026-09-26T10:41:46.3500325Z active because: overridden by '/home/runner/work/agentique/agentique/rust-toolchain.toml'
2026-09-26T10:41:46.3501000Z installed targets:
2026-09-26T10:41:46.3625501Z   x86_64-unknown-linux-gnu
2026-09-26T10:41:46.3688053Z ##[group]Run sudo apt-get update
2026-09-26T10:41:46.3688425Z [36;1msudo apt-get update[0m
2026-09-26T10:41:46.3689097Z [36;1msudo apt-get install --yes --no-install-recommends pkg-config libx11-dev libx11-xcb-dev libxcb1-dev libxkbcommon-dev libwayland-dev libegl1-mesa-dev[0m
2026-09-26T10:41:46.3725075Z shell: /usr/bin/bash -e {0}
2026-09-26T10:41:46.3725842Z ##[endgroup]
2026-09-26T10:41:46.4331428Z Get:1 file:/etc/apt/apt-mirrors.txt Mirrorlist [144 B]
2026-09-26T10:41:46.4680648Z Hit:2 http://azure.archive.ubuntu.com/ubuntu noble InRelease
2026-09-26T10:41:46.4683946Z Get:6 https://packages.microsoft.com/ubuntu/24.04/prod noble InRelease [3600 B]
2026-09-26T10:41:46.4738636Z Get:3 http://azure.archive.ubuntu.com/ubuntu noble-updates InRelease [126 kB]
2026-09-26T10:41:46.4778609Z Get:4 http://azure.archive.ubuntu.com/ubuntu noble-backports InRelease [126 kB]
2026-09-26T10:41:46.4779955Z Get:5 http://azure.archive.ubuntu.com/ubuntu noble-security InRelease [126 kB]
2026-09-26T10:41:46.5626347Z Get:7 https://packages.microsoft.com/ubuntu/24.04/prod noble/main amd64 Packages [498 kB]
2026-09-26T10:41:46.5785753Z Get:8 https://packages.microsoft.com/ubuntu/24.04/prod noble/main arm64 Packages [446 kB]
2026-09-26T10:41:46.6046007Z Get:9 http://azure.archive.ubuntu.com/ubuntu noble-updates/main amd64 Packages [1318 kB]
2026-09-26T10:41:46.6102192Z Get:10 http://azure.archive.ubuntu.com/ubuntu noble-updates/main Translation-en [299 kB]
2026-09-26T10:41:46.6127463Z Get:11 http://azure.archive.ubuntu.com/ubuntu noble-updates/main amd64 Components [181 kB]
2026-09-26T10:41:46.6142839Z Get:12 http://azure.archive.ubuntu.com/ubuntu noble-updates/universe amd64 Packages [1697 kB]
2026-09-26T10:41:46.6251226Z Get:13 http://azure.archive.ubuntu.com/ubuntu noble-updates/universe Translation-en [340 kB]
2026-09-26T10:41:46.6257374Z Get:14 http://azure.archive.ubuntu.com/ubuntu noble-updates/universe amd64 Components [388 kB]
2026-09-26T10:41:46.6279162Z Get:15 http://azure.archive.ubuntu.com/ubuntu noble-updates/restricted amd64 Packages [1654 kB]
2026-09-26T10:41:46.6356840Z Get:16 http://azure.archive.ubuntu.com/ubuntu noble-updates/restricted Translation-en [377 kB]
2026-09-26T10:41:46.6376843Z Get:17 http://azure.archive.ubuntu.com/ubuntu noble-updates/multiverse amd64 Components [940 B]
2026-09-26T10:41:46.6485443Z Get:18 http://azure.archive.ubuntu.com/ubuntu noble-backports/main amd64 Packages [40.6 kB]
2026-09-26T10:41:46.6939408Z Get:19 http://azure.archive.ubuntu.com/ubuntu noble-backports/main amd64 Components [5796 B]
2026-09-26T10:41:46.6945189Z Get:20 http://azure.archive.ubuntu.com/ubuntu noble-backports/universe amd64 Packages [31.0 kB]
2026-09-26T10:41:46.6951207Z Get:21 http://azure.archive.ubuntu.com/ubuntu noble-backports/universe Translation-en [18.6 kB]
2026-09-26T10:41:46.6956525Z Get:22 http://azure.archive.ubuntu.com/ubuntu noble-backports/universe amd64 Components [12.6 kB]
2026-09-26T10:41:46.6962923Z Get:23 http://azure.archive.ubuntu.com/ubuntu noble-security/main amd64 Packages [1053 kB]
2026-09-26T10:41:46.7013668Z Get:24 http://azure.archive.ubuntu.com/ubuntu noble-security/main Translation-en [219 kB]
2026-09-26T10:41:46.7027396Z Get:25 http://azure.archive.ubuntu.com/ubuntu noble-security/main amd64 Components [46.3 kB]
2026-09-26T10:41:46.7034910Z Get:26 http://azure.archive.ubuntu.com/ubuntu noble-security/universe amd64 Packages [1220 kB]
2026-09-26T10:41:46.7093208Z Get:27 http://azure.archive.ubuntu.com/ubuntu noble-security/universe Translation-en [245 kB]
2026-09-26T10:41:46.7108304Z Get:28 http://azure.archive.ubuntu.com/ubuntu noble-security/universe amd64 Components [76.3 kB]
2026-09-26T10:41:46.7117082Z Get:29 http://azure.archive.ubuntu.com/ubuntu noble-security/restricted amd64 Packages [1535 kB]
2026-09-26T10:41:46.7190303Z Get:30 http://azure.archive.ubuntu.com/ubuntu noble-security/restricted Translation-en [353 kB]
2026-09-26T10:41:53.5790476Z Fetched 12.4 MB in 1s (10.2 MB/s)
2026-09-26T10:41:54.2529915Z Reading package lists...
2026-09-26T10:41:54.2782984Z Reading package lists...
2026-09-26T10:41:54.3964913Z Building dependency tree...
2026-09-26T10:41:54.3971394Z Reading state information...
2026-09-26T10:41:54.5306878Z pkg-config is already the newest version (1.8.1-2build1).
2026-09-26T10:41:54.5307614Z The following additional packages will be installed:
2026-09-26T10:41:54.5308151Z   libegl-dev libegl-mesa0 libegl1 libgl-dev libgles-dev libgles1 libgles2
2026-09-26T10:41:54.5308868Z   libglvnd-core-dev libglvnd-dev libglx-dev libopengl-dev libopengl0
2026-09-26T10:41:54.5309503Z   libpthread-stubs0-dev libwayland-bin libwayland-server0 libxau-dev
2026-09-26T10:41:54.5310977Z   libxdmcp-dev x11proto-dev xorg-sgml-doctools xtrans-dev
2026-09-26T10:41:54.5317034Z Suggested packages:
2026-09-26T10:41:54.5317591Z   libwayland-doc libx11-doc libxcb-doc
2026-09-26T10:41:54.5478752Z The following NEW packages will be installed:
2026-09-26T10:41:54.5479450Z   libegl-dev libegl-mesa0 libegl1 libegl1-mesa-dev libgl-dev libgles-dev
2026-09-26T10:41:54.5480148Z   libgles1 libgles2 libglvnd-core-dev libglvnd-dev libglx-dev libopengl-dev
2026-09-26T10:41:54.5481595Z   libopengl0 libpthread-stubs0-dev libwayland-bin libwayland-dev
2026-09-26T10:41:54.5482124Z   libwayland-server0 libx11-dev libx11-xcb-dev libxau-dev libxcb1-dev
2026-09-26T10:41:54.5483794Z   libxdmcp-dev libxkbcommon-dev x11proto-dev xorg-sgml-doctools xtrans-dev
2026-09-26T10:41:54.5630120Z 0 upgraded, 26 newly installed, 0 to remove and 32 not upgraded.
2026-09-26T10:41:54.5630550Z Need to get 2173 kB of archives.
2026-09-26T10:41:54.5631006Z After this operation, 10.1 MB of additional disk space will be used.
2026-09-26T10:41:54.5631444Z Get:1 file:/etc/apt/apt-mirrors.txt Mirrorlist [144 B]
2026-09-26T10:41:54.6303268Z Get:2 http://azure.archive.ubuntu.com/ubuntu noble-updates/main amd64 libegl-mesa0 amd64 25.2.8-0ubuntu0.24.04.2 [117 kB]
2026-09-26T10:41:54.6628010Z Get:3 http://azure.archive.ubuntu.com/ubuntu noble/main amd64 libegl1 amd64 1.7.0-1build1 [28.7 kB]
2026-09-26T10:41:54.6946237Z Get:4 http://azure.archive.ubuntu.com/ubuntu noble/main amd64 xorg-sgml-doctools all 1:1.11-1.1 [10.9 kB]
2026-09-26T10:41:54.7224299Z Get:5 http://azure.archive.ubuntu.com/ubuntu noble/main amd64 x11proto-dev all 2023.2-1 [602 kB]
2026-09-26T10:41:54.7529757Z Get:6 http://azure.archive.ubuntu.com/ubuntu noble/main amd64 libxau-dev amd64 1:1.0.9-1build6 [9570 B]
2026-09-26T10:41:54.7802300Z Get:7 http://azure.archive.ubuntu.com/ubuntu noble/main amd64 libxdmcp-dev amd64 1:1.1.3-0ubuntu6 [26.5 kB]
2026-09-26T10:41:54.8080446Z Get:8 http://azure.archive.ubuntu.com/ubuntu noble/main amd64 xtrans-dev all 1.4.0-1 [68.9 kB]
2026-09-26T10:41:54.8357057Z Get:9 http://azure.archive.ubuntu.com/ubuntu noble/main amd64 libpthread-stubs0-dev amd64 0.4-1build3 [4746 B]
2026-09-26T10:41:54.8632411Z Get:10 http://azure.archive.ubuntu.com/ubuntu noble/main amd64 libxcb1-dev amd64 1.15-1ubuntu2 [85.8 kB]
2026-09-26T10:41:54.8953855Z Get:11 http://azure.archive.ubuntu.com/ubuntu noble/main amd64 libx11-dev amd64 2:1.8.7-1build1 [732 kB]
2026-09-26T10:41:54.9319469Z Get:12 http://azure.archive.ubuntu.com/ubuntu noble/main amd64 libglx-dev amd64 1.7.0-1build1 [14.2 kB]
2026-09-26T10:41:54.9633981Z Get:13 http://azure.archive.ubuntu.com/ubuntu noble/main amd64 libgl-dev amd64 1.7.0-1build1 [102 kB]
2026-09-26T10:41:54.9955057Z Get:14 http://azure.archive.ubuntu.com/ubuntu noble/main amd64 libegl-dev amd64 1.7.0-1build1 [18.2 kB]
2026-09-26T10:41:55.0266215Z Get:15 http://azure.archive.ubuntu.com/ubuntu noble/main amd64 libglvnd-core-dev amd64 1.7.0-1build1 [13.6 kB]
2026-09-26T10:41:55.0583306Z Get:16 http://azure.archive.ubuntu.com/ubuntu noble/main amd64 libgles1 amd64 1.7.0-1build1 [11.6 kB]
2026-09-26T10:41:55.0892160Z Get:17 http://azure.archive.ubuntu.com/ubuntu noble/main amd64 libgles2 amd64 1.7.0-1build1 [17.1 kB]
2026-09-26T10:41:55.2383538Z Get:18 http://azure.archive.ubuntu.com/ubuntu noble/main amd64 libgles-dev amd64 1.7.0-1build1 [50.5 kB]
2026-09-26T10:41:55.3600437Z Get:19 http://azure.archive.ubuntu.com/ubuntu noble/main amd64 libopengl0 amd64 1.7.0-1build1 [32.8 kB]
2026-09-26T10:41:55.4693407Z Get:20 http://azure.archive.ubuntu.com/ubuntu noble/main amd64 libopengl-dev amd64 1.7.0-1build1 [3454 B]
2026-09-26T10:41:55.5895000Z Get:21 http://azure.archive.ubuntu.com/ubuntu noble/main amd64 libglvnd-dev amd64 1.7.0-1build1 [3198 B]
2026-09-26T10:41:55.7606967Z Get:22 http://azure.archive.ubuntu.com/ubuntu noble-updates/main amd64 libegl1-mesa-dev amd64 25.2.8-0ubuntu0.24.04.2 [26.7 kB]
2026-09-26T10:41:55.8801186Z Get:23 http://azure.archive.ubuntu.com/ubuntu noble/main amd64 libwayland-server0 amd64 1.22.0-2.1build1 [33.9 kB]
2026-09-26T10:41:55.9950479Z Get:24 http://azure.archive.ubuntu.com/ubuntu noble/main amd64 libx11-xcb-dev amd64 2:1.8.7-1build1 [9950 B]
2026-09-26T10:41:56.1112109Z Get:25 http://azure.archive.ubuntu.com/ubuntu noble/main amd64 libxkbcommon-dev amd64 1.6.0-1build1 [56.3 kB]
2026-09-26T10:41:56.2410292Z Get:26 http://azure.archive.ubuntu.com/ubuntu noble/main amd64 libwayland-bin amd64 1.22.0-2.1build1 [20.6 kB]
2026-09-26T10:41:56.3617869Z Get:27 http://azure.archive.ubuntu.com/ubuntu noble/main amd64 libwayland-dev amd64 1.22.0-2.1build1 [71.3 kB]
2026-09-26T10:41:56.7025252Z Fetched 2173 kB in 2s (1147 kB/s)
2026-09-26T10:41:57.1633592Z Selecting previously unselected package libegl-mesa0:amd64.
2026-09-26T10:41:57.2909663Z (Reading database ... 
2026-09-26T10:41:57.2910315Z (Reading database ... 5%
2026-09-26T10:41:57.2910971Z (Reading database ... 10%
2026-09-26T10:41:57.2911588Z (Reading database ... 15%
2026-09-26T10:41:57.2911927Z (Reading database ... 20%
2026-09-26T10:41:57.2912273Z (Reading database ... 25%
2026-09-26T10:41:57.2912608Z (Reading database ... 30%
2026-09-26T10:41:57.2912918Z (Reading database ... 35%
2026-09-26T10:41:57.2913244Z (Reading database ... 40%
2026-09-26T10:41:57.2913556Z (Reading database ... 45%
2026-09-26T10:41:57.2913800Z (Reading database ... 50%
2026-09-26T10:41:57.3167032Z (Reading database ... 55%
2026-09-26T10:41:57.5297041Z (Reading database ... 60%
2026-09-26T10:41:57.7349228Z (Reading database ... 65%
2026-09-26T10:41:57.9263463Z (Reading database ... 70%
2026-09-26T10:41:58.1322887Z (Reading database ... 75%
2026-09-26T10:41:58.2685370Z (Reading database ... 80%
2026-09-26T10:41:58.4282280Z (Reading database ... 85%
2026-09-26T10:41:58.5384054Z (Reading database ... 90%
2026-09-26T10:41:58.6934362Z (Reading database ... 95%
2026-09-26T10:41:58.6934968Z (Reading database ... 100%
2026-09-26T10:41:58.6935366Z (Reading database ... 202190 files and directories currently installed.)
2026-09-26T10:41:58.6975281Z Preparing to unpack .../00-libegl-mesa0_25.2.8-0ubuntu0.24.04.2_amd64.deb ...
2026-09-26T10:41:58.7055420Z Unpacking libegl-mesa0:amd64 (25.2.8-0ubuntu0.24.04.2) ...
2026-09-26T10:41:58.7250420Z Selecting previously unselected package libegl1:amd64.
2026-09-26T10:41:58.7348021Z Preparing to unpack .../01-libegl1_1.7.0-1build1_amd64.deb ...
2026-09-26T10:41:58.7358516Z Unpacking libegl1:amd64 (1.7.0-1build1) ...
2026-09-26T10:41:58.7503157Z Selecting previously unselected package xorg-sgml-doctools.
2026-09-26T10:41:58.7595248Z Preparing to unpack .../02-xorg-sgml-doctools_1%3a1.11-1.1_all.deb ...
2026-09-26T10:41:58.7604626Z Unpacking xorg-sgml-doctools (1:1.11-1.1) ...
2026-09-26T10:41:58.7963050Z Selecting previously unselected package x11proto-dev.
2026-09-26T10:41:58.8055017Z Preparing to unpack .../03-x11proto-dev_2023.2-1_all.deb ...
2026-09-26T10:41:58.8063535Z Unpacking x11proto-dev (2023.2-1) ...
2026-09-26T10:41:58.8361292Z Selecting previously unselected package libxau-dev:amd64.
2026-09-26T10:41:58.8453461Z Preparing to unpack .../04-libxau-dev_1%3a1.0.9-1build6_amd64.deb ...
2026-09-26T10:41:58.8461782Z Unpacking libxau-dev:amd64 (1:1.0.9-1build6) ...
2026-09-26T10:41:58.8759260Z Selecting previously unselected package libxdmcp-dev:amd64.
2026-09-26T10:41:58.8852293Z Preparing to unpack .../05-libxdmcp-dev_1%3a1.1.3-0ubuntu6_amd64.deb ...
2026-09-26T10:41:58.8860928Z Unpacking libxdmcp-dev:amd64 (1:1.1.3-0ubuntu6) ...
2026-09-26T10:41:58.8989452Z Selecting previously unselected package xtrans-dev.
2026-09-26T10:41:58.9080549Z Preparing to unpack .../06-xtrans-dev_1.4.0-1_all.deb ...
2026-09-26T10:41:58.9088692Z Unpacking xtrans-dev (1.4.0-1) ...
2026-09-26T10:41:58.9258299Z Selecting previously unselected package libpthread-stubs0-dev:amd64.
2026-09-26T10:41:58.9363497Z Preparing to unpack .../07-libpthread-stubs0-dev_0.4-1build3_amd64.deb ...
2026-09-26T10:41:58.9370612Z Unpacking libpthread-stubs0-dev:amd64 (0.4-1build3) ...
2026-09-26T10:41:58.9496040Z Selecting previously unselected package libxcb1-dev:amd64.
2026-09-26T10:41:58.9584636Z Preparing to unpack .../08-libxcb1-dev_1.15-1ubuntu2_amd64.deb ...
2026-09-26T10:41:58.9655899Z Unpacking libxcb1-dev:amd64 (1.15-1ubuntu2) ...
2026-09-26T10:41:58.9803958Z Selecting previously unselected package libx11-dev:amd64.
2026-09-26T10:41:58.9892124Z Preparing to unpack .../09-libx11-dev_2%3a1.8.7-1build1_amd64.deb ...
2026-09-26T10:41:58.9898956Z Unpacking libx11-dev:amd64 (2:1.8.7-1build1) ...
2026-09-26T10:41:59.0155006Z Selecting previously unselected package libglx-dev:amd64.
2026-09-26T10:41:59.0243565Z Preparing to unpack .../10-libglx-dev_1.7.0-1build1_amd64.deb ...
2026-09-26T10:41:59.0253404Z Unpacking libglx-dev:amd64 (1.7.0-1build1) ...
2026-09-26T10:41:59.0383613Z Selecting previously unselected package libgl-dev:amd64.
2026-09-26T10:41:59.0471406Z Preparing to unpack .../11-libgl-dev_1.7.0-1build1_amd64.deb ...
2026-09-26T10:41:59.0657484Z Unpacking libgl-dev:amd64 (1.7.0-1build1) ...
2026-09-26T10:41:59.0818282Z Selecting previously unselected package libegl-dev:amd64.
2026-09-26T10:41:59.0906025Z Preparing to unpack .../12-libegl-dev_1.7.0-1build1_amd64.deb ...
2026-09-26T10:41:59.0913023Z Unpacking libegl-dev:amd64 (1.7.0-1build1) ...
2026-09-26T10:41:59.1043656Z Selecting previously unselected package libglvnd-core-dev:amd64.
2026-09-26T10:41:59.1130764Z Preparing to unpack .../13-libglvnd-core-dev_1.7.0-1build1_amd64.deb ...
2026-09-26T10:41:59.1137012Z Unpacking libglvnd-core-dev:amd64 (1.7.0-1build1) ...
2026-09-26T10:41:59.1271313Z Selecting previously unselected package libgles1:amd64.
2026-09-26T10:41:59.1357362Z Preparing to unpack .../14-libgles1_1.7.0-1build1_amd64.deb ...
2026-09-26T10:41:59.1364335Z Unpacking libgles1:amd64 (1.7.0-1build1) ...
2026-09-26T10:41:59.1575424Z Selecting previously unselected package libgles2:amd64.
2026-09-26T10:41:59.1661728Z Preparing to unpack .../15-libgles2_1.7.0-1build1_amd64.deb ...
2026-09-26T10:41:59.1667936Z Unpacking libgles2:amd64 (1.7.0-1build1) ...
2026-09-26T10:41:59.1799547Z Selecting previously unselected package libgles-dev:amd64.
2026-09-26T10:41:59.1886009Z Preparing to unpack .../16-libgles-dev_1.7.0-1build1_amd64.deb ...
2026-09-26T10:41:59.1892402Z Unpacking libgles-dev:amd64 (1.7.0-1build1) ...
2026-09-26T10:41:59.2051119Z Selecting previously unselected package libopengl0:amd64.
2026-09-26T10:41:59.2137012Z Preparing to unpack .../17-libopengl0_1.7.0-1build1_amd64.deb ...
2026-09-26T10:41:59.2147347Z Unpacking libopengl0:amd64 (1.7.0-1build1) ...
2026-09-26T10:41:59.2277882Z Selecting previously unselected package libopengl-dev:amd64.
2026-09-26T10:41:59.2363882Z Preparing to unpack .../18-libopengl-dev_1.7.0-1build1_amd64.deb ...
2026-09-26T10:41:59.2370962Z Unpacking libopengl-dev:amd64 (1.7.0-1build1) ...
2026-09-26T10:41:59.2663262Z Selecting previously unselected package libglvnd-dev:amd64.
2026-09-26T10:41:59.2750519Z Preparing to unpack .../19-libglvnd-dev_1.7.0-1build1_amd64.deb ...
2026-09-26T10:41:59.2757413Z Unpacking libglvnd-dev:amd64 (1.7.0-1build1) ...
2026-09-26T10:41:59.2883678Z Selecting previously unselected package libegl1-mesa-dev:amd64.
2026-09-26T10:41:59.2971357Z Preparing to unpack .../20-libegl1-mesa-dev_25.2.8-0ubuntu0.24.04.2_amd64.deb ...
2026-09-26T10:41:59.2978138Z Unpacking libegl1-mesa-dev:amd64 (25.2.8-0ubuntu0.24.04.2) ...
2026-09-26T10:41:59.3115861Z Selecting previously unselected package libwayland-server0:amd64.
2026-09-26T10:41:59.3203518Z Preparing to unpack .../21-libwayland-server0_1.22.0-2.1build1_amd64.deb ...
2026-09-26T10:41:59.3209556Z Unpacking libwayland-server0:amd64 (1.22.0-2.1build1) ...
2026-09-26T10:41:59.3339854Z Selecting previously unselected package libx11-xcb-dev:amd64.
2026-09-26T10:41:59.3427175Z Preparing to unpack .../22-libx11-xcb-dev_2%3a1.8.7-1build1_amd64.deb ...
2026-09-26T10:41:59.3470294Z Unpacking libx11-xcb-dev:amd64 (2:1.8.7-1build1) ...
2026-09-26T10:41:59.3601693Z Selecting previously unselected package libxkbcommon-dev:amd64.
2026-09-26T10:41:59.3688541Z Preparing to unpack .../23-libxkbcommon-dev_1.6.0-1build1_amd64.deb ...
2026-09-26T10:41:59.3694540Z Unpacking libxkbcommon-dev:amd64 (1.6.0-1build1) ...
2026-09-26T10:41:59.3833275Z Selecting previously unselected package libwayland-bin.
2026-09-26T10:41:59.3920397Z Preparing to unpack .../24-libwayland-bin_1.22.0-2.1build1_amd64.deb ...
2026-09-26T10:41:59.3926656Z Unpacking libwayland-bin (1.22.0-2.1build1) ...
2026-09-26T10:41:59.4057344Z Selecting previously unselected package libwayland-dev:amd64.
2026-09-26T10:41:59.4144330Z Preparing to unpack .../25-libwayland-dev_1.22.0-2.1build1_amd64.deb ...
2026-09-26T10:41:59.4151260Z Unpacking libwayland-dev:amd64 (1.22.0-2.1build1) ...
2026-09-26T10:41:59.4725807Z Setting up libwayland-server0:amd64 (1.22.0-2.1build1) ...
2026-09-26T10:41:59.4747824Z Setting up libglvnd-core-dev:amd64 (1.7.0-1build1) ...
2026-09-26T10:41:59.4765838Z Setting up libxkbcommon-dev:amd64 (1.6.0-1build1) ...
2026-09-26T10:41:59.4782698Z Setting up libpthread-stubs0-dev:amd64 (0.4-1build3) ...
2026-09-26T10:41:59.4799693Z Setting up libopengl0:amd64 (1.7.0-1build1) ...
2026-09-26T10:41:59.4816421Z Setting up xtrans-dev (1.4.0-1) ...
2026-09-26T10:41:59.4833905Z Setting up libwayland-bin (1.22.0-2.1build1) ...
2026-09-26T10:41:59.4851844Z Setting up libegl-mesa0:amd64 (25.2.8-0ubuntu0.24.04.2) ...
2026-09-26T10:41:59.4871163Z Setting up libgles2:amd64 (1.7.0-1build1) ...
2026-09-26T10:41:59.4888382Z Setting up libgles1:amd64 (1.7.0-1build1) ...
2026-09-26T10:41:59.4905205Z Setting up libegl1:amd64 (1.7.0-1build1) ...
2026-09-26T10:41:59.4923024Z Setting up xorg-sgml-doctools (1:1.11-1.1) ...
2026-09-26T10:41:59.4940222Z Setting up libopengl-dev:amd64 (1.7.0-1build1) ...
2026-09-26T10:41:59.4957948Z Setting up libwayland-dev:amd64 (1.22.0-2.1build1) ...
2026-09-26T10:41:59.5039796Z Processing triggers for sgml-base (1.31) ...
2026-09-26T10:41:59.5494579Z Setting up x11proto-dev (2023.2-1) ...
2026-09-26T10:41:59.5515967Z Setting up libxau-dev:amd64 (1:1.0.9-1build6) ...
2026-09-26T10:41:59.5537562Z Processing triggers for libc-bin (2.39-0ubuntu8.9) ...
2026-09-26T10:41:59.7758629Z Processing triggers for man-db (2.12.0-4build2) ...
2026-09-26T10:41:59.7777932Z Not building database; man-db/auto-update is not 'true'.
2026-09-26T10:41:59.7789150Z Setting up libxdmcp-dev:amd64 (1:1.1.3-0ubuntu6) ...
2026-09-26T10:41:59.7825680Z Setting up libxcb1-dev:amd64 (1.15-1ubuntu2) ...
2026-09-26T10:41:59.7849651Z Setting up libx11-dev:amd64 (2:1.8.7-1build1) ...
2026-09-26T10:41:59.7874080Z Setting up libglx-dev:amd64 (1.7.0-1build1) ...
2026-09-26T10:41:59.7898433Z Setting up libgl-dev:amd64 (1.7.0-1build1) ...
2026-09-26T10:41:59.7920807Z Setting up libx11-xcb-dev:amd64 (2:1.8.7-1build1) ...
2026-09-26T10:41:59.7940581Z Setting up libegl-dev:amd64 (1.7.0-1build1) ...
2026-09-26T10:41:59.7964498Z Setting up libgles-dev:amd64 (1.7.0-1build1) ...
2026-09-26T10:41:59.7995966Z Setting up libglvnd-dev:amd64 (1.7.0-1build1) ...
2026-09-26T10:41:59.8018510Z Setting up libegl1-mesa-dev:amd64 (25.2.8-0ubuntu0.24.04.2) ...
2026-09-26T10:42:00.2900518Z 
2026-09-26T10:42:00.2901390Z Running kernel seems to be up-to-date.
2026-09-26T10:42:00.2901845Z 
2026-09-26T10:42:00.2901994Z No services need to be restarted.
2026-09-26T10:42:00.2902238Z 
2026-09-26T10:42:00.2902501Z No containers need to be restarted.
2026-09-26T10:42:00.2902705Z 
2026-09-26T10:42:00.2902895Z No user sessions are running outdated binaries.
2026-09-26T10:42:00.2903124Z 
2026-09-26T10:42:00.2903560Z No VM guests are running outdated hypervisor (qemu) binaries on this host.
2026-09-26T10:42:00.9798681Z ##[group]Run cargo fetch --locked --manifest-path crates/studio-native/Cargo.toml
2026-09-26T10:42:00.9799220Z [36;1mcargo fetch --locked --manifest-path crates/studio-native/Cargo.toml[0m
2026-09-26T10:42:00.9834141Z shell: /usr/bin/bash -e {0}
2026-09-26T10:42:00.9834468Z ##[endgroup]
2026-09-26T10:42:01.0245080Z     Updating crates.io index
2026-09-26T10:42:01.8623756Z  Downloading crates ...
2026-09-26T10:42:02.1479598Z   Downloaded wasm-bindgen-macro v0.2.128
2026-09-26T10:42:02.1551368Z   Downloaded wasm-bindgen-shared v0.2.128
2026-09-26T10:42:02.1790803Z   Downloaded foldhash v0.1.5
2026-09-26T10:42:02.1841901Z   Downloaded windows-result v0.2.0
2026-09-26T10:42:02.1861250Z   Downloaded futures-core v0.3.34
2026-09-26T10:42:02.1885724Z   Downloaded cfg-if v1.0.5
2026-09-26T10:42:02.1907490Z   Downloaded windows-interface v0.58.0
2026-09-26T10:42:02.1932066Z   Downloaded wgpu-core-deps-windows-linux-android v27.0.0
2026-09-26T10:42:02.1951968Z   Downloaded gpu-descriptor-types v0.2.0
2026-09-26T10:42:02.1967738Z   Downloaded gpu-descriptor v0.3.2
2026-09-26T10:42:02.1983941Z   Downloaded malloc_buf v0.0.6
2026-09-26T10:42:02.2000148Z   Downloaded futures-task v0.3.34
2026-09-26T10:42:02.2021369Z   Downloaded pkg-config v0.3.34
2026-09-26T10:42:02.2042244Z   Downloaded libloading v0.8.9
2026-09-26T10:42:02.2069053Z   Downloaded adler2 v2.0.1
2026-09-26T10:42:02.2089984Z   Downloaded as-raw-xcb-connection v1.0.1
2026-09-26T10:42:02.2108966Z   Downloaded core-graphics-types v0.2.0
2026-09-26T10:42:02.2126935Z   Downloaded winapi-util v0.1.11
2026-09-26T10:42:02.2149750Z   Downloaded weezl v0.1.12
2026-09-26T10:42:02.2179633Z   Downloaded foreign-types-macros v0.2.4
2026-09-26T10:42:02.2198748Z   Downloaded pin-project-lite v0.2.17
2026-09-26T10:42:02.2239164Z   Downloaded xkbcommon-dl v0.4.2
2026-09-26T10:42:02.2256724Z   Downloaded quick-error v2.0.1
2026-09-26T10:42:02.2281882Z   Downloaded wayland-csd-frame v0.3.0
2026-09-26T10:42:02.2298746Z   Downloaded simd-adler32 v0.3.10
2026-09-26T10:42:02.2319052Z   Downloaded bit-vec v0.8.0
2026-09-26T10:42:02.2338708Z   Downloaded wayland-sys v0.31.11
2026-09-26T10:42:02.2360290Z   Downloaded paste v1.0.15
2026-09-26T10:42:02.2394338Z   Downloaded itoa v1.0.18
2026-09-26T10:42:02.2418774Z   Downloaded xcursor v0.3.11
2026-09-26T10:42:02.2435685Z   Downloaded wasm-bindgen v0.2.128
2026-09-26T10:42:02.2475926Z   Downloaded plain v0.2.3
2026-09-26T10:42:02.2498702Z   Downloaded objc2-user-notifications v0.2.2
2026-09-26T10:42:02.2521644Z   Downloaded bitflags v1.3.2
2026-09-26T10:42:02.2550014Z   Downloaded byteorder-lite v0.1.0
2026-09-26T10:42:02.2583998Z   Downloaded objc2-link-presentation v0.2.2
2026-09-26T10:42:02.2604134Z   Downloaded crossbeam-utils v0.8.23
2026-09-26T10:42:02.2654063Z   Downloaded atomic-waker v1.1.2
2026-09-26T10:42:02.2682181Z   Downloaded rustc_version v0.4.1
2026-09-26T10:42:02.2698988Z   Downloaded find-msvc-tools v0.1.12
2026-09-26T10:42:02.2750347Z   Downloaded same-file v1.0.6
2026-09-26T10:42:02.2788814Z   Downloaded owned_ttf_parser v0.25.1
2026-09-26T10:42:02.2842189Z   Downloaded type-map v0.5.1
2026-09-26T10:42:02.2910668Z   Downloaded egui_glow v0.33.3
2026-09-26T10:42:02.2997220Z   Downloaded stable_deref_trait v1.2.1
2026-09-26T10:42:02.3042444Z   Downloaded zvariant_derive v5.15.0
2026-09-26T10:42:02.3111066Z   Downloaded endi v1.1.1
2026-09-26T10:42:02.3166568Z   Downloaded sha1_smol v1.0.1
2026-09-26T10:42:02.3211427Z   Downloaded futures-io v0.3.34
2026-09-26T10:42:02.3279258Z   Downloaded async-recursion v1.1.1
2026-09-26T10:42:02.3326010Z   Downloaded utf8parse v0.2.2
2026-09-26T10:42:02.3348276Z   Downloaded is_terminal_polyfill v1.70.2
2026-09-26T10:42:02.3376694Z   Downloaded anstream v1.0.0
2026-09-26T10:42:02.3420735Z   Downloaded colorchoice v1.0.5
2026-09-26T10:42:02.3452810Z   Downloaded async-broadcast v0.7.2
2026-09-26T10:42:02.3484053Z   Downloaded heck v0.5.0
2026-09-26T10:42:02.3503490Z   Downloaded atspi v0.25.0
2026-09-26T10:42:02.3529229Z   Downloaded atspi-connection v0.9.0
2026-09-26T10:42:02.3545486Z   Downloaded fallible-streaming-iterator v0.1.9
2026-09-26T10:42:02.3568947Z   Downloaded fallible-iterator v0.3.0
2026-09-26T10:42:02.3585664Z   Downloaded arbitrary v1.4.2
2026-09-26T10:42:02.3616150Z   Downloaded zopfli v0.8.3
2026-09-26T10:42:02.3640267Z   Downloaded anstyle-query v1.1.5
2026-09-26T10:42:02.3655474Z   Downloaded windows-sys v0.61.2
2026-09-26T10:42:02.4066094Z   Downloaded pxfm v0.1.30
2026-09-26T10:42:02.4218616Z   Downloaded iana-time-zone-haiku v0.1.2
2026-09-26T10:42:02.4226664Z   Downloaded smithay-client-toolkit v0.20.0
2026-09-26T10:42:02.4269560Z   Downloaded windows-result v0.4.1
2026-09-26T10:42:02.4279126Z   Downloaded windows-core v0.62.2
2026-09-26T10:42:02.4295846Z   Downloaded iana-time-zone v0.1.65
2026-09-26T10:42:02.4316695Z   Downloaded windows-strings v0.5.1
2026-09-26T10:42:02.4326500Z   Downloaded orbclient v0.3.55
2026-09-26T10:42:02.4486236Z   Downloaded icu_normalizer_data v2.3.0
2026-09-26T10:42:02.4501140Z   Downloaded metal v0.32.0
2026-09-26T10:42:02.4662696Z   Downloaded crypto-common v0.1.7
2026-09-26T10:42:02.4669716Z   Downloaded digest v0.10.7
2026-09-26T10:42:02.4680362Z   Downloaded sha2 v0.10.9
2026-09-26T10:42:02.4706800Z   Downloaded anstyle-parse v1.0.0
2026-09-26T10:42:02.4718355Z   Downloaded anstyle-wincon v3.0.11
2026-09-26T10:42:02.4727468Z   Downloaded epaint_default_fonts v0.33.3
2026-09-26T10:42:02.4805559Z   Downloaded num-integer v0.1.47
2026-09-26T10:42:02.4829909Z   Downloaded uuid v1.26.1
2026-09-26T10:42:02.4849007Z   Downloaded once_cell_polyfill v1.70.2
2026-09-26T10:42:02.4866298Z   Downloaded linux-raw-sys v0.4.15
2026-09-26T10:42:02.5167402Z   Downloaded hashlink v0.10.0
2026-09-26T10:42:02.5178114Z   Downloaded derive_arbitrary v1.4.2
2026-09-26T10:42:02.5185464Z   Downloaded cpufeatures v0.2.17
2026-09-26T10:42:02.5193360Z   Downloaded block-buffer v0.10.4
2026-09-26T10:42:02.5200107Z   Downloaded windows-sys v0.52.0
2026-09-26T10:42:02.5604042Z   Downloaded generic-array v0.14.7
2026-09-26T10:42:02.5612813Z   Downloaded icu_normalizer v2.3.0
2026-09-26T10:42:02.5681815Z   Downloaded icu_properties_data v2.3.0
2026-09-26T10:42:02.5737223Z   Downloaded linux-raw-sys v0.12.1
2026-09-26T10:42:02.6150756Z   Downloaded clap_builder v4.6.7
2026-09-26T10:42:02.6187678Z   Downloaded zip v2.4.2
2026-09-26T10:42:02.6212690Z   Downloaded typenum v1.20.1
2026-09-26T10:42:02.6234261Z   Downloaded num-bigint v0.4.8
2026-09-26T10:42:02.6260395Z   Downloaded rusqlite v0.37.0
2026-09-26T10:42:02.6298694Z   Downloaded objc2-app-kit v0.3.2
2026-09-26T10:42:02.6447276Z   Downloaded zbus-lockstep-macros v0.5.2
2026-09-26T10:42:02.6452814Z   Downloaded zbus v5.19.0
2026-09-26T10:42:02.6500251Z   Downloaded icu_collections v2.3.0
2026-09-26T10:42:02.6531467Z   Downloaded khronos_api v3.1.0
2026-09-26T10:42:02.6644020Z   Downloaded async-io v2.6.0
2026-09-26T10:42:02.6660900Z   Downloaded winit v0.30.13
2026-09-26T10:42:02.6776426Z   Downloaded clap_derive v4.6.7
2026-09-26T10:42:02.6789209Z   Downloaded accesskit_macos v0.22.2
2026-09-26T10:42:02.6797956Z   Downloaded accesskit_atspi_common v0.14.2
2026-09-26T10:42:02.6807338Z   Downloaded zbus-lockstep v0.5.2
2026-09-26T10:42:02.6813595Z   Downloaded zbus_xml v5.2.1
2026-09-26T10:42:02.6828137Z   Downloaded atspi-proxies v0.9.0
2026-09-26T10:42:02.6851084Z   Downloaded async-executor v1.14.0
2026-09-26T10:42:02.6864461Z   Downloaded async-lock v3.4.2
2026-09-26T10:42:02.6877755Z   Downloaded zvariant v5.15.0
2026-09-26T10:42:02.6914210Z   Downloaded zerotrie v0.2.5
2026-09-26T10:42:02.6936138Z   Downloaded calloop v0.14.4
2026-09-26T10:42:02.6960401Z   Downloaded egui v0.33.3
2026-09-26T10:42:02.7029312Z   Downloaded x11rb-protocol v0.13.2
2026-09-26T10:42:02.7112240Z   Downloaded ash v0.38.0+1.3.281
2026-09-26T10:42:02.7200988Z   Downloaded async-channel v2.5.0
2026-09-26T10:42:02.7210170Z   Downloaded async-task v4.7.1
2026-09-26T10:42:02.7223545Z   Downloaded objc2 v0.6.4
2026-09-26T10:42:02.7278364Z   Downloaded objc2-foundation v0.3.2
2026-09-26T10:42:02.7379692Z   Downloaded tracing v0.1.44
2026-09-26T10:42:02.7471410Z   Downloaded clap_lex v1.1.1
2026-09-26T10:42:02.7478743Z   Downloaded idna v1.1.0
2026-09-26T10:42:02.7502819Z   Downloaded url v2.5.8
2026-09-26T10:42:02.7519625Z   Downloaded objc2-core-foundation v0.3.2
2026-09-26T10:42:02.7559830Z   Downloaded ttf-parser v0.25.1
2026-09-26T10:42:02.7608918Z   Downloaded rustix v1.1.4
2026-09-26T10:42:02.7736509Z   Downloaded vcpkg v0.2.15
2026-09-26T10:42:02.7943518Z   Downloaded anstyle v1.0.14
2026-09-26T10:42:02.7954195Z   Downloaded parking v2.2.1
2026-09-26T10:42:02.7959004Z   Downloaded futures-lite v2.6.1
2026-09-26T10:42:02.7969808Z   Downloaded hex v0.4.3
2026-09-26T10:42:02.7978241Z   Downloaded ordered-stream v0.2.0
2026-09-26T10:42:02.7984983Z   Downloaded serde_repr v0.1.21
2026-09-26T10:42:02.7994785Z   Downloaded fastrand v2.5.0
2026-09-26T10:42:02.8002982Z   Downloaded objc2-core-graphics v0.3.2
2026-09-26T10:42:02.8030524Z   Downloaded glutin v0.32.3
2026-09-26T10:42:02.8053318Z   Downloaded eframe v0.33.3
2026-09-26T10:42:02.8083077Z   Downloaded rustix v0.38.44
2026-09-26T10:42:02.8205539Z   Downloaded wgpu-core v27.0.3
2026-09-26T10:42:02.8259344Z   Downloaded libc v0.2.189
2026-09-26T10:42:02.8463408Z   Downloaded windows_i686_gnu v0.52.6
2026-09-26T10:42:02.8595606Z   Downloaded atspi-common v0.9.0
2026-09-26T10:42:02.8621602Z   Downloaded windows_i686_msvc v0.52.6
2026-09-26T10:42:02.8720343Z   Downloaded windows_x86_64_gnu v0.52.6
2026-09-26T10:42:02.8848715Z   Downloaded strsim v0.11.1
2026-09-26T10:42:02.8856168Z   Downloaded signal-hook-registry v1.4.8
2026-09-26T10:42:02.8863297Z   Downloaded async-signal v0.2.14
2026-09-26T10:42:02.8871230Z   Downloaded async-process v2.5.0
2026-09-26T10:42:02.8882356Z   Downloaded async-trait v0.1.92
2026-09-26T10:42:02.8899841Z   Downloaded icu_locale_core v2.3.0
2026-09-26T10:42:02.8932986Z   Downloaded zerovec v0.11.8
2026-09-26T10:42:02.8970170Z   Downloaded icu_properties v2.3.0
2026-09-26T10:42:02.8990581Z   Downloaded image v0.25.10
2026-09-26T10:42:02.9046371Z   Downloaded naga v27.0.3
2026-09-26T10:42:02.9166853Z   Downloaded windows_aarch64_msvc v0.52.6
2026-09-26T10:42:02.9259011Z   Downloaded windows_x86_64_msvc v0.52.6
2026-09-26T10:42:02.9363712Z   Downloaded event-listener-strategy v0.5.4
2026-09-26T10:42:02.9371098Z   Downloaded piper v0.2.5
2026-09-26T10:42:02.9380036Z   Downloaded blocking v1.7.0
2026-09-26T10:42:02.9387307Z   Downloaded event-listener v5.4.2
2026-09-26T10:42:02.9397758Z   Downloaded zbus_names v4.3.4
2026-09-26T10:42:02.9406488Z   Downloaded quick-xml v0.41.0
2026-09-26T10:42:02.9445766Z   Downloaded web-sys v0.3.105
2026-09-26T10:42:02.9929398Z   Downloaded tempfile v3.27.0
2026-09-26T10:42:02.9942118Z   Downloaded uds_windows v1.2.1
2026-09-26T10:42:02.9953203Z   Downloaded zbus_macros v5.19.0
2026-09-26T10:42:02.9963022Z   Downloaded accesskit_consumer v0.31.0
2026-09-26T10:42:02.9972109Z   Downloaded windows-future v0.2.1
2026-09-26T10:42:02.9979968Z   Downloaded clap v4.6.7
2026-09-26T10:42:03.0022970Z   Downloaded accesskit_windows v0.29.2
2026-09-26T10:42:03.0035587Z   Downloaded accesskit_winit v0.29.2
2026-09-26T10:42:03.0046381Z   Downloaded error-code v3.4.0
2026-09-26T10:42:03.0052365Z   Downloaded clipboard-win v5.4.1
2026-09-26T10:42:03.0063254Z   Downloaded wasip2 v1.0.4+wasi-0.2.12
2026-09-26T10:42:03.0088163Z   Downloaded simd_cesu8 v1.2.0
2026-09-26T10:42:03.0116309Z   Downloaded jni v0.22.4
2026-09-26T10:42:03.0157833Z   Downloaded objc2 v0.5.2
2026-09-26T10:42:03.0206725Z   Downloaded x11rb v0.13.2
2026-09-26T10:42:03.0254455Z   Downloaded moxcms v0.8.1
2026-09-26T10:42:03.0304042Z   Downloaded zlib-rs v0.6.8
2026-09-26T10:42:03.0335711Z   Downloaded glow v0.16.0
2026-09-26T10:42:03.0364865Z   Downloaded enumflags2 v0.7.12
2026-09-26T10:42:03.0372218Z   Downloaded zvariant_utils v4.2.0
2026-09-26T10:42:03.0382396Z   Downloaded accesskit_unix v0.17.2
2026-09-26T10:42:03.0392448Z   Downloaded windows-collections v0.2.0
2026-09-26T10:42:03.0399267Z   Downloaded windows-threading v0.1.0
2026-09-26T10:42:03.0404865Z   Downloaded windows-numerics v0.2.0
2026-09-26T10:42:03.0411107Z   Downloaded windows-implement v0.60.2
2026-09-26T10:42:03.0417314Z   Downloaded windows-interface v0.59.3
2026-09-26T10:42:03.0424859Z   Downloaded windows-result v0.3.4
2026-09-26T10:42:03.0431835Z   Downloaded windows-link v0.1.3
2026-09-26T10:42:03.0436472Z   Downloaded windows-strings v0.4.2
2026-09-26T10:42:03.0444098Z   Downloaded windows-core v0.61.2
2026-09-26T10:42:03.0458454Z   Downloaded arboard v3.6.1
2026-09-26T10:42:03.0473321Z   Downloaded smithay-clipboard v0.7.3
2026-09-26T10:42:03.0481765Z   Downloaded epaint v0.33.3
2026-09-26T10:42:03.0509502Z   Downloaded wit-bindgen v0.57.1
2026-09-26T10:42:03.0528484Z   Downloaded combine v4.6.8
2026-09-26T10:42:03.0549813Z   Downloaded android-activity v0.6.1
2026-09-26T10:42:03.0604751Z   Downloaded objc2-app-kit v0.2.2
2026-09-26T10:42:03.0720780Z   Downloaded smithay-client-toolkit v0.19.2
2026-09-26T10:42:03.0754351Z   Downloaded wayland-protocols v0.32.13
2026-09-26T10:42:03.0794330Z   Downloaded serde_json v1.0.151
2026-09-26T10:42:03.0831846Z   Downloaded windows_aarch64_gnullvm v0.52.6
2026-09-26T10:42:03.0891741Z   Downloaded windows_i686_gnullvm v0.52.6
2026-09-26T10:42:03.0957487Z   Downloaded windows_x86_64_gnullvm v0.52.6
2026-09-26T10:42:03.1016576Z   Downloaded enumflags2_derive v0.7.12
2026-09-26T10:42:03.1021828Z   Downloaded zcheapstr v1.1.0
2026-09-26T10:42:03.1030464Z   Downloaded wayland-protocols-experimental v20250721.0.1
2026-09-26T10:42:03.1039751Z   Downloaded form_urlencoded v1.2.2
2026-09-26T10:42:03.1044465Z   Downloaded litemap v0.8.3
2026-09-26T10:42:03.1057589Z   Downloaded tinystr v0.8.4
2026-09-26T10:42:03.1068656Z   Downloaded yoke v0.8.3
2026-09-26T10:42:03.1079022Z   Downloaded dispatch2 v0.3.1
2026-09-26T10:42:03.1093423Z   Downloaded objc2-ui-kit v0.2.2
2026-09-26T10:42:03.1231641Z   Downloaded cc v1.4.6
2026-09-26T10:42:03.1250659Z   Downloaded png v0.18.1
2026-09-26T10:42:03.1274785Z   Downloaded ndk-sys v0.6.0+11769913
2026-09-26T10:42:03.1323989Z   Downloaded wgpu-hal v27.0.4
2026-09-26T10:42:03.1387135Z   Downloaded calloop-wayland-source v0.4.1
2026-09-26T10:42:03.1396707Z   Downloaded wayland-protocols-misc v0.3.12
2026-09-26T10:42:03.1405101Z   Downloaded potential_utf v0.1.6
2026-09-26T10:42:03.1411431Z   Downloaded writeable v0.6.4
2026-09-26T10:42:03.1422834Z   Downloaded icu_provider v2.3.1
2026-09-26T10:42:03.1438194Z   Downloaded displaydoc v0.2.7
2026-09-26T10:42:03.1448538Z   Downloaded zerofrom-derive v0.1.8
2026-09-26T10:42:03.1454510Z   Downloaded egui-winit v0.33.3
2026-09-26T10:42:03.1467671Z   Downloaded emath v0.33.3
2026-09-26T10:42:03.1481788Z   Downloaded bytes v1.12.1
2026-09-26T10:42:03.1501266Z   Downloaded jni-macros v0.22.4
2026-09-26T10:42:03.1513234Z   Downloaded winnow v1.0.4
2026-09-26T10:42:03.1562414Z   Downloaded ndk v0.9.0
2026-09-26T10:42:03.1580564Z   Downloaded objc2-foundation v0.2.2
2026-09-26T10:42:03.1661994Z   Downloaded calloop v0.13.0
2026-09-26T10:42:03.1680471Z   Downloaded unicode-segmentation v1.13.3
2026-09-26T10:42:03.1699658Z   Downloaded wayland-backend v0.3.17
2026-09-26T10:42:03.1720682Z   Downloaded xkeysym v0.2.1
2026-09-26T10:42:03.1738348Z   Downloaded zune-jpeg v0.5.15
2026-09-26T10:42:03.1757877Z   Downloaded tiff v0.11.3
2026-09-26T10:42:03.1781470Z   Downloaded memchr v2.8.3
2026-09-26T10:42:03.1808876Z   Downloaded unicode-width v0.2.2
2026-09-26T10:42:03.1849562Z   Downloaded zerocopy v0.8.58
2026-09-26T10:42:03.1971997Z   Downloaded syn v2.0.119
2026-09-26T10:42:03.2031664Z   Downloaded yoke-derive v0.8.3
2026-09-26T10:42:03.2039385Z   Downloaded synstructure v0.14.0
2026-09-26T10:42:03.2046072Z   Downloaded zerofrom v0.1.8
2026-09-26T10:42:03.2051573Z   Downloaded zerovec-derive v0.11.6
2026-09-26T10:42:03.2061438Z   Downloaded idna_adapter v1.2.2
2026-09-26T10:42:03.2067317Z   Downloaded utf8_iter v1.0.4
2026-09-26T10:42:03.2072786Z   Downloaded webbrowser v1.2.4
2026-09-26T10:42:03.2091801Z   Downloaded memoffset v0.9.1
2026-09-26T10:42:03.2098517Z   Downloaded ab_glyph v0.2.32
2026-09-26T10:42:03.2107957Z   Downloaded ecolor v0.33.3
2026-09-26T10:42:03.2116955Z   Downloaded semver v1.0.28
2026-09-26T10:42:03.2129078Z   Downloaded toml_edit v0.25.15+spec-1.1.0
2026-09-26T10:42:03.2149716Z   Downloaded polling v3.11.0
2026-09-26T10:42:03.2166394Z   Downloaded wayland-client v0.31.15
2026-09-26T10:42:03.2179488Z   Downloaded windows v0.58.0
2026-09-26T10:42:03.3822822Z   Downloaded wayland-protocols-plasma v0.3.12
2026-09-26T10:42:03.3845264Z   Downloaded egui-wgpu v0.33.3
2026-09-26T10:42:03.3857729Z   Downloaded miniz_oxide v0.8.9
2026-09-26T10:42:03.3873220Z   Downloaded miniz_oxide v0.9.1
2026-09-26T10:42:03.3888262Z   Downloaded flate2 v1.1.10
2026-09-26T10:42:03.3912359Z   Downloaded slotmap v1.1.1
2026-09-26T10:42:03.3925465Z   Downloaded xml-rs v0.8.29
2026-09-26T10:42:03.3940576Z   Downloaded syn v3.0.5
2026-09-26T10:42:03.3999890Z   Downloaded cgl v0.3.2
2026-09-26T10:42:03.4005255Z   Downloaded glutin_egl_sys v0.7.1
2026-09-26T10:42:03.4009923Z   Downloaded glutin_glx_sys v0.6.1
2026-09-26T10:42:03.4014397Z   Downloaded objc2-io-surface v0.3.2
2026-09-26T10:42:03.4022827Z   Downloaded glutin-winit v0.5.0
2026-09-26T10:42:03.4028764Z   Downloaded pollster v0.4.0
2026-09-26T10:42:03.4035168Z   Downloaded accesskit v0.21.1
2026-09-26T10:42:03.4043383Z   Downloaded ab_glyph_rasterizer v0.1.10
2026-09-26T10:42:03.4049338Z   Downloaded nohash-hasher v0.2.0
2026-09-26T10:42:03.4054176Z   Downloaded rustc-hash v2.1.3
2026-09-26T10:42:03.4060928Z   Downloaded r-efi v5.3.0
2026-09-26T10:42:03.4084186Z   Downloaded getrandom v0.3.4
2026-09-26T10:42:03.4101661Z   Downloaded objc2-metal v0.2.2
2026-09-26T10:42:03.4130232Z   Downloaded objc2-encode v4.1.0
2026-09-26T10:42:03.4137586Z   Downloaded tracing-core v0.1.36
2026-09-26T10:42:03.4153122Z   Downloaded r-efi v6.0.0
2026-09-26T10:42:03.4176170Z   Downloaded getrandom v0.4.3
2026-09-26T10:42:03.4195254Z   Downloaded litrs v1.0.0
2026-09-26T10:42:03.4209978Z   Downloaded hashbrown v0.15.5
2026-09-26T10:42:03.4238999Z   Downloaded hashbrown v0.17.1
2026-09-26T10:42:03.4269401Z   Downloaded libm v0.2.16
2026-09-26T10:42:03.4319391Z   Downloaded portable-atomic v1.15.0
2026-09-26T10:42:03.4361043Z   Downloaded futures-util v0.3.34
2026-09-26T10:42:03.4420442Z   Downloaded num_enum v0.7.6
2026-09-26T10:42:03.4444379Z   Downloaded memmap2 v0.9.11
2026-09-26T10:42:03.4454351Z   Downloaded shlex v2.0.1
2026-09-26T10:42:03.4461538Z   Downloaded chrono v0.4.45
2026-09-26T10:42:03.4501840Z   Downloaded wayland-scanner v0.31.11
2026-09-26T10:42:03.4513427Z   Downloaded x11-dl v2.21.0
2026-09-26T10:42:03.4529991Z   Downloaded crc32fast v1.5.2
2026-09-26T10:42:03.4541316Z   Downloaded wgpu v27.0.1
2026-09-26T10:42:03.4606249Z   Downloaded ahash v0.8.12
2026-09-26T10:42:03.4619496Z   Downloaded android-properties v0.2.2
2026-09-26T10:42:03.4629326Z   Downloaded objc2-quartz-core v0.2.2
2026-09-26T10:42:03.4643089Z   Downloaded dispatch v0.2.0
2026-09-26T10:42:03.4649142Z   Downloaded objc-sys v0.3.5
2026-09-26T10:42:03.4659129Z   Downloaded thiserror v1.0.69
2026-09-26T10:42:03.4682110Z   Downloaded zerocopy-derive v0.8.58
2026-09-26T10:42:03.4737680Z   Downloaded hashbrown v0.16.1
2026-09-26T10:42:03.4767039Z   Downloaded js-sys v0.3.105
2026-09-26T10:42:03.4786816Z   Downloaded ndk-context v0.1.1
2026-09-26T10:42:03.4790705Z   Downloaded pin-project-internal v1.1.13
2026-09-26T10:42:03.4799972Z   Downloaded tracing-attributes v0.1.31
2026-09-26T10:42:03.4813774Z   Downloaded gethostname v1.1.0
2026-09-26T10:42:03.4819572Z   Downloaded indexmap v2.14.2
2026-09-26T10:42:03.4842819Z   Downloaded jobserver v0.1.35
2026-09-26T10:42:03.4852818Z   Downloaded downcast-rs v1.2.1
2026-09-26T10:42:03.4859700Z   Downloaded web-time v1.1.0
2026-09-26T10:42:03.4869244Z   Downloaded simdutf8 v0.1.5
2026-09-26T10:42:03.4880676Z   Downloaded walkdir v2.5.0
2026-09-26T10:42:03.4889877Z   Downloaded core-foundation v0.9.4
2026-09-26T10:42:03.4900947Z   Downloaded core-graphics v0.23.2
2026-09-26T10:42:03.4911531Z   Downloaded toml_datetime v1.1.1+spec-1.1.0
2026-09-26T10:42:03.4919319Z   Downloaded toml_parser v1.1.3+spec-1.1.0
2026-09-26T10:42:03.4932102Z   Downloaded num_enum_derive v0.7.6
2026-09-26T10:42:03.4939569Z   Downloaded objc2-cloud-kit v0.2.2
2026-09-26T10:42:03.4958647Z   Downloaded objc2-core-data v0.2.2
2026-09-26T10:42:03.4979030Z   Downloaded objc2-core-image v0.2.2
2026-09-26T10:42:03.4991545Z   Downloaded objc2-contacts v0.2.2
2026-09-26T10:42:03.5005176Z   Downloaded block2 v0.5.1
2026-09-26T10:42:03.5015264Z   Downloaded pin-project v1.1.13
2026-09-26T10:42:03.5067538Z   Downloaded zmij v1.0.23
2026-09-26T10:42:03.5079645Z   Downloaded gl_generator v0.14.0
2026-09-26T10:42:03.5088390Z   Downloaded gpu-alloc v0.6.2
2026-09-26T10:42:03.5095700Z   Downloaded presser v0.3.1
2026-09-26T10:42:03.5103865Z   Downloaded thiserror-impl v1.0.69
2026-09-26T10:42:03.5111324Z   Downloaded serde v1.0.229
2026-09-26T10:42:03.5130458Z   Downloaded bumpalo v3.20.3
2026-09-26T10:42:03.5147084Z   Downloaded core-graphics-types v0.1.3
2026-09-26T10:42:03.5151660Z   Downloaded dpi v0.1.2
2026-09-26T10:42:03.5157840Z   Downloaded proc-macro-crate v3.5.0
2026-09-26T10:42:03.5164515Z   Downloaded objc2-uniform-type-identifiers v0.2.2
2026-09-26T10:42:03.5170584Z   Downloaded percent-encoding v2.3.2
2026-09-26T10:42:03.5175240Z   Downloaded wayland-protocols-wlr v0.3.12
2026-09-26T10:42:03.5186010Z   Downloaded zune-core v0.5.3
2026-09-26T10:42:03.5197143Z   Downloaded static_assertions v1.1.0
2026-09-26T10:42:03.5204046Z   Downloaded scoped-tls v1.0.1
2026-09-26T10:42:03.5208669Z   Downloaded dlib v0.5.3
2026-09-26T10:42:03.5213576Z   Downloaded proc-macro2 v1.0.107
2026-09-26T10:42:03.5229557Z   Downloaded wasm-bindgen-macro-support v0.2.128
2026-09-26T10:42:03.5246499Z   Downloaded wgpu-types v27.0.1
2026-09-26T10:42:03.5262791Z   Downloaded objc2-symbols v0.2.2
2026-09-26T10:42:03.5268001Z   Downloaded objc2-core-location v0.2.2
2026-09-26T10:42:03.5279763Z   Downloaded redox_syscall v0.9.4
2026-09-26T10:42:03.5289762Z   Downloaded fdeflate v0.3.7
2026-09-26T10:42:03.5298171Z   Downloaded serde_core v1.0.229
2026-09-26T10:42:03.5312859Z   Downloaded serde_derive v1.0.229
2026-09-26T10:42:03.5328969Z   Downloaded codespan-reporting v0.12.0
2026-09-26T10:42:03.5360874Z   Downloaded num-traits v0.2.19
2026-09-26T10:42:03.5374558Z   Downloaded portable-atomic-util v0.2.8
2026-09-26T10:42:03.5386396Z   Downloaded bytemuck v1.25.2
2026-09-26T10:42:03.5402557Z   Downloaded fax v0.2.7
2026-09-26T10:42:03.5412578Z   Downloaded redox_syscall v0.4.1
2026-09-26T10:42:03.5423496Z   Downloaded libsqlite3-sys v0.35.0
2026-09-26T10:42:03.5931147Z   Downloaded smol_str v0.2.2
2026-09-26T10:42:03.5937671Z   Downloaded document-features v0.2.12
2026-09-26T10:42:03.5944047Z   Downloaded glutin_wgl_sys v0.6.1
2026-09-26T10:42:03.5947878Z   Downloaded windows v0.61.3
2026-09-26T10:42:03.9770365Z   Downloaded half v2.7.1
2026-09-26T10:42:03.9786181Z   Downloaded libredox v0.1.25
2026-09-26T10:42:03.9790147Z   Downloaded calloop-wayland-source v0.3.0
2026-09-26T10:42:03.9796041Z   Downloaded gpu-alloc-types v0.3.1
2026-09-26T10:42:03.9799832Z   Downloaded core-foundation-sys v0.8.7
2026-09-26T10:42:03.9813571Z   Downloaded objc v0.2.7
2026-09-26T10:42:03.9823454Z   Downloaded lock_api v0.4.14
2026-09-26T10:42:03.9830528Z   Downloaded log v0.4.34
2026-09-26T10:42:03.9843678Z   Downloaded concurrent-queue v2.5.0
2026-09-26T10:42:03.9852334Z   Downloaded hermit-abi v0.5.3
2026-09-26T10:42:03.9857515Z   Downloaded cursor-icon v1.2.0
2026-09-26T10:42:03.9863231Z   Downloaded errno v0.3.14
2026-09-26T10:42:03.9870235Z   Downloaded arrayvec v0.7.8
2026-09-26T10:42:03.9880387Z   Downloaded termcolor v1.4.1
2026-09-26T10:42:03.9886523Z   Downloaded foldhash v0.2.0
2026-09-26T10:42:03.9892788Z   Downloaded autocfg v1.5.1
2026-09-26T10:42:03.9900896Z   Downloaded ordered-float v5.5.0
2026-09-26T10:42:03.9910369Z   Downloaded redox_syscall v0.5.18
2026-09-26T10:42:03.9922032Z   Downloaded parking_lot_core v0.9.12
2026-09-26T10:42:03.9932229Z   Downloaded smallvec v1.16.1
2026-09-26T10:42:03.9939774Z   Downloaded wayland-cursor v0.31.14
2026-09-26T10:42:03.9944155Z   Downloaded wasm-bindgen-futures v0.4.78
2026-09-26T10:42:03.9948527Z   Downloaded wgpu-core-deps-apple v27.0.0
2026-09-26T10:42:03.9953177Z   Downloaded wgpu-core-deps-emscripten v27.0.0
2026-09-26T10:42:03.9957370Z   Downloaded android_system_properties v0.1.6
2026-09-26T10:42:03.9961500Z   Downloaded version_check v0.9.5
2026-09-26T10:42:03.9967246Z   Downloaded bitflags v2.13.2
2026-09-26T10:42:03.9987187Z   Downloaded quote v1.0.47
2026-09-26T10:42:03.9999548Z   Downloaded parking_lot v0.12.5
2026-09-26T10:42:04.0011802Z   Downloaded windows-core v0.58.0
2026-09-26T10:42:04.0025839Z   Downloaded bytemuck_derive v1.12.1
2026-09-26T10:42:04.0032795Z   Downloaded once_cell v1.21.4
2026-09-26T10:42:04.0044821Z   Downloaded spirv v0.3.0+sdk-1.3.268.0
2026-09-26T10:42:04.0051051Z   Downloaded raw-window-handle v0.6.2
2026-09-26T10:42:04.0059223Z   Downloaded thiserror v2.0.20
2026-09-26T10:42:04.0085056Z   Downloaded block v0.1.6
2026-09-26T10:42:04.0088072Z   Downloaded slab v0.4.12
2026-09-26T10:42:04.0094294Z   Downloaded rustversion v1.0.23
2026-09-26T10:42:04.0106086Z   Downloaded foreign-types-shared v0.3.1
2026-09-26T10:42:04.0109190Z   Downloaded foreign-types v0.5.0
2026-09-26T10:42:04.0113249Z   Downloaded cfg_aliases v0.2.2
2026-09-26T10:42:04.0117536Z   Downloaded hexf-parse v0.2.1
2026-09-26T10:42:04.0120387Z   Downloaded jni-sys-macros v0.4.1
2026-09-26T10:42:04.0123267Z   Downloaded jni-sys v0.3.1
2026-09-26T10:42:04.0128254Z   Downloaded windows-link v0.2.1
2026-09-26T10:42:04.0131819Z   Downloaded thiserror-impl v2.0.20
2026-09-26T10:42:04.0138658Z   Downloaded gpu-allocator v0.27.0
2026-09-26T10:42:04.0152975Z   Downloaded jni-sys v0.4.1
2026-09-26T10:42:04.0157919Z   Downloaded equivalent v1.0.2
2026-09-26T10:42:04.0162322Z   Downloaded renderdoc-sys v1.1.0
2026-09-26T10:42:04.0166763Z   Downloaded windows-targets v0.52.6
2026-09-26T10:42:04.0171132Z   Downloaded rustc-hash v1.1.0
2026-09-26T10:42:04.0175428Z   Downloaded crunchy v0.2.4
2026-09-26T10:42:04.0178959Z   Downloaded windows-implement v0.58.0
2026-09-26T10:42:04.0182966Z   Downloaded windows-strings v0.1.0
2026-09-26T10:42:04.0189853Z   Downloaded core-foundation v0.10.1
2026-09-26T10:42:04.0200693Z   Downloaded khronos-egl v6.0.0
2026-09-26T10:42:04.0210148Z   Downloaded bit-set v0.8.0
2026-09-26T10:42:04.0216381Z   Downloaded scopeguard v1.2.0
2026-09-26T10:42:04.0221888Z   Downloaded profiling v1.0.18
2026-09-26T10:42:04.0227648Z   Downloaded range-alloc v0.1.5
2026-09-26T10:42:04.0232351Z   Downloaded futures-macro v0.3.34
2026-09-26T10:42:04.0237433Z   Downloaded unicode-ident v1.0.24
2026-09-26T10:42:04.1292618Z ##[group]Run cargo fmt --manifest-path crates/studio-native/Cargo.toml -- --check
2026-09-26T10:42:04.1293145Z [36;1mcargo fmt --manifest-path crates/studio-native/Cargo.toml -- --check[0m
2026-09-26T10:42:04.1328368Z shell: /usr/bin/bash -e {0}
2026-09-26T10:42:04.1328769Z ##[endgroup]
2026-09-26T10:42:04.4963757Z ##[group]Run cargo clippy --locked --offline --manifest-path crates/studio-native/Cargo.toml --target-dir target --all-targets -- -D warnings
2026-09-26T10:42:04.4964614Z [36;1mcargo clippy --locked --offline --manifest-path crates/studio-native/Cargo.toml --target-dir target --all-targets -- -D warnings[0m
2026-09-26T10:42:04.4999870Z shell: /usr/bin/bash -e {0}
2026-09-26T10:42:04.5000266Z ##[endgroup]
2026-09-26T10:42:04.7462426Z    Compiling proc-macro2 v1.0.107
2026-09-26T10:42:04.7462910Z    Compiling quote v1.0.47
2026-09-26T10:42:04.7463465Z    Compiling unicode-ident v1.0.24
2026-09-26T10:42:04.7463894Z     Checking cfg-if v1.0.5
2026-09-26T10:42:04.7809711Z     Checking bitflags v2.13.2
2026-09-26T10:42:04.8075790Z    Compiling libc v0.2.189
2026-09-26T10:42:04.8671570Z     Checking log v0.4.34
2026-09-26T10:42:04.8933106Z    Compiling autocfg v1.5.1
2026-09-26T10:42:04.9548453Z     Checking once_cell v1.21.4
2026-09-26T10:42:05.0676189Z    Compiling serde_core v1.0.229
2026-09-26T10:42:05.1556343Z    Compiling rustix v1.1.4
2026-09-26T10:42:05.4787282Z    Compiling syn v3.0.5
2026-09-26T10:42:05.4865871Z    Compiling syn v2.0.119
2026-09-26T10:42:05.8377038Z     Checking linux-raw-sys v0.12.1
2026-09-26T10:42:06.6576053Z    Compiling serde v1.0.229
2026-09-26T10:42:06.8066083Z    Compiling libm v0.2.16
2026-09-26T10:42:06.9422586Z     Checking smallvec v1.16.1
2026-09-26T10:42:07.0527060Z    Compiling num-traits v0.2.19
2026-09-26T10:42:07.7966174Z    Compiling version_check v0.9.5
2026-09-26T10:42:08.4026096Z    Compiling pkg-config v0.3.34
2026-09-26T10:42:08.7946092Z    Compiling getrandom v0.4.3
2026-09-26T10:42:08.8895944Z    Compiling thiserror v2.0.20
2026-09-26T10:42:09.0876460Z     Checking libloading v0.8.9
2026-09-26T10:42:09.1516422Z     Checking pin-project-lite v0.2.17
2026-09-26T10:42:09.2446442Z    Compiling shlex v2.0.1
2026-09-26T10:42:09.3396005Z     Checking sha1_smol v1.0.1
2026-09-26T10:42:09.3545996Z    Compiling find-msvc-tools v0.1.12
2026-09-26T10:42:09.4140507Z     Checking uuid v1.26.1
2026-09-26T10:42:09.4925930Z    Compiling cc v1.4.6
2026-09-26T10:42:09.6836095Z    Compiling winnow v1.0.4
2026-09-26T10:42:09.8076340Z    Compiling serde_derive v1.0.229
2026-09-26T10:42:10.6248645Z    Compiling thiserror-impl v2.0.20
2026-09-26T10:42:10.6327564Z    Compiling displaydoc v0.2.7
2026-09-26T10:42:11.0736045Z    Compiling equivalent v1.0.2
2026-09-26T10:42:11.1450489Z    Compiling hashbrown v0.17.1
2026-09-26T10:42:11.3826145Z     Checking slab v0.4.12
2026-09-26T10:42:11.4717484Z     Checking simd-adler32 v0.3.10
2026-09-26T10:42:11.5456016Z    Compiling toml_parser v1.1.3+spec-1.1.0
2026-09-26T10:42:11.5756884Z    Compiling generic-array v0.14.7
2026-09-26T10:42:11.6078583Z    Compiling indexmap v2.14.2
2026-09-26T10:42:11.6496269Z    Compiling toml_datetime v1.1.1+spec-1.1.0
2026-09-26T10:42:11.7787764Z    Compiling crc32fast v1.5.2
2026-09-26T10:42:11.9190754Z     Checking polling v3.11.0
2026-09-26T10:42:11.9985960Z    Compiling enumflags2_derive v0.7.12
2026-09-26T10:42:12.0471577Z     Checking typenum v1.20.1
2026-09-26T10:42:12.1302866Z    Compiling toml_edit v0.25.15+spec-1.1.0
2026-09-26T10:42:12.5262959Z     Checking adler2 v2.0.1
2026-09-26T10:42:12.7356074Z    Compiling zvariant_utils v4.2.0
2026-09-26T10:42:12.9435480Z    Compiling proc-macro-crate v3.5.0
2026-09-26T10:42:13.0520765Z     Checking dlib v0.5.3
2026-09-26T10:42:13.0840868Z    Compiling wayland-sys v0.31.11
2026-09-26T10:42:13.1646020Z     Checking parking v2.2.1
2026-09-26T10:42:13.2084042Z     Checking miniz_oxide v0.9.1
2026-09-26T10:42:13.2985923Z    Compiling wayland-backend v0.3.17
2026-09-26T10:42:13.3301466Z    Compiling zmij v1.0.23
2026-09-26T10:42:13.3856728Z    Compiling cfg_aliases v0.2.2
2026-09-26T10:42:13.4098408Z     Checking futures-core v0.3.34
2026-09-26T10:42:13.4457429Z     Checking fastrand v2.5.0
2026-09-26T10:42:13.5006110Z     Checking flate2 v1.1.10
2026-09-26T10:42:13.5420304Z    Compiling zvariant_derive v5.15.0
2026-09-26T10:42:13.5519387Z     Checking crypto-common v0.1.7
2026-09-26T10:42:13.5583352Z     Checking block-buffer v0.10.4
2026-09-26T10:42:13.5985663Z    Compiling synstructure v0.14.0
2026-09-26T10:42:13.6105614Z     Checking memchr v2.8.3
2026-09-26T10:42:13.7169569Z    Compiling serde_json v1.0.151
2026-09-26T10:42:13.7384636Z     Checking downcast-rs v1.2.1
2026-09-26T10:42:13.7645822Z     Checking scoped-tls v1.0.1
2026-09-26T10:42:13.7934085Z    Compiling crossbeam-utils v0.8.23
2026-09-26T10:42:13.9245868Z     Checking digest v0.10.7
2026-09-26T10:42:14.0446173Z     Checking num-integer v0.1.47
2026-09-26T10:42:14.1855952Z    Compiling quick-xml v0.41.0
2026-09-26T10:42:14.1885833Z     Checking cpufeatures v0.2.17
2026-09-26T10:42:14.2136781Z     Checking itoa v1.0.18
2026-09-26T10:42:14.2895794Z    Compiling wayland-client v0.31.15
2026-09-26T10:42:14.3546222Z     Checking sha2 v0.10.9
2026-09-26T10:42:14.4105708Z     Checking num-bigint v0.4.8
2026-09-26T10:42:14.5115985Z    Compiling zerofrom-derive v0.1.8
2026-09-26T10:42:14.9816305Z    Compiling wayland-scanner v0.31.11
2026-09-26T10:42:15.1438904Z    Compiling bytemuck_derive v1.12.1
2026-09-26T10:42:15.2508088Z    Compiling tracing-attributes v0.1.31
2026-09-26T10:42:15.4395972Z     Checking tracing-core v0.1.36
2026-09-26T10:42:15.6437437Z     Checking futures-io v0.3.34
2026-09-26T10:42:15.6938969Z     Checking foldhash v0.1.5
2026-09-26T10:42:15.7625938Z     Checking hashbrown v0.15.5
2026-09-26T10:42:16.0229780Z     Checking bytemuck v1.25.2
2026-09-26T10:42:16.1258589Z     Checking tracing v0.1.44
2026-09-26T10:42:16.1386084Z     Checking zerofrom v0.1.8
2026-09-26T10:42:16.1884931Z     Checking agq-kernel v0.1.0 (/home/runner/work/agentique/agentique/crates/kernel)
2026-09-26T10:42:16.2486193Z     Checking concurrent-queue v2.5.0
2026-09-26T10:42:16.2675710Z    Compiling yoke-derive v0.8.3
2026-09-26T10:42:16.3409597Z     Checking event-listener v5.4.2
2026-09-26T10:42:16.4655991Z    Compiling zcheapstr v1.1.0
2026-09-26T10:42:16.5525916Z    Compiling enumflags2 v0.7.12
2026-09-26T10:42:16.6776033Z    Compiling zerocopy v0.8.58
2026-09-26T10:42:16.8798888Z    Compiling endi v1.1.1
2026-09-26T10:42:16.9640874Z     Checking stable_deref_trait v1.2.1
2026-09-26T10:42:16.9885896Z    Compiling zvariant v5.15.0
2026-09-26T10:42:17.0837069Z     Checking yoke v0.8.3
2026-09-26T10:42:17.0871537Z     Checking event-listener-strategy v0.5.4
2026-09-26T10:42:17.1758671Z     Checking futures-lite v2.6.1
2026-09-26T10:42:17.6951441Z    Compiling zerocopy-derive v0.8.58
2026-09-26T10:42:18.7237827Z     Checking bumpalo v3.20.3
2026-09-26T10:42:18.8468431Z    Compiling zip v2.4.2
2026-09-26T10:42:18.9248790Z     Checking zopfli v0.8.3
2026-09-26T10:42:18.9296287Z    Compiling zbus_names v4.3.4
2026-09-26T10:42:19.3206160Z    Compiling zerovec-derive v0.11.6
2026-09-26T10:42:19.3966114Z    Compiling async-io v2.6.0
2026-09-26T10:42:19.9376214Z     Checking agq-kerml v0.1.0 (/home/runner/work/agentique/agentique/crates/kerml)
2026-09-26T10:42:20.1126502Z     Checking zerovec v0.11.8
2026-09-26T10:42:20.4887208Z     Checking errno v0.3.14
2026-09-26T10:42:20.5406181Z    Compiling parking_lot_core v0.9.12
2026-09-26T10:42:20.6359611Z     Checking async-task v4.7.1
2026-09-26T10:42:20.7497194Z     Checking signal-hook-registry v1.4.8
2026-09-26T10:42:21.0422305Z     Checking async-channel v2.5.0
2026-09-26T10:42:21.1416105Z     Checking wayland-protocols v0.32.13
2026-09-26T10:42:21.2126018Z     Checking atomic-waker v1.1.2
2026-09-26T10:42:21.2426374Z    Compiling thiserror v1.0.69
2026-09-26T10:42:21.3826549Z     Checking scopeguard v1.2.0
2026-09-26T10:42:21.4125536Z     Checking lock_api v0.4.14
2026-09-26T10:42:21.5636814Z     Checking piper v0.2.5
2026-09-26T10:42:21.6245894Z     Checking async-signal v0.2.14
2026-09-26T10:42:21.7896352Z     Checking agq-standard-libraries v0.1.0 (/home/runner/work/agentique/agentique/crates/standard-libraries)
2026-09-26T10:42:22.0666259Z     Checking agq-sysml v0.1.0 (/home/runner/work/agentique/agentique/crates/sysml)
2026-09-26T10:42:22.0741465Z     Checking agq-kerml-semantics v0.1.0 (/home/runner/work/agentique/agentique/crates/kerml-semantics)
2026-09-26T10:42:22.1706400Z    Compiling zbus_xml v5.2.1
2026-09-26T10:42:22.9996013Z     Checking async-lock v3.4.2
2026-09-26T10:42:23.2993316Z    Compiling thiserror-impl v1.0.69
2026-09-26T10:42:24.1296063Z     Checking static_assertions v1.1.0
2026-09-26T10:42:24.1916058Z     Checking async-process v2.5.0
2026-09-26T10:42:24.3316500Z    Compiling zbus-lockstep v0.5.2
2026-09-26T10:42:24.4366049Z     Checking parking_lot v0.12.5
2026-09-26T10:42:24.5382709Z     Checking blocking v1.7.0
2026-09-26T10:42:24.6896046Z     Checking async-executor v1.14.0
2026-09-26T10:42:24.8015993Z     Checking tinystr v0.8.4
2026-09-26T10:42:24.8975915Z    Compiling zbus_macros v5.19.0
2026-09-26T10:42:25.0146354Z     Checking agq-kerml-syntax v0.1.0 (/home/runner/work/agentique/agentique/crates/kerml-syntax)
2026-09-26T10:42:25.0376424Z     Checking async-broadcast v0.7.2
2026-09-26T10:42:25.1516286Z     Checking ordered-stream v0.2.0
2026-09-26T10:42:25.3356868Z    Compiling async-trait v0.1.92
2026-09-26T10:42:25.4756258Z     Checking agq-sysml-semantics v0.1.0 (/home/runner/work/agentique/agentique/crates/sysml-semantics)
2026-09-26T10:42:25.9057320Z    Compiling serde_repr v0.1.21
2026-09-26T10:42:25.9478284Z    Compiling async-recursion v1.1.1
2026-09-26T10:42:25.9497662Z    Compiling rustix v0.38.44
2026-09-26T10:42:26.1236209Z     Checking litemap v0.8.3
2026-09-26T10:42:26.1475854Z     Checking writeable v0.6.4
2026-09-26T10:42:26.2345846Z     Checking hex v0.4.3
2026-09-26T10:42:26.2542425Z    Compiling getrandom v0.3.4
2026-09-26T10:42:26.2985787Z     Checking icu_locale_core v2.3.0
2026-09-26T10:42:26.4078711Z     Checking agq-kerml-text v0.1.0 (/home/runner/work/agentique/agentique/crates/kerml-text)
2026-09-26T10:42:26.4928808Z    Compiling zbus-lockstep-macros v0.5.2
2026-09-26T10:42:26.7729318Z     Checking potential_utf v0.1.6
2026-09-26T10:42:26.8176891Z     Checking zerotrie v0.2.5
2026-09-26T10:42:26.8311514Z    Compiling ahash v0.8.12
2026-09-26T10:42:26.9166278Z     Checking zbus v5.19.0
2026-09-26T10:42:26.9226994Z     Checking xcursor v0.3.11
2026-09-26T10:42:26.9709572Z    Compiling icu_properties_data v2.3.0
2026-09-26T10:42:26.9956939Z     Checking percent-encoding v2.3.2
2026-09-26T10:42:27.0387004Z     Checking cursor-icon v1.2.0
2026-09-26T10:42:27.0566255Z     Checking linux-raw-sys v0.4.15
2026-09-26T10:42:27.0752900Z    Compiling icu_normalizer_data v2.3.0
2026-09-26T10:42:27.1388486Z     Checking xkeysym v0.2.1
2026-09-26T10:42:27.3176161Z     Checking utf8_iter v1.0.4
2026-09-26T10:42:27.3753918Z     Checking profiling v1.0.18
2026-09-26T10:42:27.4006080Z     Checking raw-window-handle v0.6.2
2026-09-26T10:42:27.5006107Z     Checking icu_collections v2.3.0
2026-09-26T10:42:27.7152285Z     Checking wayland-csd-frame v0.3.0
2026-09-26T10:42:27.8436116Z     Checking wayland-cursor v0.31.14
2026-09-26T10:42:27.9122352Z     Checking icu_provider v2.3.1
2026-09-26T10:42:28.1251991Z     Checking wayland-protocols-wlr v0.3.12
2026-09-26T10:42:28.2556301Z    Compiling naga v27.0.3
2026-09-26T10:42:28.4036229Z     Checking memmap2 v0.9.11
2026-09-26T10:42:28.4926014Z    Compiling khronos-egl v6.0.0
2026-09-26T10:42:28.5606115Z    Compiling ash v0.38.0+1.3.281
2026-09-26T10:42:28.6245929Z     Checking foldhash v0.2.0
2026-09-26T10:42:28.6799638Z     Checking unicode-width v0.2.2
2026-09-26T10:42:28.8031719Z     Checking bit-vec v0.8.0
2026-09-26T10:42:28.8085988Z     Checking accesskit v0.21.1
2026-09-26T10:42:28.9054544Z     Checking bit-set v0.8.0
2026-09-26T10:42:28.9735857Z     Checking codespan-reporting v0.12.0
2026-09-26T10:42:29.0071539Z     Checking hashbrown v0.16.1
2026-09-26T10:42:29.1552042Z     Checking agq-modeling-workspace v0.1.0 (/home/runner/work/agentique/agentique/crates/modeling-workspace)
2026-09-26T10:42:29.4695205Z     Checking half v2.7.1
2026-09-26T10:42:29.4736293Z    Compiling wgpu-hal v27.0.4
2026-09-26T10:42:29.6338225Z     Checking gethostname v1.1.0
2026-09-26T10:42:29.6596034Z    Compiling x11-dl v2.21.0
2026-09-26T10:42:29.6815650Z     Checking gpu-alloc-types v0.3.1
2026-09-26T10:42:29.7535682Z     Checking gpu-descriptor-types v0.2.0
2026-09-26T10:42:29.7845615Z     Checking spirv v0.3.0+sdk-1.3.268.0
2026-09-26T10:42:29.8165934Z    Compiling smithay-client-toolkit v0.19.2
2026-09-26T10:42:29.8766128Z     Checking rustc-hash v1.1.0
2026-09-26T10:42:29.9090184Z     Checking as-raw-xcb-connection v1.0.1
2026-09-26T10:42:29.9355566Z     Checking x11rb-protocol v0.13.2
2026-09-26T10:42:29.9385712Z     Checking calloop v0.13.0
2026-09-26T10:42:30.1836125Z     Checking arrayvec v0.7.8
2026-09-26T10:42:30.2905906Z     Checking ttf-parser v0.25.1
2026-09-26T10:42:30.4306271Z     Checking hexf-parse v0.2.1
2026-09-26T10:42:30.5236051Z     Checking atspi-common v0.9.0
2026-09-26T10:42:31.5400996Z     Checking owned_ttf_parser v0.25.1
2026-09-26T10:42:31.5972879Z     Checking calloop-wayland-source v0.3.0
2026-09-26T10:42:31.6515961Z     Checking gpu-descriptor v0.3.2
2026-09-26T10:42:31.7465707Z     Checking gpu-alloc v0.6.2
2026-09-26T10:42:32.2638072Z     Checking icu_normalizer v2.3.0
2026-09-26T10:42:32.4750289Z     Checking icu_properties v2.3.0
2026-09-26T10:42:32.7125903Z     Checking atspi-proxies v0.9.0
2026-09-26T10:42:33.7792367Z     Checking wgpu-types v27.0.1
2026-09-26T10:42:34.9516526Z     Checking emath v0.33.3
2026-09-26T10:42:35.1506536Z    Compiling winit v0.30.13
2026-09-26T10:42:35.3396130Z     Checking ordered-float v5.5.0
2026-09-26T10:42:35.3935757Z     Checking glow v0.16.0
2026-09-26T10:42:35.4966007Z     Checking iana-time-zone v0.1.65
2026-09-26T10:42:35.5476037Z     Checking renderdoc-sys v1.1.0
2026-09-26T10:42:35.5896427Z    Compiling vcpkg v0.2.15
2026-09-26T10:42:36.0646139Z     Checking ab_glyph_rasterizer v0.1.10
2026-09-26T10:42:36.1215990Z     Checking utf8parse v0.2.2
2026-09-26T10:42:36.1535954Z     Checking anstyle-parse v1.0.0
2026-09-26T10:42:36.2239760Z     Checking ab_glyph v0.2.32
2026-09-26T10:42:36.2377887Z    Compiling libsqlite3-sys v0.35.0
2026-09-26T10:42:36.3577026Z     Checking chrono v0.4.45
2026-09-26T10:42:36.3846841Z     Checking x11rb v0.13.2
2026-09-26T10:42:36.4145825Z     Checking ecolor v0.33.3
2026-09-26T10:42:36.5524396Z     Checking atspi-connection v0.9.0
2026-09-26T10:42:36.6646264Z     Checking idna_adapter v1.2.2
2026-09-26T10:42:37.4784286Z     Checking accesskit_consumer v0.31.0
2026-09-26T10:42:37.6925896Z     Checking xkbcommon-dl v0.4.2
2026-09-26T10:42:37.7291571Z     Checking wayland-protocols-plasma v0.3.12
2026-09-26T10:42:37.8196029Z     Checking calloop v0.14.4
2026-09-26T10:42:38.1606351Z    Compiling wgpu-core v27.0.3
2026-09-26T10:42:38.3476412Z     Checking miniz_oxide v0.8.9
2026-09-26T10:42:38.6106225Z     Checking fdeflate v0.3.7
2026-09-26T10:42:38.7709073Z    Compiling futures-macro v0.3.34
2026-09-26T10:42:38.8115860Z     Checking is_terminal_polyfill v1.70.2
2026-09-26T10:42:38.8395588Z     Checking smol_str v0.2.2
2026-09-26T10:42:38.9141198Z     Checking pxfm v0.1.30
2026-09-26T10:42:39.2411686Z     Checking colorchoice v1.0.5
2026-09-26T10:42:39.2731939Z     Checking futures-task v0.3.34
2026-09-26T10:42:39.2785986Z     Checking anstyle v1.0.14
2026-09-26T10:42:39.3385856Z     Checking anstyle-query v1.1.5
2026-09-26T10:42:39.3642996Z    Compiling litrs v1.0.0
2026-09-26T10:42:39.3868560Z     Checking nohash-hasher v0.2.0
2026-09-26T10:42:39.4249803Z     Checking dpi v0.1.2
2026-09-26T10:42:39.5146075Z     Checking epaint_default_fonts v0.33.3
2026-09-26T10:42:39.5625949Z    Compiling smithay-client-toolkit v0.20.0
2026-09-26T10:42:39.6259310Z     Checking epaint v0.33.3
2026-09-26T10:42:39.7423152Z    Compiling document-features v0.2.12
2026-09-26T10:42:40.2355898Z     Checking anstream v1.0.0
2026-09-26T10:42:40.3586105Z     Checking futures-util v0.3.34
2026-09-26T10:42:40.5253672Z     Checking moxcms v0.8.1
2026-09-26T10:42:41.5866017Z     Checking png v0.18.1
2026-09-26T10:42:42.0249264Z     Checking calloop-wayland-source v0.4.1
2026-09-26T10:42:42.0786003Z     Checking accesskit_atspi_common v0.14.2
2026-09-26T10:42:42.1086829Z     Checking agq-modeling-repository v0.1.0 (/home/runner/work/agentique/agentique/crates/modeling-repository)
2026-09-26T10:42:42.3636094Z     Checking idna v1.1.0
2026-09-26T10:42:42.5136155Z     Checking atspi v0.25.0
2026-09-26T10:42:42.5402866Z     Checking form_urlencoded v1.2.2
2026-09-26T10:42:42.5940452Z     Checking wayland-protocols-experimental v20250721.0.1
2026-09-26T10:42:42.7291602Z     Checking wayland-protocols-misc v0.3.12
2026-09-26T10:42:42.8459766Z    Compiling wgpu v27.0.1
2026-09-26T10:42:42.9579852Z     Checking byteorder-lite v0.1.0
2026-09-26T10:42:43.0877781Z     Checking clap_lex v1.1.1
2026-09-26T10:42:43.1442094Z     Checking unicode-segmentation v1.13.3
2026-09-26T10:42:43.1538021Z    Compiling heck v0.5.0
2026-09-26T10:42:43.2822240Z     Checking strsim v0.11.1
2026-09-26T10:42:43.3352289Z     Checking egui v0.33.3
2026-09-26T10:42:43.3608262Z     Checking clap_builder v4.6.7
2026-09-26T10:42:43.9736202Z     Checking wgpu-core-deps-windows-linux-android v27.0.0
2026-09-26T10:42:44.3033852Z    Compiling clap_derive v4.6.7
2026-09-26T10:42:45.4321800Z     Checking image v0.25.10
2026-09-26T10:42:46.3086527Z     Checking url v2.5.8
2026-09-26T10:42:46.4106185Z     Checking accesskit_unix v0.17.2
2026-09-26T10:42:46.6067006Z     Checking agq-modeling-view v0.1.0 (/home/runner/work/agentique/agentique/crates/modeling-view)
2026-09-26T10:42:47.0966054Z     Checking hashlink v0.10.0
2026-09-26T10:42:47.2685834Z     Checking rustc-hash v2.1.3
2026-09-26T10:42:47.3096570Z     Checking web-time v1.1.0
2026-09-26T10:42:47.3265832Z     Checking fallible-streaming-iterator v0.1.9
2026-09-26T10:42:47.3325977Z     Checking fallible-iterator v0.3.0
2026-09-26T10:42:47.3903807Z     Checking type-map v0.5.1
2026-09-26T10:42:47.5287885Z     Checking webbrowser v1.2.4
2026-09-26T10:42:47.6496485Z     Checking arboard v3.6.1
2026-09-26T10:42:47.8288487Z     Checking smithay-clipboard v0.7.3
2026-09-26T10:42:47.8605999Z     Checking accesskit_winit v0.29.2
2026-09-26T10:42:47.9355980Z     Checking clap v4.6.7
2026-09-26T10:42:47.9498494Z     Checking agq-modeling-service v0.1.0 (/home/runner/work/agentique/agentique/crates/modeling-service)
2026-09-26T10:42:47.9596225Z     Checking tempfile v3.27.0
2026-09-26T10:42:48.0736294Z     Checking agq-runtime-publications v0.1.0 (/home/runner/work/agentique/agentique/crates/runtime-publications)
2026-09-26T10:42:48.3396033Z     Checking egui-winit v0.33.3
2026-09-26T10:42:48.5226066Z     Checking pollster v0.4.0
2026-09-26T10:42:48.5646555Z     Checking agq-studio-scene v0.1.0 (/home/runner/work/agentique/agentique/crates/studio-scene)
2026-09-26T10:42:48.5756648Z     Checking agq-modeling-agent v0.1.0 (/home/runner/work/agentique/agentique/crates/modeling-agent)
2026-09-26T10:42:48.7587732Z     Checking egui-wgpu v0.33.3
2026-09-26T10:42:49.0617535Z     Checking eframe v0.33.3
2026-09-26T10:42:58.8794276Z     Checking rusqlite v0.37.0
2026-09-26T10:42:59.2218000Z     Checking agq-modeling-sqlite v0.1.0 (/home/runner/work/agentique/agentique/adapters/modeling-sqlite)
2026-09-26T10:42:59.3873161Z     Checking agq-studio-platform v0.1.0 (/home/runner/work/agentique/agentique/crates/studio-platform)
2026-09-26T10:42:59.5969390Z     Checking agq-studio-native v0.1.0 (/home/runner/work/agentique/agentique/crates/studio-native)
2026-09-26T10:43:03.2393089Z     Finished `dev` profile [unoptimized + debuginfo] target(s) in 58.69s
2026-09-26T10:43:03.2653458Z ##[group]Run cargo test --locked --offline --manifest-path crates/studio-native/Cargo.toml --target-dir target
2026-09-26T10:43:03.2654268Z [36;1mcargo test --locked --offline --manifest-path crates/studio-native/Cargo.toml --target-dir target[0m
2026-09-26T10:43:03.2688848Z shell: /usr/bin/bash -e {0}
2026-09-26T10:43:03.2689148Z ##[endgroup]
2026-09-26T10:43:03.4966468Z    Compiling unicode-ident v1.0.24
2026-09-26T10:43:03.4967148Z    Compiling cfg-if v1.0.5
2026-09-26T10:43:03.4967896Z    Compiling bitflags v2.13.2
2026-09-26T10:43:03.4968446Z    Compiling log v0.4.34
2026-09-26T10:43:03.5279507Z    Compiling libc v0.2.189
2026-09-26T10:43:03.5569574Z    Compiling proc-macro2 v1.0.107
2026-09-26T10:43:03.6208347Z    Compiling once_cell v1.21.4
2026-09-26T10:43:03.6519416Z    Compiling equivalent v1.0.2
2026-09-26T10:43:03.6786363Z    Compiling hashbrown v0.17.1
2026-09-26T10:43:03.7445773Z    Compiling serde_core v1.0.229
2026-09-26T10:43:04.1518161Z    Compiling quote v1.0.47
2026-09-26T10:43:04.1565682Z    Compiling indexmap v2.14.2
2026-09-26T10:43:04.3375995Z    Compiling syn v3.0.5
2026-09-26T10:43:04.3648021Z    Compiling syn v2.0.119
2026-09-26T10:43:04.6903370Z    Compiling linux-raw-sys v0.12.1
2026-09-26T10:43:05.5142424Z    Compiling memchr v2.8.3
2026-09-26T10:43:05.8146109Z    Compiling rustix v1.1.4
2026-09-26T10:43:06.0942376Z    Compiling smallvec v1.16.1
2026-09-26T10:43:06.2226077Z    Compiling libm v0.2.16
2026-09-26T10:43:07.3135930Z    Compiling num-traits v0.2.19
2026-09-26T10:43:07.7847933Z    Compiling libloading v0.8.9
2026-09-26T10:43:07.9126157Z    Compiling pin-project-lite v0.2.17
2026-09-26T10:43:07.9463180Z    Compiling getrandom v0.4.3
2026-09-26T10:43:08.0415933Z    Compiling sha1_smol v1.0.1
2026-09-26T10:43:08.1005940Z    Compiling winnow v1.0.4
2026-09-26T10:43:08.1645891Z    Compiling uuid v1.26.1
2026-09-26T10:43:08.4866082Z    Compiling simd-adler32 v0.3.10
2026-09-26T10:43:08.5916362Z    Compiling serde_derive v1.0.229
2026-09-26T10:43:08.6235938Z    Compiling thiserror-impl v2.0.20
2026-09-26T10:43:09.1272024Z    Compiling displaydoc v0.2.7
2026-09-26T10:43:09.4995946Z    Compiling slab v0.4.12
2026-09-26T10:43:09.5342530Z    Compiling thiserror v2.0.20
2026-09-26T10:43:09.5759830Z    Compiling toml_parser v1.1.3+spec-1.1.0
2026-09-26T10:43:09.5777853Z    Compiling polling v3.11.0
2026-09-26T10:43:09.6019221Z    Compiling enumflags2_derive v0.7.12
2026-09-26T10:43:09.7566210Z    Compiling typenum v1.20.1
2026-09-26T10:43:09.9045964Z    Compiling toml_edit v0.25.15+spec-1.1.0
2026-09-26T10:43:10.0686002Z    Compiling adler2 v2.0.1
2026-09-26T10:43:10.1235298Z    Compiling crc32fast v1.5.2
2026-09-26T10:43:10.2426232Z    Compiling generic-array v0.14.7
2026-09-26T10:43:10.2515553Z    Compiling dlib v0.5.3
2026-09-26T10:43:10.2982451Z    Compiling parking v2.2.1
2026-09-26T10:43:10.3746242Z    Compiling miniz_oxide v0.9.1
2026-09-26T10:43:10.6686212Z    Compiling proc-macro-crate v3.5.0
2026-09-26T10:43:10.7616087Z    Compiling endi v1.1.1
2026-09-26T10:43:10.8406033Z    Compiling fastrand v2.5.0
2026-09-26T10:43:10.9070782Z    Compiling serde v1.0.229
2026-09-26T10:43:10.9726742Z    Compiling futures-core v0.3.34
2026-09-26T10:43:11.0396574Z    Compiling flate2 v1.1.10
2026-09-26T10:43:11.0414077Z    Compiling crypto-common v0.1.7
2026-09-26T10:43:11.0955566Z    Compiling block-buffer v0.10.4
2026-09-26T10:43:11.1517177Z    Compiling wayland-sys v0.31.11
2026-09-26T10:43:11.3373554Z    Compiling zvariant_utils v4.2.0
2026-09-26T10:43:11.3528224Z    Compiling synstructure v0.14.0
2026-09-26T10:43:11.3676055Z    Compiling downcast-rs v1.2.1
2026-09-26T10:43:11.3900349Z    Compiling scoped-tls v1.0.1
2026-09-26T10:43:11.3995955Z    Compiling digest v0.10.7
2026-09-26T10:43:11.4265661Z    Compiling wayland-backend v0.3.17
2026-09-26T10:43:11.5128164Z    Compiling zmij v1.0.23
2026-09-26T10:43:11.7286534Z    Compiling num-integer v0.1.47
2026-09-26T10:43:11.7806013Z    Compiling quick-xml v0.41.0
2026-09-26T10:43:11.9795971Z    Compiling itoa v1.0.18
2026-09-26T10:43:12.0846900Z    Compiling cpufeatures v0.2.17
2026-09-26T10:43:12.1112896Z    Compiling sha2 v0.10.9
2026-09-26T10:43:12.3986416Z    Compiling serde_json v1.0.151
2026-09-26T10:43:12.4065916Z    Compiling zvariant_derive v5.15.0
2026-09-26T10:43:12.5283115Z    Compiling wayland-scanner v0.31.11
2026-09-26T10:43:12.6015903Z    Compiling num-bigint v0.4.8
2026-09-26T10:43:12.6095985Z    Compiling zerofrom-derive v0.1.8
2026-09-26T10:43:13.4226252Z    Compiling crossbeam-utils v0.8.23
2026-09-26T10:43:13.4899995Z    Compiling bytemuck_derive v1.12.1
2026-09-26T10:43:13.6306014Z    Compiling tracing-attributes v0.1.31
2026-09-26T10:43:13.7126355Z    Compiling tracing-core v0.1.36
2026-09-26T10:43:13.8905570Z    Compiling foldhash v0.1.5
2026-09-26T10:43:13.9846137Z    Compiling futures-io v0.3.34
2026-09-26T10:43:14.0649453Z    Compiling hashbrown v0.15.5
2026-09-26T10:43:14.1666150Z    Compiling wayland-client v0.31.15
2026-09-26T10:43:14.3345944Z    Compiling bytemuck v1.25.2
2026-09-26T10:43:14.4954344Z    Compiling tracing v0.1.44
2026-09-26T10:43:14.4986944Z    Compiling concurrent-queue v2.5.0
2026-09-26T10:43:14.4987625Z    Compiling zerofrom v0.1.8
2026-09-26T10:43:14.5586815Z    Compiling agq-kernel v0.1.0 (/home/runner/work/agentique/agentique/crates/kernel)
2026-09-26T10:43:14.6135853Z    Compiling yoke-derive v0.8.3
2026-09-26T10:43:14.6695869Z    Compiling enumflags2 v0.7.12
2026-09-26T10:43:14.7746036Z    Compiling zcheapstr v1.1.0
2026-09-26T10:43:14.8743671Z    Compiling event-listener v5.4.2
2026-09-26T10:43:15.0356039Z    Compiling stable_deref_trait v1.2.1
2026-09-26T10:43:15.0582563Z    Compiling event-listener-strategy v0.5.4
2026-09-26T10:43:15.1205793Z    Compiling zvariant v5.15.0
2026-09-26T10:43:15.3706614Z    Compiling yoke v0.8.3
2026-09-26T10:43:15.4815806Z    Compiling futures-lite v2.6.1
2026-09-26T10:43:15.8376243Z    Compiling zerocopy-derive v0.8.58
2026-09-26T10:43:17.1516412Z    Compiling bumpalo v3.20.3
2026-09-26T10:43:17.3026274Z    Compiling zopfli v0.8.3
2026-09-26T10:43:17.3235663Z    Compiling zerocopy v0.8.58
2026-09-26T10:43:17.9526454Z    Compiling zbus_names v4.3.4
2026-09-26T10:43:19.7366776Z    Compiling zerovec-derive v0.11.6
2026-09-26T10:43:20.4972285Z    Compiling zerovec v0.11.8
2026-09-26T10:43:20.7616116Z    Compiling zip v2.4.2
2026-09-26T10:43:20.9506614Z    Compiling agq-kerml v0.1.0 (/home/runner/work/agentique/agentique/crates/kerml)
2026-09-26T10:43:21.8170664Z    Compiling errno v0.3.14
2026-09-26T10:43:21.8916701Z    Compiling async-task v4.7.1
2026-09-26T10:43:22.0098941Z    Compiling signal-hook-registry v1.4.8
2026-09-26T10:43:22.7330238Z    Compiling async-io v2.6.0
2026-09-26T10:43:22.7386132Z    Compiling wayland-protocols v0.32.13
2026-09-26T10:43:23.3935902Z    Compiling async-channel v2.5.0
2026-09-26T10:43:23.5093991Z    Compiling atomic-waker v1.1.2
2026-09-26T10:43:23.5579867Z    Compiling scopeguard v1.2.0
2026-09-26T10:43:23.5925214Z    Compiling lock_api v0.4.14
2026-09-26T10:43:23.7445981Z    Compiling piper v0.2.5
2026-09-26T10:43:23.8715990Z    Compiling agq-sysml v0.1.0 (/home/runner/work/agentique/agentique/crates/sysml)
2026-09-26T10:43:25.5586570Z    Compiling agq-kerml-semantics v0.1.0 (/home/runner/work/agentique/agentique/crates/kerml-semantics)
2026-09-26T10:43:27.0781314Z    Compiling async-signal v0.2.14
2026-09-26T10:43:27.2026623Z    Compiling parking_lot_core v0.9.12
2026-09-26T10:43:27.3556412Z    Compiling agq-standard-libraries v0.1.0 (/home/runner/work/agentique/agentique/crates/standard-libraries)
2026-09-26T10:43:29.1296580Z    Compiling zbus_xml v5.2.1
2026-09-26T10:43:29.3913813Z    Compiling async-lock v3.4.2
2026-09-26T10:43:29.8286282Z    Compiling thiserror-impl v1.0.69
2026-09-26T10:43:30.1676529Z    Compiling static_assertions v1.1.0
2026-09-26T10:43:30.1966128Z    Compiling async-process v2.5.0
2026-09-26T10:43:30.6756143Z    Compiling thiserror v1.0.69
2026-09-26T10:43:30.7136429Z    Compiling agq-sysml-semantics v0.1.0 (/home/runner/work/agentique/agentique/crates/sysml-semantics)
2026-09-26T10:43:30.8146684Z    Compiling zbus-lockstep v0.5.2
2026-09-26T10:43:30.9335953Z    Compiling parking_lot v0.12.5
2026-09-26T10:43:31.2636338Z    Compiling blocking v1.7.0
2026-09-26T10:43:32.5233987Z    Compiling async-executor v1.14.0
2026-09-26T10:43:32.7996488Z    Compiling tinystr v0.8.4
2026-09-26T10:43:32.8686080Z    Compiling zbus_macros v5.19.0
2026-09-26T10:43:32.9246039Z    Compiling agq-kerml-syntax v0.1.0 (/home/runner/work/agentique/agentique/crates/kerml-syntax)
2026-09-26T10:43:33.6422139Z    Compiling async-broadcast v0.7.2
2026-09-26T10:43:33.7796340Z    Compiling ordered-stream v0.2.0
2026-09-26T10:43:33.9940831Z    Compiling async-trait v0.1.92
2026-09-26T10:43:34.6146536Z    Compiling serde_repr v0.1.21
2026-09-26T10:43:34.8646218Z    Compiling async-recursion v1.1.1
2026-09-26T10:43:34.9356363Z    Compiling hex v0.4.3
2026-09-26T10:43:35.0996124Z    Compiling writeable v0.6.4
2026-09-26T10:43:35.1160979Z    Compiling litemap v0.8.3
2026-09-26T10:43:35.2245727Z    Compiling zbus v5.19.0
2026-09-26T10:43:35.2399273Z    Compiling icu_locale_core v2.3.0
2026-09-26T10:43:35.2585848Z    Compiling agq-kerml-text v0.1.0 (/home/runner/work/agentique/agentique/crates/kerml-text)
2026-09-26T10:43:36.3756094Z    Compiling zbus-lockstep-macros v0.5.2
2026-09-26T10:43:36.6786063Z    Compiling potential_utf v0.1.6
2026-09-26T10:43:36.7486021Z    Compiling zerotrie v0.2.5
2026-09-26T10:43:36.9426263Z    Compiling xcursor v0.3.11
2026-09-26T10:43:37.2416328Z    Compiling utf8_iter v1.0.4
2026-09-26T10:43:37.3115884Z    Compiling cursor-icon v1.2.0
2026-09-26T10:43:37.3696368Z    Compiling raw-window-handle v0.6.2
2026-09-26T10:43:37.5115830Z    Compiling xkeysym v0.2.1
2026-09-26T10:43:38.0764873Z    Compiling linux-raw-sys v0.4.15
2026-09-26T10:43:38.3656390Z    Compiling profiling v1.0.18
2026-09-26T10:43:38.3966037Z    Compiling percent-encoding v2.3.2
2026-09-26T10:43:38.4985792Z    Compiling rustix v0.38.44
2026-09-26T10:43:41.7826134Z    Compiling atspi-common v0.9.0
2026-09-26T10:43:44.3720316Z    Compiling wayland-csd-frame v0.3.0
2026-09-26T10:43:44.5412316Z    Compiling icu_collections v2.3.0
2026-09-26T10:43:44.9656014Z    Compiling wayland-cursor v0.31.14
2026-09-26T10:43:45.1572147Z    Compiling icu_provider v2.3.1
2026-09-26T10:43:45.3806003Z    Compiling getrandom v0.3.4
2026-09-26T10:43:45.4809383Z    Compiling wayland-protocols-wlr v0.3.12
2026-09-26T10:43:46.0406125Z    Compiling memmap2 v0.9.11
2026-09-26T10:43:46.1826163Z    Compiling foldhash v0.2.0
2026-09-26T10:43:46.2731946Z    Compiling bit-vec v0.8.0
2026-09-26T10:43:46.4225404Z    Compiling accesskit v0.21.1
2026-09-26T10:43:46.7626176Z    Compiling unicode-width v0.2.2
2026-09-26T10:43:46.7946470Z    Compiling bit-set v0.8.0
2026-09-26T10:43:46.8733766Z    Compiling hashbrown v0.16.1
2026-09-26T10:43:46.9116317Z    Compiling codespan-reporting v0.12.0
2026-09-26T10:43:47.3006779Z    Compiling ahash v0.8.12
2026-09-26T10:43:47.3277210Z    Compiling icu_normalizer_data v2.3.0
2026-09-26T10:43:47.3585837Z    Compiling icu_properties_data v2.3.0
2026-09-26T10:43:47.4371394Z    Compiling calloop v0.13.0
2026-09-26T10:43:47.4436782Z    Compiling agq-modeling-workspace v0.1.0 (/home/runner/work/agentique/agentique/crates/modeling-workspace)
2026-09-26T10:43:47.9658289Z    Compiling half v2.7.1
2026-09-26T10:43:48.0365988Z    Compiling gethostname v1.1.0
2026-09-26T10:43:48.0787607Z    Compiling gpu-descriptor-types v0.2.0
2026-09-26T10:43:48.2026080Z    Compiling spirv v0.3.0+sdk-1.3.268.0
2026-09-26T10:43:48.2674243Z    Compiling gpu-alloc-types v0.3.1
2026-09-26T10:43:48.4626156Z    Compiling as-raw-xcb-connection v1.0.1
2026-09-26T10:43:48.5021803Z    Compiling rustc-hash v1.1.0
2026-09-26T10:43:48.5436119Z    Compiling x11rb-protocol v0.13.2
2026-09-26T10:43:49.0086354Z    Compiling hexf-parse v0.2.1
2026-09-26T10:43:49.0816469Z    Compiling ttf-parser v0.25.1
2026-09-26T10:43:49.4776517Z    Compiling arrayvec v0.7.8
2026-09-26T10:43:49.6045940Z    Compiling naga v27.0.3
2026-09-26T10:43:51.3876157Z    Compiling owned_ttf_parser v0.25.1
2026-09-26T10:43:51.5126467Z    Compiling gpu-alloc v0.6.2
2026-09-26T10:43:51.8496553Z    Compiling gpu-descriptor v0.3.2
2026-09-26T10:43:51.9835929Z    Compiling calloop-wayland-source v0.3.0
2026-09-26T10:43:52.0456265Z    Compiling icu_properties v2.3.0
2026-09-26T10:43:53.0955948Z    Compiling icu_normalizer v2.3.0
2026-09-26T10:43:53.5826024Z    Compiling khronos-egl v6.0.0
2026-09-26T10:43:53.8626271Z    Compiling ash v0.38.0+1.3.281
2026-09-26T10:43:56.6023389Z    Compiling x11rb v0.13.2
2026-09-26T10:43:58.3114322Z    Compiling atspi-proxies v0.9.0
2026-09-26T10:43:59.6842281Z    Compiling wgpu-types v27.0.1
2026-09-26T10:44:01.3926281Z    Compiling emath v0.33.3
2026-09-26T10:44:01.7076664Z    Compiling ordered-float v5.5.0
2026-09-26T10:44:01.8946254Z    Compiling ab_glyph_rasterizer v0.1.10
2026-09-26T10:44:01.9965924Z    Compiling utf8parse v0.2.2
2026-09-26T10:44:02.0318912Z    Compiling renderdoc-sys v1.1.0
2026-09-26T10:44:02.0936153Z    Compiling iana-time-zone v0.1.65
2026-09-26T10:44:02.2676166Z    Compiling glow v0.16.0
2026-09-26T10:44:02.3388761Z    Compiling chrono v0.4.45
2026-09-26T10:44:03.6946956Z    Compiling wgpu-hal v27.0.4
2026-09-26T10:44:03.8076076Z    Compiling anstyle-parse v1.0.0
2026-09-26T10:44:03.9065831Z    Compiling ab_glyph v0.2.32
2026-09-26T10:44:04.1576238Z    Compiling ecolor v0.33.3
2026-09-26T10:44:04.3106413Z    Compiling atspi-connection v0.9.0
2026-09-26T10:44:04.3775795Z    Compiling idna_adapter v1.2.2
2026-09-26T10:44:04.4305895Z    Compiling smithay-client-toolkit v0.19.2
2026-09-26T10:44:04.7236208Z    Compiling x11-dl v2.21.0
2026-09-26T10:44:05.1816232Z    Compiling accesskit_consumer v0.31.0
2026-09-26T10:44:05.6295885Z    Compiling xkbcommon-dl v0.4.2
2026-09-26T10:44:05.8675844Z    Compiling wayland-protocols-plasma v0.3.12
2026-09-26T10:44:06.0526188Z    Compiling calloop v0.14.4
2026-09-26T10:44:06.7016057Z    Compiling miniz_oxide v0.8.9
2026-09-26T10:44:07.2856433Z    Compiling futures-macro v0.3.34
2026-09-26T10:44:07.6395997Z    Compiling fdeflate v0.3.7
2026-09-26T10:44:07.7986227Z    Compiling pxfm v0.1.30
2026-09-26T10:44:07.9716394Z    Compiling colorchoice v1.0.5
2026-09-26T10:44:08.0164108Z    Compiling epaint_default_fonts v0.33.3
2026-09-26T10:44:08.0851066Z    Compiling dpi v0.1.2
2026-09-26T10:44:08.1956083Z    Compiling futures-task v0.3.34
2026-09-26T10:44:08.2886595Z    Compiling anstyle-query v1.1.5
2026-09-26T10:44:08.3336193Z    Compiling is_terminal_polyfill v1.70.2
2026-09-26T10:44:08.3676946Z    Compiling smol_str v0.2.2
2026-09-26T10:44:08.5135899Z    Compiling nohash-hasher v0.2.0
2026-09-26T10:44:08.5576304Z    Compiling anstyle v1.0.14
2026-09-26T10:44:08.6836104Z    Compiling anstream v1.0.0
2026-09-26T10:44:08.8232658Z    Compiling epaint v0.33.3
2026-09-26T10:44:08.8935837Z    Compiling winit v0.30.13
2026-09-26T10:44:09.9565890Z    Compiling moxcms v0.8.1
2026-09-26T10:44:10.9922715Z    Compiling futures-util v0.3.34
2026-09-26T10:44:11.0048664Z    Compiling png v0.18.1
2026-09-26T10:44:12.0976137Z    Compiling calloop-wayland-source v0.4.1
2026-09-26T10:44:12.1566122Z    Compiling wgpu-core-deps-windows-linux-android v27.0.0
2026-09-26T10:44:12.1835859Z    Compiling accesskit_atspi_common v0.14.2
2026-09-26T10:44:12.4925982Z    Compiling atspi v0.25.0
2026-09-26T10:44:12.5285919Z    Compiling idna v1.1.0
2026-09-26T10:44:13.0176175Z    Compiling agq-modeling-repository v0.1.0 (/home/runner/work/agentique/agentique/crates/modeling-repository)
2026-09-26T10:44:13.2086011Z    Compiling form_urlencoded v1.2.2
2026-09-26T10:44:13.3086434Z    Compiling wayland-protocols-experimental v20250721.0.1
2026-09-26T10:44:13.8006637Z    Compiling wayland-protocols-misc v0.3.12
2026-09-26T10:44:14.0275920Z    Compiling clap_lex v1.1.1
2026-09-26T10:44:14.1696025Z    Compiling strsim v0.11.1
2026-09-26T10:44:14.3286087Z    Compiling unicode-segmentation v1.13.3
2026-09-26T10:44:14.4586302Z    Compiling byteorder-lite v0.1.0
2026-09-26T10:44:14.6306492Z    Compiling image v0.25.10
2026-09-26T10:44:14.6462866Z    Compiling egui v0.33.3
2026-09-26T10:44:14.9456428Z    Compiling clap_derive v4.6.7
2026-09-26T10:44:16.2635969Z    Compiling clap_builder v4.6.7
2026-09-26T10:44:17.4936369Z    Compiling smithay-client-toolkit v0.20.0
2026-09-26T10:44:18.8905874Z    Compiling url v2.5.8
2026-09-26T10:44:18.9586080Z    Compiling libsqlite3-sys v0.35.0
2026-09-26T10:44:19.1075973Z    Compiling accesskit_unix v0.17.2
2026-09-26T10:44:19.6095799Z    Compiling wgpu-core v27.0.3
2026-09-26T10:44:19.7346475Z    Compiling agq-modeling-view v0.1.0 (/home/runner/work/agentique/agentique/crates/modeling-view)
2026-09-26T10:44:22.3926256Z    Compiling hashlink v0.10.0
2026-09-26T10:44:22.6046137Z    Compiling rustc-hash v2.1.3
2026-09-26T10:44:22.6536910Z    Compiling web-time v1.1.0
2026-09-26T10:44:22.6855986Z    Compiling fallible-streaming-iterator v0.1.9
2026-09-26T10:44:22.7576022Z    Compiling fallible-iterator v0.3.0
2026-09-26T10:44:22.9105813Z    Compiling type-map v0.5.1
2026-09-26T10:44:23.0096027Z    Compiling rusqlite v0.37.0
2026-09-26T10:44:23.0616464Z    Compiling accesskit_winit v0.29.2
2026-09-26T10:44:23.2566134Z    Compiling webbrowser v1.2.4
2026-09-26T10:44:23.4766108Z    Compiling smithay-clipboard v0.7.3
2026-09-26T10:44:23.7766434Z    Compiling clap v4.6.7
2026-09-26T10:44:23.8061989Z    Compiling arboard v3.6.1
2026-09-26T10:44:24.1816521Z    Compiling wgpu v27.0.1
2026-09-26T10:44:24.8954422Z    Compiling agq-modeling-service v0.1.0 (/home/runner/work/agentique/agentique/crates/modeling-service)
2026-09-26T10:44:24.9166033Z    Compiling tempfile v3.27.0
2026-09-26T10:44:25.2505200Z    Compiling agq-runtime-publications v0.1.0 (/home/runner/work/agentique/agentique/crates/runtime-publications)
2026-09-26T10:44:25.9546076Z    Compiling egui-wgpu v0.33.3
2026-09-26T10:44:27.0666439Z    Compiling agq-modeling-agent v0.1.0 (/home/runner/work/agentique/agentique/crates/modeling-agent)
2026-09-26T10:44:27.3446196Z    Compiling egui-winit v0.33.3
2026-09-26T10:44:28.4796884Z    Compiling agq-modeling-sqlite v0.1.0 (/home/runner/work/agentique/agentique/adapters/modeling-sqlite)
2026-09-26T10:44:28.6346351Z    Compiling pollster v0.4.0
2026-09-26T10:44:28.7015782Z    Compiling eframe v0.33.3
2026-09-26T10:44:29.7366294Z    Compiling agq-studio-platform v0.1.0 (/home/runner/work/agentique/agentique/crates/studio-platform)
2026-09-26T10:44:30.2006475Z    Compiling agq-studio-scene v0.1.0 (/home/runner/work/agentique/agentique/crates/studio-scene)
2026-09-26T10:44:32.4982845Z    Compiling agq-studio-native v0.1.0 (/home/runner/work/agentique/agentique/crates/studio-native)
2026-09-26T10:44:41.4524515Z     Finished `test` profile [unoptimized + debuginfo] target(s) in 1m 38s
2026-09-26T10:44:41.4733297Z      Running unittests src/main.rs (target/debug/deps/agq_studio_native-d04cac1a40a286d3)
2026-09-26T10:44:41.4758833Z 
2026-09-26T10:44:41.4759703Z running 158 tests
2026-09-26T10:44:41.5449630Z test actions::tests::graph_depth_limit_never_shrinks_the_visible_neighborhood ... ok
2026-09-26T10:44:41.5450330Z test actions::tests::explicit_world_exit_restores_operator_filters_before_leaving_agent_view ... ok
2026-09-26T10:44:41.5450906Z test actions::tests::back_forward_restores_each_visits_camera_selection_filters_and_world ... ok
2026-09-26T10:44:41.5455953Z test actions::tests::neighbor_selection_preserves_real_ports_and_visible_endpoint_owners ... ok
2026-09-26T10:44:41.5496277Z test actions::tests::diff_retains_removed_objects_outside_temporary_current_neighborhood ... ok
2026-09-26T10:44:41.5666037Z test actions::tests::outliner_reveals_offscreen_object_without_changing_revision_or_focus ... ok
2026-09-26T10:44:41.5679992Z test actions::tests::reprojection_retains_explicit_dependency_scope_without_leaking_to_system ... ok
2026-09-26T10:44:41.5702293Z test actions::tests::returning_to_current_exploration_leaves_durable_diff ... ok
2026-09-26T10:44:41.5703329Z test agents::tests::actual_mock_retains_observation_and_changes_choice_without_fabricated_weights ... ok
2026-09-26T10:44:41.5729318Z test actions::tests::rejected_revision_back_does_not_advance_navigation_cursor ... ok
2026-09-26T10:44:41.5730577Z test agents::tests::native_decision_rejects_stale_or_unoffered_results_and_preserves_missing_weights ... ok
2026-09-26T10:44:41.5731930Z test app::bootstrap_tests::fixture_session_restoration_requires_known_name_exact_revision_and_no_project ... ok
2026-09-26T10:44:41.5778928Z test app::bootstrap_tests::focused_semantic_architecture_keeps_referenced_definitions_outside_lexical_owner ... ok
2026-09-26T10:44:41.5780351Z test app::bootstrap_tests::unloaded_workspace_has_no_hidden_fixture_objects_or_selection_targets ... ok
2026-09-26T10:44:41.5781306Z test automation::tests::key_and_pointer_injection_use_real_events ... ok
2026-09-26T10:44:41.5782162Z test automation::tests::scenario_covers_visual_edit_and_fixture_authority_boundary ... ok
2026-09-26T10:44:41.5783046Z test bridge::tests::even_failed_runtime_enqueue_invalidates_waiting_reads_and_old_epoch ... ok
2026-09-26T10:44:41.5783957Z test bridge::tests::failed_bootstrap_emits_nonterminal_progress_before_terminal_error ... ok
2026-09-26T10:44:41.5785019Z test bridge::tests::refused_pin_enqueue_cannot_leave_panel_requests_waiting_without_a_capability ... ok
2026-09-26T10:44:41.5786045Z test bridge::tests::replies_cannot_cross_project_revision_fixture_or_candidate_context ... ok
2026-09-26T10:44:41.5796585Z test bridge::tests::unresolved_worker_request_blocks_runtime_switch_and_keeps_its_context ... ok
2026-09-26T10:44:41.5805674Z test commands::tests::candidate_lifecycle_copy_never_calls_working_validated_or_unresolved_committed ... ok
2026-09-26T10:44:41.5806862Z test commands::tests::fixture_cannot_enable_validation_or_commit ... ok
2026-09-26T10:44:41.5807833Z test commands::tests::only_validated_semantic_candidate_can_commit_and_visual_preview_can_cancel ... ok
2026-09-26T10:44:41.5808949Z test commands::tests::palette_finds_abbreviations_without_losing_exact_match_priority ... ok
2026-09-26T10:44:41.5809977Z test commands::tests::source_edit_eligibility_excludes_requirements_derived_standard_and_old_ghosts ... ok
2026-09-26T10:44:41.5811004Z test commands::tests::unknown_acknowledgement_exposes_only_commit_retry_among_mutations ... ok
2026-09-26T10:44:41.5812050Z test gpu_timing::tests::zero_duration_measurements_are_retained_without_hiding_invalid_pairs ... ok
2026-09-26T10:44:41.5859880Z test history::tests::change_review_retains_exact_ghost_revision_and_rejects_mixed_lenses ... ok
2026-09-26T10:44:41.5878993Z test agents::tests::decision_card_retains_inquiry_subject_and_refuses_stale_observation ... ok
2026-09-26T10:44:41.5897378Z test actions::tests::standards_and_relationship_filters_belong_to_each_world_and_reset_with_project ... ok
2026-09-26T10:44:41.5915910Z test actions::tests::visible_outliner_selection_canvas_selection_and_deselection_preserve_camera ... ok
2026-09-26T10:44:41.5941921Z test history::tests::dispersed_changes_focus_locally_without_moving_any_scene_object ... ok
2026-09-26T10:44:41.5943195Z test history::tests::history_follows_parents_even_when_identity_order_disagrees_and_branches_diverge ... ok
2026-09-26T10:44:41.5944515Z test history::tests::history_keeps_prose_but_moves_structured_receipt_details_out_of_card_subtitle ... ok
2026-09-26T10:44:41.5945839Z test history::tests::explicit_hidden_group_choice_survives_until_semantic_selection_changes ... ok
2026-09-26T10:44:41.5965895Z test history::tests::group_focus_frames_actual_owner_and_nearby_changes_before_alphabetical_changes ... ok
2026-09-26T10:44:41.5995796Z test history::tests::owner_inspection_targets_actual_revision_or_remains_unavailable ... ok
2026-09-26T10:44:41.6048981Z test history::tests::port_only_and_relationship_only_changes_have_real_focus_targets ... ok
2026-09-26T10:44:41.6076230Z test history::tests::review_modes_partition_structural_and_relationship_changes_without_changing_pair ... ok
2026-09-26T10:44:41.6098357Z test inspector::tests::explain_readable_consequence_requires_an_exact_revision_and_complete_edge ... ok
2026-09-26T10:44:41.6106839Z test inspector::tests::explain_summary_keeps_rule_and_consequence_visible_with_many_dependencies ... ok
2026-09-26T10:44:41.6111218Z test inspector::tests::explain_summary_never_infers_a_rule_or_support_from_unconnected_nodes ... ok
2026-09-26T10:44:41.6127581Z test inspector::tests::main_port_section_preserves_inherited_identity_and_same_name_distinctions ... ok
2026-09-26T10:44:41.6129358Z test inspector::tests::primary_features_use_canonical_provenance_without_scene_or_name_guesses ... ok
2026-09-26T10:44:41.6130641Z test inspector::tests::summary_names_only_actual_consequence_and_immediate_support ... ok
2026-09-26T10:44:41.6136241Z test inspector::tests::unnamed_rule_summary_preserves_exact_evidence_and_other_labels ... ok
2026-09-26T10:44:41.6150862Z test history::tests::initial_durable_diff_replaces_unrelated_inspection_and_frames_changed_owners ... ok
2026-09-26T10:44:41.6165907Z test loading::tests::observed_phase_does_not_reset_opening_time_or_accept_stale_progress ... ok
2026-09-26T10:44:41.6205664Z test loading::tests::runtime_phases_have_human_labels_without_debug_payloads ... ok
2026-09-26T10:44:41.6206776Z test history::tests::closed_change_list_leaves_canvas_space_and_preserves_exact_pair ... ok
2026-09-26T10:44:41.6220707Z test history::tests::native_change_focus_keeps_candidate_phase_binding_and_ghost_selection ... ok
2026-09-26T10:44:41.6221766Z test inspector::tests::very_long_qualified_inspector_names_stay_within_the_panel_and_three_lines ... ok
2026-09-26T10:44:41.6383794Z test part_edit::tests::a_later_focus_or_world_change_blocks_create_without_redirecting_the_operator ... ok
2026-09-26T10:44:41.6385948Z test part_edit::tests::a_superseded_live_owner_query_cannot_replace_a_newer_world_intent ... ok
2026-09-26T10:44:41.6405755Z test part_edit::tests::create_enters_the_owner_view_and_keeps_the_previous_camera_for_back ... ok
2026-09-26T10:44:41.6445629Z test part_edit::tests::dialog_intent_retains_original_owner_after_another_canvas_selection ... ok
2026-09-26T10:44:41.6625856Z test part_edit::tests::pending_or_mismatched_owner_scene_cannot_enable_preparation ... ok
2026-09-26T10:44:41.6627079Z test part_edit::tests::matching_live_owner_response_enables_the_original_target_after_pending_reads_settle ... ok
2026-09-26T10:44:41.6685720Z test presentation::tests::breadcrumbs_use_ownership_and_stop_at_missing_ancestors_or_cycles ... ok
2026-09-26T10:44:41.6687860Z test presentation_automation::tests::presentation_launch_requires_fresh_explicit_isolation_before_autosave ... ok
2026-09-26T10:44:41.6690928Z test part_edit::tests::rename_cannot_use_visual_fixture_authority ... ok
2026-09-26T10:44:41.6692066Z test presentation_automation::tests::restart_cannot_be_requested_as_a_fresh_fixture_launch ... ok
2026-09-26T10:44:41.6714883Z test part_edit::tests::rejected_owner_scene_does_not_enable_a_nested_edit_on_the_previous_scene ... ok
2026-09-26T10:44:41.6715975Z test read_lane::tests::latest_panel_slots_bound_pending_work_and_terminate_every_replaced_id ... ok
2026-09-26T10:44:41.6717142Z test read_lane::tests::failed_or_panicking_read_produces_a_terminal_failure_not_a_pending_leak ... ok
2026-09-26T10:44:41.6718238Z test read_lane::tests::projection_slot_is_bounded_and_selection_cancellation_preserves_view_work ... ok
2026-09-26T10:44:41.6719454Z test real_automation::background_pan_tests::background_pan_start_requires_the_entire_gesture_inside_the_viewport ... ok
2026-09-26T10:44:41.6720685Z test read_lane::tests::runtime_or_revision_reset_cancels_waiting_reads_and_refuses_old_scope ... ok
2026-09-26T10:44:41.6795934Z test real_automation::background_pan_tests::immediately_dragging_dismissed_dialog_center_does_not_retarget_viewport ... ok
2026-09-26T10:44:41.6817373Z test part_edit::tests::stale_dialog_cannot_prepare_a_candidate_for_a_new_revision ... ok
2026-09-26T10:44:41.6821270Z test real_automation::tests::background_read_gate_rejects_late_or_wrong_identity_even_after_successful_pan ... ok
2026-09-26T10:44:41.6845753Z test real_automation::tests::created_identity_and_name_do_not_substitute_for_canonical_owner ... ok
2026-09-26T10:44:41.6866220Z test real_automation::background_pan_tests::settled_corner_gesture_moves_camera_through_real_egui_drag_response ... ok
2026-09-26T10:44:41.7027242Z test project_dialog::tests::empty_authenticated_repository_can_create_but_fixture_progress_and_stale_ready_cannot ... ok
2026-09-26T10:44:41.7034838Z test real_automation::soak::tests::repeated_terminal_frames_cannot_complete_the_same_soak_cycle_twice ... ok
2026-09-26T10:44:41.7045854Z test real_automation::tests::only_authorized_fresh_real_scenario_requests_self_model_import ... ok
2026-09-26T10:44:41.7068595Z test real_automation::tests::explicit_resume_repeats_real_steps_and_digests_the_exact_checked_report ... ok
2026-09-26T10:44:41.7069765Z test real_automation::tests::preparation_cannot_hide_a_frozen_ui_behind_few_observed_frames ... ok
2026-09-26T10:44:41.7070378Z test real_automation::tests::port_connection_acceptance_rejects_wrong_identity_endpoint_or_incomplete_query ... ok
2026-09-26T10:44:41.7070986Z test real_automation::tests::requirement_architecture_acceptance_requires_both_canonical_hops ... ok
2026-09-26T10:44:41.7078472Z test real_automation::tests::real_launch_preserves_existing_database_bytes_before_any_worker_starts ... ok
2026-09-26T10:44:41.7079972Z test real_automation::tests::real_launch_refuses_fixture_default_database_and_session_restoration ... ok
2026-09-26T10:44:41.7081025Z test real_automation::tests::requirement_focus_gate_rejects_overview_wrong_subject_and_stale_inspection ... ok
2026-09-26T10:44:41.7083409Z test real_automation::tests::restart_identity_gate_rejects_shallow_views_changed_ids_owners_and_stale_inspectors ... ok
2026-09-26T10:44:41.7084398Z test real_automation::tests::restart_plan_navigates_before_enforcing_nested_identity_and_keeps_history_proof ... ok
2026-09-26T10:44:41.7090356Z test real_automation::tests::restart_cannot_proceed_from_missing_or_invalid_first_report ... ok
2026-09-26T10:44:41.7125850Z test real_automation::tests::review_gate_rejects_lost_substituted_stale_or_reordered_selection_and_focus ... ok
2026-09-26T10:44:41.7158465Z test real_automation::tests::history_gate_requires_real_parent_visit_and_exact_exploration_restoration ... ok
2026-09-26T10:44:41.7173559Z test real_automation::tests::soak_requires_real_restart_and_at_least_ten_minutes ... ok
2026-09-26T10:44:41.7215422Z test relationship_labels::tests::crowded_automatic_labels_yield_but_explicit_inspection_keeps_visible_callout ... ok
2026-09-26T10:44:41.7216779Z test relationship_labels::tests::dense_parallel_and_crossing_routes_do_not_get_automatic_label_obscuration ... ok
2026-09-26T10:44:41.7245401Z test relationship_labels::tests::offscreen_long_route_uses_visible_segment_and_avoids_cards_and_prior_labels ... ok
2026-09-26T10:44:41.7281732Z test real_automation::tests::resume_refuses_any_recorded_candidate_mutation_or_nonfailed_predecessor ... ok
2026-09-26T10:44:41.7395770Z test real_automation::tests::review_gate_tracks_existing_selection_then_explicit_part_through_real_app_modes ... ok
2026-09-26T10:44:41.7511444Z test revision_reads::tests::current_inspection_completes_while_serial_mutation_is_pending_and_candidate_changes ... ok
2026-09-26T10:44:41.7715393Z test revision_reads::tests::failed_reader_pin_terminates_waiting_panel_request_without_fallback_authority ... ok
2026-09-26T10:44:41.7745784Z test revision_reads::tests::candidate_and_diff_selection_cannot_consume_a_current_revision_read ... ok
2026-09-26T10:44:41.7916618Z test real_automation::tests::resume_requires_matching_database_project_branch_and_current_source_population ... ok
2026-09-26T10:44:41.7975454Z test revision_reads::tests::runtime_open_discards_a_reader_pin_completion_before_authentication_finishes ... ok
2026-09-26T10:44:41.8365259Z test revision_reads::tests::stale_reader_pin_cannot_replace_or_fail_a_newer_revision_pin ... ok
2026-09-26T10:44:41.8567250Z test revision_reads::tests::source_read_checks_payload_identity_and_dismissed_panel ... ok
2026-09-26T10:44:41.8575923Z test revision_reads::tests::current_projection_completion_is_revision_definition_and_request_fenced_during_mutation ... ok
2026-09-26T10:44:41.8577234Z test saved_views::tests::mismatched_lens_and_invalid_camera_never_replace_a_bookmark ... ok
2026-09-26T10:44:41.8583030Z test saved_views::tests::missing_id_recovery_keeps_existing_references_and_never_empties_the_world ... ok
2026-09-26T10:44:41.8596028Z test saved_views::tests::save_rename_update_preserve_binding_and_never_move_between_projects ... ok
2026-09-26T10:44:41.8609983Z test scene_build::tests::comparison_filters_do_not_fabricate_removed_ownership_or_erase_real_removed_links ... ok
2026-09-26T10:44:41.8619495Z test scene_build::tests::hidden_port_cannot_return_through_its_owners_feature_summaries ... ok
2026-09-26T10:44:41.8621880Z test scene_build::tests::stale_scene_cannot_replace_newer_context ... ok
2026-09-26T10:44:41.8622688Z test selection::tests::double_click_requires_same_object_context_and_pointer_location ... ok
2026-09-26T10:44:41.8631319Z test selection::tests::stale_revision_or_missing_target_cannot_become_an_inspector_request ... ok
2026-09-26T10:44:41.9063102Z test revision_reads::tests::old_runtime_revision_project_selection_or_request_cannot_publish_a_read ... ok
2026-09-26T10:44:42.0205916Z test session::tests::interrupted_or_oversized_replacement_retains_previous_presentation ... ok
2026-09-26T10:44:42.1299859Z test saved_views::tests::saved_view_roundtrip_retains_exact_revision_lens_and_presentation ... ok
2026-09-26T10:44:42.1300780Z test saved_views::tests::corrupt_existing_store_is_an_error_not_an_empty_store_to_overwrite ... ok
2026-09-26T10:44:42.1301516Z test surface_recovery::tests::lost_surface_reconfigures_and_schedules_only_five_automatic_retries ... ok
2026-09-26T10:44:42.1305365Z test surface_recovery::tests::normal_device_teardown_does_not_report_loss ... ok
2026-09-26T10:44:42.1306420Z test session::tests::oversized_or_future_session_is_rejected_without_touching_model_state ... ok
2026-09-26T10:44:42.1307488Z test surface_recovery::tests::surface_acquisition_resets_retry_budget_but_cannot_reset_a_lost_device ... ok
2026-09-26T10:44:42.1322888Z test surface_recovery::tests::timeout_skips_without_reconfigure_and_oom_never_auto_retries ... ok
2026-09-26T10:44:42.1323997Z test timing::tests::absent_measurements_are_unavailable_including_serialized_output ... ok
2026-09-26T10:44:42.1325102Z test timing::tests::gestures_keep_earliest_event_and_remain_separate ... ok
2026-09-26T10:44:42.1326072Z test timing::tests::startup_stalls_are_discarded_and_storage_stays_bounded ... ok
2026-09-26T10:44:42.1326987Z test timing::tests::tail_latency_survives_the_summary ... ok
2026-09-26T10:44:42.1496307Z test updates::tests::cancelled_preparation_completion_never_replaces_current_revision_or_scene ... ok
2026-09-26T10:44:42.1645938Z test updates::tests::commit_receipt_and_history_survive_failed_revision_loading ... ok
2026-09-26T10:44:42.1769273Z test updates::tests::failed_lifecycle_refresh_keeps_mutations_blocked_until_a_matching_retry ... ok
2026-09-26T10:44:42.1821343Z test session::tests::old_sessions_without_extended_presentation_remain_readable ... ok
2026-09-26T10:44:42.1937659Z test updates::tests::candidate_view_rejects_mixed_lenses_and_wrong_base_even_with_current_request ... ok
2026-09-26T10:44:42.1985861Z test updates::tests::failed_preparation_after_cancellation_reports_the_failure_without_a_phantom_candidate ... ok
2026-09-26T10:44:42.2035708Z test updates::tests::history_refresh_rejects_superseded_requests_and_other_projects ... ok
2026-09-26T10:44:42.2075432Z test updates::tests::presentation_restore_requires_exact_revision_world_and_focus ... ok
2026-09-26T10:44:42.2155916Z test updates::tests::mode_change_and_agent_return_reject_bad_disposable_projections ... ok
2026-09-26T10:44:42.2375551Z test updates::tests::project_history_retains_exact_matching_saved_query_before_projection_arrives ... ok
2026-09-26T10:44:42.2577514Z test updates::tests::rejected_candidate_view_retains_new_lifecycle_but_displays_current_revision ... ok
2026-09-26T10:44:42.2620587Z test updates::tests::project_history_discards_unmatched_session_and_previous_project_filters ... ok
2026-09-26T10:44:42.2715786Z test updates::tests::prepared_candidate_after_navigation_waits_for_matching_pair_without_changing_current ... ok
2026-09-26T10:44:42.2769919Z test updates::tests::rejected_comparison_keeps_the_previous_display_and_selection ... ok
2026-09-26T10:44:42.2835465Z test updates::tests::rejected_new_candidate_preserves_cancel_authority_without_publishing_bad_scene ... ok
2026-09-26T10:44:42.2925455Z test updates::tests::rejected_revision_scene_keeps_binding_projection_and_retry_target_coherent ... ok
2026-09-26T10:44:42.2992447Z test updates::tests::unresolved_commit_reconciliation_is_independent_of_disposable_query_ids ... ok
2026-09-26T10:44:42.3046734Z test updates::tests::validation_completion_survives_agent_dismissal_and_a_superseded_lens ... ok
2026-09-26T10:44:42.3159235Z test view_intent_tests::agent_dependency_command_accepts_the_exact_shared_platform_lens ... ok
2026-09-26T10:44:42.3262816Z test view_intent_tests::cancelled_preparation_keeps_current_read_live_until_and_after_cancel_acknowledgement ... ok
2026-09-26T10:44:42.3401262Z test view_intent_tests::candidate_lens_waits_for_cancel_ack_then_reissues_against_current ... ok
2026-09-26T10:44:42.3435641Z test view_intent_tests::cancellation_acknowledgement_retains_latest_lens_whether_current_read_has_completed ... ok
2026-09-26T10:44:42.3476698Z test view_intent_tests::candidate_pair_uses_requested_graph_scope_instead_of_old_active_depth ... ok
2026-09-26T10:44:42.3641656Z test view_intent_tests::coherent_candidate_pair_with_wrong_scope_is_requeried_without_publishing_it ... ok
2026-09-26T10:44:42.3643739Z test view_intent_tests::matching_projection_installs_exact_requested_depth_and_scope_then_retires_intent ... ok
2026-09-26T10:44:42.3779013Z test view_intent_tests::pending_mutation_allows_latest_current_lens_to_complete_without_waiting_for_model_work ... ok
2026-09-26T10:44:42.3875349Z test view_intent_tests::stale_success_and_error_cannot_clear_newer_requested_view ... ok
2026-09-26T10:44:42.3905738Z test viewport::port_label_tests::expanded_owner_labels_use_the_clear_header_or_the_exterior_not_child_cards ... ok
2026-09-26T10:44:42.3922515Z test zoom_input::tests::mixed_dpi_scene_hit_ports_and_popup_anchor_use_logical_coordinates ... ok
2026-09-26T10:44:42.3924481Z test view_intent_tests::preparation_supersedes_inflight_current_read_with_exact_candidate_pair ... ok
2026-09-26T10:44:42.4045406Z test session::tests::session_roundtrip_preserves_presentation_and_rejects_unsafe_camera ... ok
2026-09-26T10:44:42.4077097Z test zoom_input::tests::reproduces_legacy_zoom_anchor_loss_when_pointer_moves_during_scroll_tail ... ok
2026-09-26T10:44:42.4251362Z test view_intent_tests::same_request_wrong_scope_depth_or_name_cannot_replace_current_projection ... ok
2026-09-26T10:44:44.6859734Z test zoom_input::tests::ordered_wheel_anchor_survives_12000_native_input_cycles ... ok
2026-09-26T10:44:44.6860260Z 
2026-09-26T10:44:44.6860648Z test result: ok. 158 passed; 0 failed; 0 ignored; 0 measured; 0 filtered out; finished in 3.21s
2026-09-26T10:44:44.6861122Z 
2026-09-26T10:44:44.7098408Z Post job cleanup.
2026-09-26T10:44:44.7862309Z [command]/usr/bin/git version
2026-09-26T10:44:44.7910169Z git version 2.55.0
2026-09-26T10:44:44.7937954Z Temporarily overriding HOME='/home/runner/work/_temp/ae5c920f-b55c-4ef1-b6c7-a5acc869a672' before making global git config changes
2026-09-26T10:44:44.7939007Z Adding repository directory to the temporary git global config as a safe directory
2026-09-26T10:44:44.7943260Z [command]/usr/bin/git config --global --add safe.directory /home/runner/work/agentique/agentique
2026-09-26T10:44:44.7991193Z [command]/usr/bin/git config --local --name-only --get-regexp core\.sshCommand
2026-09-26T10:44:44.8024331Z [command]/usr/bin/git submodule foreach --recursive sh -c "git config --local --name-only --get-regexp 'core\.sshCommand' && git config --local --unset-all 'core.sshCommand' || :"
2026-09-26T10:44:44.8261564Z [command]/usr/bin/git config --local --name-only --get-regexp http\.https\:\/\/github\.com\/\.extraheader
2026-09-26T10:44:44.8287582Z http.https://github.com/.extraheader
2026-09-26T10:44:44.8298166Z [command]/usr/bin/git config --local --unset-all http.https://github.com/.extraheader
2026-09-26T10:44:44.8330033Z [command]/usr/bin/git submodule foreach --recursive sh -c "git config --local --name-only --get-regexp 'http\.https\:\/\/github\.com\/\.extraheader' && git config --local --unset-all 'http.https://github.com/.extraheader' || :"
2026-09-26T10:44:44.8565630Z [command]/usr/bin/git config --local --name-only --get-regexp ^includeIf\.gitdir:
2026-09-26T10:44:44.8588369Z [command]/usr/bin/git submodule foreach --recursive git config --local --show-origin --name-only --get-regexp remote.origin.url
2026-09-26T10:44:44.8978979Z Cleaning up orphan processes
2026-09-26T10:44:44.9193473Z ##[warning]Node.js 20 is deprecated. The following actions target Node.js 20 but are being forced to run on Node.js 24: actions/checkout@11d5960a326750d5838078e36cf38b85af677262. For more information see: https://github.blog/changelog/2025-09-19-deprecation-of-node-20-on-github-actions-runners/
