Systems artifacts: kerml_dependency_restore begin elapsed=0.039s
Systems artifacts: kerml_dependency_restore end elapsed=40.805s
Systems finalization begin: frontier_authentication (0 us, 0 findings)
Systems finalization end: frontier_authentication (1990 us, 0 findings)
Systems finalization begin: graph_restore (0 us, 0 findings)
Systems finalization end: graph_restore (50812076 us, 0 findings)
Systems finalization begin: source_context_reconstruction (0 us, 0 findings)
Systems finalization end: source_context_reconstruction (4319857 us, 0 findings)
Systems finalization begin: candidate_binding_context (0 us, 0 findings)
Systems finalization end: candidate_binding_context (3481781 us, 0 findings)
Systems finalization begin: frontier_certificate_authentication (0 us, 0 findings)
Systems finalization end: frontier_certificate_authentication (3744754 us, 0 findings)
Systems finalization begin: producer_registry_reconstruction (0 us, 0 findings)
Systems finalization end: producer_registry_reconstruction (946 us, 0 findings)
Systems finalization begin: closure_coverage_verification (0 us, 0 findings)
Systems finalization end: closure_coverage_verification (3059451 us, 0 findings)
Systems finalization begin: kerml_capability_audit (0 us, 0 findings)
Systems finalization end: kerml_capability_audit (656029037 us, 0 findings)
Systems finalization begin: derived_provenance_audit (0 us, 0 findings)
Systems finalization end: derived_provenance_audit (313485 us, 0 findings)
Systems finalization begin: authority_audit (0 us, 0 findings)
Systems finalization end: authority_audit (900 us, 0 findings)
Systems finalization begin: mandatory_reference_audit (0 us, 0 findings)
Systems finalization end: mandatory_reference_audit (49132353 us, 0 findings)
Systems finalization begin: systems_binding_audit (0 us, 0 findings)
Systems finalization end: systems_binding_audit (267557 us, 0 findings)
Systems finalization begin: effective_sysml_population_audit (0 us, 0 findings)
Systems effective audit batch 0 begin: 8 subjects (000172f4-2b94-5c4a-9bf0-53a27297dbb1 .. 001ad52a-0b7f-5b8b-aa42-8b3048134845), None us, 0 findings
Systems effective audit batch 1 begin: 8 subjects (002684cf-9c5f-5020-9e88-fc55c6f4ee10 .. 00473c7c-7c17-52d9-ad5d-522782f307a2), None us, 0 findings
Systems effective audit batch 0 end: 8 subjects (000172f4-2b94-5c4a-9bf0-53a27297dbb1 .. 001ad52a-0b7f-5b8b-aa42-8b3048134845), Some(1242395) us, 0 findings
Systems effective audit batch 1 end: 8 subjects (002684cf-9c5f-5020-9e88-fc55c6f4ee10 .. 00473c7c-7c17-52d9-ad5d-522782f307a2), Some(670) us, 0 findings
Systems effective audit batch 2 begin: 8 subjects (004bed8c-1990-5d6d-aa87-ff9a91b968f1 .. 00714def-bf15-515a-925d-1ae29fc6f9ba), None us, 0 findings
Systems effective audit batch 3 begin: 8 subjects (00719337-c7e6-51f4-afa4-7d6328592096 .. 00a9ee24-ed43-5f02-a4d0-5158b6fb7c10), None us, 0 findings
Systems effective audit batch 2 end: 8 subjects (004bed8c-1990-5d6d-aa87-ff9a91b968f1 .. 00714def-bf15-515a-925d-1ae29fc6f9ba), Some(7460784) us, 0 findings
Systems effective audit batch 3 end: 8 subjects (00719337-c7e6-51f4-afa4-7d6328592096 .. 00a9ee24-ed43-5f02-a4d0-5158b6fb7c10), Some(119937) us, 0 findings
Systems effective audit batch 4 begin: 8 subjects (00b14c1b-82a7-517f-afc7-9fdc6359e0b4 .. 00dc430e-fc4f-538f-b9d2-4184db3cae89), None us, 0 findings
Systems effective audit batch 5 begin: 8 subjects (00e8dd6f-dcf8-5e08-a1ff-0a6ae53953ce .. 01088961-e594-5a13-b45c-a594aecfb671), None us, 0 findings
Systems effective audit batch 4 end: 8 subjects (00b14c1b-82a7-517f-afc7-9fdc6359e0b4 .. 00dc430e-fc4f-538f-b9d2-4184db3cae89), Some(59989) us, 0 findings
Systems effective audit batch 5 end: 8 subjects (00e8dd6f-dcf8-5e08-a1ff-0a6ae53953ce .. 01088961-e594-5a13-b45c-a594aecfb671), Some(67) us, 0 findings
Systems effective audit batch 6 begin: 8 subjects (01170793-e094-593b-a062-268dae0a6285 .. 0133ffbc-2c8f-58a4-bd8f-073c9b1c8a77), None us, 0 findings
Systems effective audit batch 7 begin: 8 subjects (01345a39-74c0-5dd8-a486-04859840b8e0 .. 015969ad-f309-5d87-9c5e-f41d26397208), None us, 0 findings
Systems effective audit batch 6 end: 8 subjects (01170793-e094-593b-a062-268dae0a6285 .. 0133ffbc-2c8f-58a4-bd8f-073c9b1c8a77), Some(59) us, 0 findings
Systems effective audit batch 7 end: 8 subjects (01345a39-74c0-5dd8-a486-04859840b8e0 .. 015969ad-f309-5d87-9c5e-f41d26397208), Some(56) us, 0 findings
Systems effective audit batch 8 begin: 8 subjects (015afd3e-f8e2-5c4e-a2b5-e4cd6d254e07 .. 017bcf70-0277-5f71-8aa0-72d9bc53f33d), None us, 0 findings
Systems effective audit batch 9 begin: 8 subjects (017daa09-b391-5e04-bf2e-a2ac5bcc5763 .. 01a8886e-3eac-5fce-8bc9-6e1bb5138fc2), None us, 0 findings
Systems effective audit batch 8 end: 8 subjects (015afd3e-f8e2-5c4e-a2b5-e4cd6d254e07 .. 017bcf70-0277-5f71-8aa0-72d9bc53f33d), Some(3532970) us, 0 findings
Systems effective audit batch 9 end: 8 subjects (017daa09-b391-5e04-bf2e-a2ac5bcc5763 .. 01a8886e-3eac-5fce-8bc9-6e1bb5138fc2), Some(568417) us, 0 findings
Systems effective audit batch 10 begin: 8 subjects (01aef689-e256-5765-b4c4-6870eba2c5ec .. 01c0f675-bbf6-5e18-a4ee-2503f04c732f), None us, 0 findings
Systems effective audit batch 11 begin: 8 subjects (01c213fb-f621-5b1f-a09d-3c7ec9248d1d .. 01cefcd3-74ce-5ee5-a7bd-e790d8fa8875), None us, 0 findings
Systems effective audit batch 10 end: 8 subjects (01aef689-e256-5765-b4c4-6870eba2c5ec .. 01c0f675-bbf6-5e18-a4ee-2503f04c732f), Some(89) us, 0 findings
Systems effective audit batch 11 end: 8 subjects (01c213fb-f621-5b1f-a09d-3c7ec9248d1d .. 01cefcd3-74ce-5ee5-a7bd-e790d8fa8875), Some(65) us, 0 findings
Systems effective audit batch 12 begin: 8 subjects (01d08cec-9f41-525b-b0fb-555519223dc4 .. 01f169f0-fe8d-5782-a05a-cc21c70c96cb), None us, 0 findings
Systems effective audit batch 13 begin: 8 subjects (01f6c00d-3b27-500b-8388-325b46cf01d8 .. 022eb91f-225b-5db5-a888-8541c0bbe888), None us, 0 findings
Systems effective audit batch 12 end: 8 subjects (01d08cec-9f41-525b-b0fb-555519223dc4 .. 01f169f0-fe8d-5782-a05a-cc21c70c96cb), Some(865994) us, 0 findings
Systems effective audit batch 13 end: 8 subjects (01f6c00d-3b27-500b-8388-325b46cf01d8 .. 022eb91f-225b-5db5-a888-8541c0bbe888), Some(72) us, 0 findings
Systems effective audit batch 14 begin: 8 subjects (0233c0d7-1358-535e-bd00-850b553d98b9 .. 02490ae5-7db3-5a11-8d08-fffe74b070d0), None us, 0 findings
Systems effective audit batch 15 begin: 8 subjects (0250e7e5-3420-535e-bafa-abcbe70cf971 .. 028676da-5432-592a-bead-4041d9972425), None us, 0 findings
Systems effective audit batch 14 end: 8 subjects (0233c0d7-1358-535e-bd00-850b553d98b9 .. 02490ae5-7db3-5a11-8d08-fffe74b070d0), Some(65) us, 0 findings
Systems effective audit batch 15 end: 8 subjects (0250e7e5-3420-535e-bafa-abcbe70cf971 .. 028676da-5432-592a-bead-4041d9972425), Some(57) us, 0 findings
Systems effective audit batch 16 begin: 8 subjects (028b2757-ddb4-5c43-a25b-d5565512e8c8 .. 02a30a5a-9969-56a8-bca1-45aa27111207), None us, 0 findings
Systems effective audit batch 17 begin: 8 subjects (02ac22e9-9935-58ce-93b6-ab88fca7629f .. 02d9e085-39b2-58aa-a055-3ed61355e335), None us, 0 findings
Systems effective audit batch 16 end: 8 subjects (028b2757-ddb4-5c43-a25b-d5565512e8c8 .. 02a30a5a-9969-56a8-bca1-45aa27111207), Some(64) us, 0 findings
Systems effective audit batch 17 end: 8 subjects (02ac22e9-9935-58ce-93b6-ab88fca7629f .. 02d9e085-39b2-58aa-a055-3ed61355e335), Some(1279754) us, 0 findings
Systems effective audit batch 18 begin: 8 subjects (02defa8f-9ce2-5eaf-a833-e94cfa1ad9b1 .. 02f2bcb5-ebcb-5cb4-b5b3-6bee0d568981), None us, 0 findings
Systems effective audit batch 19 begin: 8 subjects (02f386f6-f788-544e-9c14-1baa1f65ca1f .. 033c4862-6375-5900-b99d-6646f4d00607), None us, 0 findings
Systems effective audit batch 18 end: 8 subjects (02defa8f-9ce2-5eaf-a833-e94cfa1ad9b1 .. 02f2bcb5-ebcb-5cb4-b5b3-6bee0d568981), Some(59) us, 0 findings
Systems effective audit batch 19 end: 8 subjects (02f386f6-f788-544e-9c14-1baa1f65ca1f .. 033c4862-6375-5900-b99d-6646f4d00607), Some(58) us, 0 findings
Systems effective audit batch 20 begin: 8 subjects (033e7418-cfb6-5cd4-8613-d45363733f93 .. 03598d55-a490-5cd0-bb6a-60ad459cca0d), None us, 0 findings
Systems effective audit batch 21 begin: 8 subjects (0361ea0c-8f88-59f8-966e-4f4dbeba138a .. 038130c8-973d-5ede-bd33-f02241098bcd), None us, 0 findings
Systems effective audit batch 20 end: 8 subjects (033e7418-cfb6-5cd4-8613-d45363733f93 .. 03598d55-a490-5cd0-bb6a-60ad459cca0d), Some(53) us, 0 findings
Systems effective audit batch 21 end: 8 subjects (0361ea0c-8f88-59f8-966e-4f4dbeba138a .. 038130c8-973d-5ede-bd33-f02241098bcd), Some(487404) us, 0 findings
Systems effective audit batch 22 begin: 8 subjects (038d298e-1d17-5847-bd8f-b140feea2a41 .. 03b156c7-56af-52e9-a8fc-e1656a760fdd), None us, 0 findings
Systems effective audit batch 23 begin: 8 subjects (03b15f3a-ebae-5a15-bdc1-ad0fc528d52a .. 03c80a1c-ff5a-52cd-b289-781ff0380640), None us, 0 findings
Systems effective audit batch 22 end: 8 subjects (038d298e-1d17-5847-bd8f-b140feea2a41 .. 03b156c7-56af-52e9-a8fc-e1656a760fdd), Some(77) us, 0 findings
Systems effective audit batch 23 end: 8 subjects (03b15f3a-ebae-5a15-bdc1-ad0fc528d52a .. 03c80a1c-ff5a-52cd-b289-781ff0380640), Some(75) us, 0 findings
Systems effective audit batch 24 begin: 8 subjects (03d9b0a6-4177-5014-8a38-6069e005acd0 .. 03eb6769-991c-5bf4-99f2-7692ddc43eee), None us, 0 findings
Systems effective audit batch 25 begin: 8 subjects (03fc1f20-529b-56cf-94c4-089ce6955505 .. 042923d6-97a3-5b93-9d20-b4c1217ad9d9), None us, 0 findings
Systems effective audit batch 24 end: 8 subjects (03d9b0a6-4177-5014-8a38-6069e005acd0 .. 03eb6769-991c-5bf4-99f2-7692ddc43eee), Some(52) us, 0 findings
Systems effective audit batch 25 end: 8 subjects (03fc1f20-529b-56cf-94c4-089ce6955505 .. 042923d6-97a3-5b93-9d20-b4c1217ad9d9), Some(56) us, 0 findings
Systems effective audit batch 26 begin: 8 subjects (0429f315-f935-5622-8825-17f2545d7c71 .. 044c1d72-bbe9-5be7-8e46-de2b37e5f1a0), None us, 0 findings
Systems effective audit batch 27 begin: 8 subjects (044c28cb-97de-584b-ba3e-ee12a56d5ccd .. 0476f9b7-2825-54e2-a5ea-5839545ee3c3), None us, 0 findings
Systems effective audit batch 26 end: 8 subjects (0429f315-f935-5622-8825-17f2545d7c71 .. 044c1d72-bbe9-5be7-8e46-de2b37e5f1a0), Some(51) us, 0 findings
Systems effective audit batch 27 end: 8 subjects (044c28cb-97de-584b-ba3e-ee12a56d5ccd .. 0476f9b7-2825-54e2-a5ea-5839545ee3c3), Some(1227094) us, 0 findings
Systems effective audit batch 28 begin: 8 subjects (047967f0-8044-5a55-a532-a499550ddac0 .. 04910571-cc14-5e4b-994a-1f05765f0c7c), None us, 0 findings
Systems effective audit batch 29 begin: 8 subjects (049b8b7e-4d8a-55c9-9986-01386adf8624 .. 04ad42f0-e17b-5bbd-965d-b6a5d72c2302), None us, 0 findings
Systems effective audit batch 28 end: 8 subjects (047967f0-8044-5a55-a532-a499550ddac0 .. 04910571-cc14-5e4b-994a-1f05765f0c7c), Some(64) us, 0 findings
Systems effective audit batch 29 end: 8 subjects (049b8b7e-4d8a-55c9-9986-01386adf8624 .. 04ad42f0-e17b-5bbd-965d-b6a5d72c2302), Some(928912) us, 0 findings
Systems effective audit batch 30 begin: 8 subjects (04aeda8f-260b-57bd-b9e7-82b2c3d1d954 .. 04bba6f4-7160-5150-bec2-c1c61b8dc5cd), None us, 0 findings
Systems effective audit batch 31 begin: 8 subjects (04bfcf61-fe57-551c-a2e4-44cfd72d49ac .. 04e38dbe-dff6-5783-a770-6dd7e77fa087), None us, 0 findings
Systems effective audit batch 30 end: 8 subjects (04aeda8f-260b-57bd-b9e7-82b2c3d1d954 .. 04bba6f4-7160-5150-bec2-c1c61b8dc5cd), Some(52) us, 0 findings
Systems effective audit batch 31 end: 8 subjects (04bfcf61-fe57-551c-a2e4-44cfd72d49ac .. 04e38dbe-dff6-5783-a770-6dd7e77fa087), Some(85) us, 0 findings
Systems effective audit batch 32 begin: 8 subjects (04e7b7d0-d4a2-5259-a6a2-3ec276942f33 .. 05125257-d66e-5620-92fa-6bf197fa4d86), None us, 0 findings
Systems effective audit batch 33 begin: 8 subjects (051cf173-cc37-5a6c-9516-cae1ef86cfb6 .. 053bc513-dd24-57df-ae5a-074d6fc65168), None us, 0 findings
Systems effective audit batch 32 end: 8 subjects (04e7b7d0-d4a2-5259-a6a2-3ec276942f33 .. 05125257-d66e-5620-92fa-6bf197fa4d86), Some(54) us, 0 findings
Systems effective audit batch 33 end: 8 subjects (051cf173-cc37-5a6c-9516-cae1ef86cfb6 .. 053bc513-dd24-57df-ae5a-074d6fc65168), Some(7458883) us, 0 findings
Systems effective audit batch 34 begin: 8 subjects (053c28e1-0876-506b-84af-ffba2654a360 .. 05764d92-3a90-5919-91c4-06cac6992b7d), None us, 0 findings
Systems effective audit batch 35 begin: 8 subjects (057a9013-109c-50b0-8781-7688cd4bd963 .. 059cebb9-c5b3-5022-a6fc-4ce79ba78711), None us, 0 findings
Systems effective audit batch 34 end: 8 subjects (053c28e1-0876-506b-84af-ffba2654a360 .. 05764d92-3a90-5919-91c4-06cac6992b7d), Some(292198) us, 0 findings
Systems effective audit batch 35 end: 8 subjects (057a9013-109c-50b0-8781-7688cd4bd963 .. 059cebb9-c5b3-5022-a6fc-4ce79ba78711), Some(90) us, 0 findings
Systems effective audit batch 36 begin: 8 subjects (059d78f1-984a-59b4-a29d-5f6e32ae1c71 .. 05dc3c52-605f-511c-9c9c-0c76267e16b9), None us, 0 findings
Systems effective audit batch 37 begin: 8 subjects (05dd160b-606e-5bd6-9e00-50f86173b661 .. 05e968ad-5d80-5d86-be87-e584a4ee3cf6), None us, 0 findings
Systems effective audit batch 36 end: 8 subjects (059d78f1-984a-59b4-a29d-5f6e32ae1c71 .. 05dc3c52-605f-511c-9c9c-0c76267e16b9), Some(1153839) us, 0 findings
Systems effective audit batch 37 end: 8 subjects (05dd160b-606e-5bd6-9e00-50f86173b661 .. 05e968ad-5d80-5d86-be87-e584a4ee3cf6), Some(54) us, 0 findings
Systems effective audit batch 38 begin: 8 subjects (05e9879e-b5e2-59c6-a40f-376bc3eed547 .. 060c844b-e78d-5f58-90a0-0650fd25b4bb), None us, 0 findings
Systems effective audit batch 39 begin: 8 subjects (0613c2f9-2899-5ba5-b6a2-a680aecfa229 .. 062cae2e-0412-5c57-98c5-32b5019c18e6), None us, 0 findings
Systems effective audit batch 38 end: 8 subjects (05e9879e-b5e2-59c6-a40f-376bc3eed547 .. 060c844b-e78d-5f58-90a0-0650fd25b4bb), Some(68) us, 0 findings
Systems effective audit batch 39 end: 8 subjects (0613c2f9-2899-5ba5-b6a2-a680aecfa229 .. 062cae2e-0412-5c57-98c5-32b5019c18e6), Some(297703) us, 0 findings
Systems effective audit batch 40 begin: 8 subjects (0630664a-4f3c-5f2f-8241-add1be31febd .. 064ae046-4fa1-5969-84cf-ce7f7a6b93c5), None us, 0 findings
Systems effective audit batch 41 begin: 8 subjects (064ae982-54cb-57cb-8221-0770d368ecc1 .. 06848022-9dcb-5a74-91f9-4f7fa5c867b9), None us, 0 findings
Systems effective audit batch 40 end: 8 subjects (0630664a-4f3c-5f2f-8241-add1be31febd .. 064ae046-4fa1-5969-84cf-ce7f7a6b93c5), Some(61) us, 0 findings
Systems effective audit batch 41 end: 8 subjects (064ae982-54cb-57cb-8221-0770d368ecc1 .. 06848022-9dcb-5a74-91f9-4f7fa5c867b9), Some(59) us, 0 findings
Systems effective audit batch 42 begin: 8 subjects (068951e3-ed32-590b-933c-9e43376157b7 .. 06b84ddd-a6ca-5b9a-9d13-39831aaf20ea), None us, 0 findings
Systems effective audit batch 43 begin: 8 subjects (06c07895-ed60-5262-88c1-91165491d48b .. 06d4c22b-251b-550d-8881-269ef4db6f58), None us, 0 findings
Systems effective audit batch 42 end: 8 subjects (068951e3-ed32-590b-933c-9e43376157b7 .. 06b84ddd-a6ca-5b9a-9d13-39831aaf20ea), Some(47) us, 0 findings
Systems effective audit batch 43 end: 8 subjects (06c07895-ed60-5262-88c1-91165491d48b .. 06d4c22b-251b-550d-8881-269ef4db6f58), Some(1025142) us, 0 findings
Systems effective audit batch 44 begin: 8 subjects (06d55ca3-4826-5740-bc56-3c28e7b04b94 .. 06fed183-3a85-5de6-a697-3ee3ea4bc484), None us, 0 findings
Systems effective audit batch 45 begin: 8 subjects (0700a6e3-7942-5e85-9d06-ab5a61b0dd11 .. 07294550-feb4-5618-bbb4-82e05e99ce5a), None us, 0 findings
Systems effective audit batch 44 end: 8 subjects (06d55ca3-4826-5740-bc56-3c28e7b04b94 .. 06fed183-3a85-5de6-a697-3ee3ea4bc484), Some(72) us, 0 findings
Systems effective audit batch 45 end: 8 subjects (0700a6e3-7942-5e85-9d06-ab5a61b0dd11 .. 07294550-feb4-5618-bbb4-82e05e99ce5a), Some(54) us, 0 findings
Systems effective audit batch 46 begin: 8 subjects (072961d8-5384-5ab7-8628-65458a2c66b6 .. 07428426-a979-5cc7-934d-baac5ab40e27), None us, 0 findings
Systems effective audit batch 47 begin: 8 subjects (074484f0-8ab9-5dd9-98d1-755428926c77 .. 075a6343-90da-55ec-bb6f-b7062b125a92), None us, 0 findings
Systems effective audit batch 46 end: 8 subjects (072961d8-5384-5ab7-8628-65458a2c66b6 .. 07428426-a979-5cc7-934d-baac5ab40e27), Some(55) us, 0 findings
Systems effective audit batch 47 end: 8 subjects (074484f0-8ab9-5dd9-98d1-755428926c77 .. 075a6343-90da-55ec-bb6f-b7062b125a92), Some(64) us, 0 findings
Systems effective audit batch 48 begin: 8 subjects (075d100a-2781-5d9b-bdc5-56e5fa72040a .. 0799c509-6000-5162-a6e1-e4e115a13606), None us, 0 findings
Systems effective audit batch 49 begin: 8 subjects (079bc716-0d04-555e-8c1f-8b0dfcc394b0 .. 07bb2c98-a9c5-55d4-8998-19d488f97337), None us, 0 findings
Systems effective audit batch 48 end: 8 subjects (075d100a-2781-5d9b-bdc5-56e5fa72040a .. 0799c509-6000-5162-a6e1-e4e115a13606), Some(63) us, 0 findings
Systems effective audit batch 49 end: 8 subjects (079bc716-0d04-555e-8c1f-8b0dfcc394b0 .. 07bb2c98-a9c5-55d4-8998-19d488f97337), Some(54) us, 0 findings
Systems effective audit batch 50 begin: 8 subjects (07c5ec06-9113-5a02-a0a5-bc3e06473eea .. 07ed00c4-ceaf-52f7-8037-f3cbd0de7763), None us, 0 findings
Systems effective audit batch 51 begin: 8 subjects (07ed679a-3149-5081-ac2a-6d4fa2e57ea8 .. 081669db-69ff-5818-b5f9-3d589859a6f0), None us, 0 findings
Systems effective audit batch 50 end: 8 subjects (07c5ec06-9113-5a02-a0a5-bc3e06473eea .. 07ed00c4-ceaf-52f7-8037-f3cbd0de7763), Some(78) us, 0 findings
Systems effective audit batch 51 end: 8 subjects (07ed679a-3149-5081-ac2a-6d4fa2e57ea8 .. 081669db-69ff-5818-b5f9-3d589859a6f0), Some(69) us, 0 findings
Systems effective audit batch 52 begin: 8 subjects (081d6b44-cc85-5805-b395-70b3978a465b .. 082b7d49-b36b-5b7a-9d5c-b9b1f26f2706), None us, 0 findings
Systems effective audit batch 53 begin: 8 subjects (0830a867-70c4-51f9-bc5b-0788fdcf4d6c .. 085ce868-5ef5-5a33-9579-09dc8b5ef73f), None us, 0 findings
Systems effective audit batch 52 end: 8 subjects (081d6b44-cc85-5805-b395-70b3978a465b .. 082b7d49-b36b-5b7a-9d5c-b9b1f26f2706), Some(58) us, 0 findings
Systems effective audit batch 53 end: 8 subjects (0830a867-70c4-51f9-bc5b-0788fdcf4d6c .. 085ce868-5ef5-5a33-9579-09dc8b5ef73f), Some(6565201) us, 0 findings
Systems effective audit batch 54 begin: 8 subjects (086636b6-a40b-55e1-945f-d86a165bca60 .. 0890be84-35e8-5a64-94e9-caa064d215f0), None us, 0 findings
Systems effective audit batch 55 begin: 8 subjects (089266f1-d27b-52d1-8bf4-0a653bb8315c .. 08aab5a7-8e7e-5803-b5fd-577cd7d17dd0), None us, 0 findings
Systems effective audit batch 54 end: 8 subjects (086636b6-a40b-55e1-945f-d86a165bca60 .. 0890be84-35e8-5a64-94e9-caa064d215f0), Some(70) us, 0 findings
Systems effective audit batch 55 end: 8 subjects (089266f1-d27b-52d1-8bf4-0a653bb8315c .. 08aab5a7-8e7e-5803-b5fd-577cd7d17dd0), Some(250799) us, 0 findings
Systems effective audit batch 56 begin: 8 subjects (08ad9531-e78b-5d4c-8a89-4f55314af436 .. 08de30ce-62fc-50eb-a734-dfef32076880), None us, 0 findings
Systems effective audit batch 57 begin: 8 subjects (08df2737-2bdb-5104-9149-ab48038bb4f8 .. 090437d7-3be7-58c5-a49d-a913f571b773), None us, 0 findings
Systems effective audit batch 56 end: 8 subjects (08ad9531-e78b-5d4c-8a89-4f55314af436 .. 08de30ce-62fc-50eb-a734-dfef32076880), Some(687632) us, 0 findings
Systems effective audit batch 57 end: 8 subjects (08df2737-2bdb-5104-9149-ab48038bb4f8 .. 090437d7-3be7-58c5-a49d-a913f571b773), Some(62) us, 0 findings
Systems effective audit batch 58 begin: 8 subjects (0904e031-c5b5-5757-90bd-c70cf497d563 .. 093ed3c7-8549-502e-aa89-fc01b62c8d1d), None us, 0 findings
Systems effective audit batch 59 begin: 8 subjects (09459161-cc64-57b6-93ff-41284a535242 .. 0965db5a-d090-5a8b-a42f-9555af5fba5e), None us, 0 findings
Systems effective audit batch 58 end: 8 subjects (0904e031-c5b5-5757-90bd-c70cf497d563 .. 093ed3c7-8549-502e-aa89-fc01b62c8d1d), Some(78) us, 0 findings
Systems effective audit batch 59 end: 8 subjects (09459161-cc64-57b6-93ff-41284a535242 .. 0965db5a-d090-5a8b-a42f-9555af5fba5e), Some(2111662) us, 0 findings
Systems effective audit batch 60 begin: 8 subjects (0968d6ad-8640-5a30-aea5-419c00829048 .. 0994463a-0e2d-5ce6-aa18-ed639f6e9485), None us, 0 findings
Systems effective audit batch 61 begin: 8 subjects (0996476c-27b3-5138-9b23-9b85fde3d6e4 .. 09d9efe1-67cf-5e76-a7a1-7e3d7274e7c1), None us, 0 findings
Systems effective audit batch 60 end: 8 subjects (0968d6ad-8640-5a30-aea5-419c00829048 .. 0994463a-0e2d-5ce6-aa18-ed639f6e9485), Some(76) us, 0 findings
Systems effective audit batch 61 end: 8 subjects (0996476c-27b3-5138-9b23-9b85fde3d6e4 .. 09d9efe1-67cf-5e76-a7a1-7e3d7274e7c1), Some(73) us, 0 findings
Systems effective audit batch 62 begin: 8 subjects (09ebbb8c-16a3-5e26-b66d-b0fa5d96d6a9 .. 0a0203cb-9e94-5ce4-8a33-388381df9855), None us, 0 findings
Systems effective audit batch 63 begin: 8 subjects (0a027167-bbdd-5f7f-ba04-d8d3faf57309 .. 0a1e847a-2473-5d1e-a2af-0c9a827571cb), None us, 0 findings
Systems effective audit batch 62 end: 8 subjects (09ebbb8c-16a3-5e26-b66d-b0fa5d96d6a9 .. 0a0203cb-9e94-5ce4-8a33-388381df9855), Some(53) us, 0 findings
Systems effective audit batch 63 end: 8 subjects (0a027167-bbdd-5f7f-ba04-d8d3faf57309 .. 0a1e847a-2473-5d1e-a2af-0c9a827571cb), Some(60) us, 0 findings
Systems effective audit batch 64 begin: 8 subjects (0a39cf42-1838-5451-98f8-f091fd59c20a .. 0a5f27f1-6e26-5c25-a74e-a93459603010), None us, 0 findings
Systems effective audit batch 65 begin: 8 subjects (0a604372-d4de-58ee-8608-23363f8586b5 .. 0a86bc2c-888e-5abe-90cd-47c3c6b08819), None us, 0 findings
Systems effective audit batch 64 end: 8 subjects (0a39cf42-1838-5451-98f8-f091fd59c20a .. 0a5f27f1-6e26-5c25-a74e-a93459603010), Some(82) us, 0 findings
Systems effective audit batch 65 end: 8 subjects (0a604372-d4de-58ee-8608-23363f8586b5 .. 0a86bc2c-888e-5abe-90cd-47c3c6b08819), Some(56) us, 0 findings
Systems effective audit batch 66 begin: 8 subjects (0a8df85f-43af-56af-83d6-5f0c95e21644 .. 0aa37f9d-bbea-56d9-a825-fb21b3bf00ef), None us, 0 findings
Systems effective audit batch 67 begin: 8 subjects (0aa57909-7f6a-56bc-8bda-56ce48311d78 .. 0ac89139-3750-54d3-99e9-0a35fb757df9), None us, 0 findings
Systems effective audit batch 66 end: 8 subjects (0a8df85f-43af-56af-83d6-5f0c95e21644 .. 0aa37f9d-bbea-56d9-a825-fb21b3bf00ef), Some(51) us, 0 findings
Systems effective audit batch 67 end: 8 subjects (0aa57909-7f6a-56bc-8bda-56ce48311d78 .. 0ac89139-3750-54d3-99e9-0a35fb757df9), Some(6670611) us, 0 findings
Systems effective audit batch 68 begin: 8 subjects (0ada1f91-58fc-55bb-bcfe-8e39153eadd7 .. 0ae68e38-b228-5a61-ab24-6beed37eb66c), None us, 0 findings
Systems effective audit batch 69 begin: 8 subjects (0ae8dc0a-d663-510d-aa99-7650bb57f449 .. 0b187351-828a-5aa4-a2ae-87ba61bbb70e), None us, 0 findings
Systems effective audit batch 68 end: 8 subjects (0ada1f91-58fc-55bb-bcfe-8e39153eadd7 .. 0ae68e38-b228-5a61-ab24-6beed37eb66c), Some(80) us, 0 findings
Systems effective audit batch 69 end: 8 subjects (0ae8dc0a-d663-510d-aa99-7650bb57f449 .. 0b187351-828a-5aa4-a2ae-87ba61bbb70e), Some(65) us, 0 findings
Systems effective audit batch 70 begin: 8 subjects (0b18737d-b171-5022-8757-a74e35dca057 .. 0b5e5037-7576-586f-af37-8fc8672a62c8), None us, 0 findings
Systems effective audit batch 71 begin: 8 subjects (0b7b4497-1f32-583d-8d9a-1234919e6100 .. 0baffb50-f96a-5c18-b5a6-8ac0169e1eff), None us, 0 findings
Systems effective audit batch 70 end: 8 subjects (0b18737d-b171-5022-8757-a74e35dca057 .. 0b5e5037-7576-586f-af37-8fc8672a62c8), Some(52) us, 0 findings
Systems effective audit batch 71 end: 8 subjects (0b7b4497-1f32-583d-8d9a-1234919e6100 .. 0baffb50-f96a-5c18-b5a6-8ac0169e1eff), Some(58) us, 0 findings
Systems effective audit batch 72 begin: 8 subjects (0bb58a4d-e9b2-527d-894e-e83d0f07a013 .. 0bd5cd76-ced0-5a54-a9d9-1aac5bb2886f), None us, 0 findings
Systems effective audit batch 73 begin: 8 subjects (0bda5a2d-d7b5-576c-8c23-2f1ded541a2a .. 0be48320-3273-5889-9e50-fd82c67e6462), None us, 0 findings
Systems effective audit batch 72 end: 8 subjects (0bb58a4d-e9b2-527d-894e-e83d0f07a013 .. 0bd5cd76-ced0-5a54-a9d9-1aac5bb2886f), Some(53) us, 0 findings
Systems effective audit batch 73 end: 8 subjects (0bda5a2d-d7b5-576c-8c23-2f1ded541a2a .. 0be48320-3273-5889-9e50-fd82c67e6462), Some(979776) us, 0 findings
Systems effective audit batch 74 begin: 8 subjects (0be59f45-78f8-5c39-9121-f545514d8cdf .. 0bf65ef0-f324-59a5-a18a-4a528871bfce), None us, 0 findings
Systems effective audit batch 75 begin: 8 subjects (0bf9c3a4-3ed6-5d80-9974-ca3bbc2717a5 .. 0c14b745-fd08-56d8-b685-4daacdc629f2), None us, 0 findings
Systems effective audit batch 74 end: 8 subjects (0be59f45-78f8-5c39-9121-f545514d8cdf .. 0bf65ef0-f324-59a5-a18a-4a528871bfce), Some(63) us, 0 findings
Systems effective audit batch 75 end: 8 subjects (0bf9c3a4-3ed6-5d80-9974-ca3bbc2717a5 .. 0c14b745-fd08-56d8-b685-4daacdc629f2), Some(62) us, 0 findings
Systems effective audit batch 76 begin: 8 subjects (0c2312e2-0c95-59de-8ef7-4b61f00a8efa .. 0c4a00ae-7913-5f16-bb61-af2e92c30bab), None us, 0 findings
Systems effective audit batch 77 begin: 8 subjects (0c4a2e97-3f96-5915-90e8-1f46991ac16f .. 0c64ff5f-5535-5981-a30f-aa80d38ce99f), None us, 0 findings
Systems effective audit batch 76 end: 8 subjects (0c2312e2-0c95-59de-8ef7-4b61f00a8efa .. 0c4a00ae-7913-5f16-bb61-af2e92c30bab), Some(51) us, 0 findings
Systems effective audit batch 77 end: 8 subjects (0c4a2e97-3f96-5915-90e8-1f46991ac16f .. 0c64ff5f-5535-5981-a30f-aa80d38ce99f), Some(802315) us, 0 findings
Systems effective audit batch 78 begin: 8 subjects (0c6f8efa-ef80-520e-949f-96b171f43fca .. 0cacb4fa-439b-5879-bfc7-011cde554297), None us, 0 findings
Systems effective audit batch 79 begin: 8 subjects (0cad133f-541e-5781-99b2-f63bc11ba694 .. 0cd91950-e59a-5c9c-8bc2-0cd3c6582026), None us, 0 findings
Systems effective audit batch 78 end: 8 subjects (0c6f8efa-ef80-520e-949f-96b171f43fca .. 0cacb4fa-439b-5879-bfc7-011cde554297), Some(1246121) us, 0 findings
Systems effective audit batch 79 end: 8 subjects (0cad133f-541e-5781-99b2-f63bc11ba694 .. 0cd91950-e59a-5c9c-8bc2-0cd3c6582026), Some(63) us, 0 findings
Systems effective audit batch 80 begin: 8 subjects (0cd992e8-47eb-59b4-bd19-0221240dc85f .. 0ce50ba7-4abe-5597-bb48-b9f8ae3cb45b), None us, 0 findings
Systems effective audit batch 81 begin: 8 subjects (0ce75e58-1d54-5c0b-8d3b-e7c82f6cfd78 .. 0d048935-8e8a-5452-906a-ee3748ac06ee), None us, 0 findings
Systems effective audit batch 80 end: 8 subjects (0cd992e8-47eb-59b4-bd19-0221240dc85f .. 0ce50ba7-4abe-5597-bb48-b9f8ae3cb45b), Some(62) us, 0 findings
Systems effective audit batch 81 end: 8 subjects (0ce75e58-1d54-5c0b-8d3b-e7c82f6cfd78 .. 0d048935-8e8a-5452-906a-ee3748ac06ee), Some(62) us, 0 findings
Systems effective audit batch 82 begin: 8 subjects (0d07148d-35ac-565b-bfe4-301db3c5ea3c .. 0d23628f-0672-5d7b-85b2-6ff4c51360df), None us, 0 findings
Systems effective audit batch 83 begin: 8 subjects (0d2c3f4e-f5b0-5b2e-bedd-8a67689c016f .. 0d4ab905-006d-5eb6-9431-ed9f7e2b6870), None us, 0 findings
Systems effective audit batch 82 end: 8 subjects (0d07148d-35ac-565b-bfe4-301db3c5ea3c .. 0d23628f-0672-5d7b-85b2-6ff4c51360df), Some(61) us, 0 findings
Systems effective audit batch 83 end: 8 subjects (0d2c3f4e-f5b0-5b2e-bedd-8a67689c016f .. 0d4ab905-006d-5eb6-9431-ed9f7e2b6870), Some(507053) us, 0 findings
Systems effective audit batch 84 begin: 8 subjects (0d4d5830-171f-5c32-9583-9fed26f826f6 .. 0d64c2f7-371b-541d-9193-fbe97d6df4ac), None us, 0 findings
Systems effective audit batch 85 begin: 8 subjects (0d6b2ded-2776-5d4f-93e2-72f4544c554b .. 0d8820e7-c28e-5096-8a79-ee8efdc81a53), None us, 0 findings
Systems effective audit batch 84 end: 8 subjects (0d4d5830-171f-5c32-9583-9fed26f826f6 .. 0d64c2f7-371b-541d-9193-fbe97d6df4ac), Some(1672819) us, 0 findings
Systems effective audit batch 85 end: 8 subjects (0d6b2ded-2776-5d4f-93e2-72f4544c554b .. 0d8820e7-c28e-5096-8a79-ee8efdc81a53), Some(73) us, 0 findings
Systems effective audit batch 86 begin: 8 subjects (0d91cb4d-f5eb-5402-8032-bbc21b912392 .. 0db54188-a01e-5381-bff6-54d44d9c11f6), None us, 0 findings
Systems effective audit batch 87 begin: 8 subjects (0dc0b284-77aa-5340-a07c-e9805c21c670 .. 0de1a348-ac4f-5980-97e1-d5a49636643e), None us, 0 findings
Systems effective audit batch 86 end: 8 subjects (0d91cb4d-f5eb-5402-8032-bbc21b912392 .. 0db54188-a01e-5381-bff6-54d44d9c11f6), Some(7746927) us, 0 findings
Systems effective audit batch 87 end: 8 subjects (0dc0b284-77aa-5340-a07c-e9805c21c670 .. 0de1a348-ac4f-5980-97e1-d5a49636643e), Some(271136) us, 0 findings
Systems effective audit batch 88 begin: 8 subjects (0de4e346-d0ab-5466-90ff-4d966bb65348 .. 0e0c24d9-6034-5cb7-82ec-f1df89c3244f), None us, 0 findings
Systems effective audit batch 89 begin: 8 subjects (0e1298f3-8ce3-5e83-9caa-d5c9d72b23f0 .. 0e2e2fbf-151b-5733-b808-83a52ee217a1), None us, 0 findings
Systems effective audit batch 88 end: 8 subjects (0de4e346-d0ab-5466-90ff-4d966bb65348 .. 0e0c24d9-6034-5cb7-82ec-f1df89c3244f), Some(217528) us, 0 findings
Systems effective audit batch 89 end: 8 subjects (0e1298f3-8ce3-5e83-9caa-d5c9d72b23f0 .. 0e2e2fbf-151b-5733-b808-83a52ee217a1), Some(53) us, 0 findings
Systems effective audit batch 90 begin: 8 subjects (0e32443e-c84a-5ff3-b533-b9483d6f6907 .. 0e52f958-3227-501b-8516-e98983ca7f80), None us, 0 findings
Systems effective audit batch 91 begin: 8 subjects (0e535a5d-4c54-5dea-911e-134a69e674e8 .. 0e77f91f-aaeb-56ab-9781-ca8f109a3c2e), None us, 0 findings
Systems effective audit batch 90 end: 8 subjects (0e32443e-c84a-5ff3-b533-b9483d6f6907 .. 0e52f958-3227-501b-8516-e98983ca7f80), Some(4816284) us, 0 findings
Systems effective audit batch 91 end: 8 subjects (0e535a5d-4c54-5dea-911e-134a69e674e8 .. 0e77f91f-aaeb-56ab-9781-ca8f109a3c2e), Some(5494077) us, 0 findings
Systems effective audit batch 92 begin: 8 subjects (0e79b7f8-f1f9-519a-9ccb-59ec669e4418 .. 0e95ae7e-3924-5627-a7e3-fcd15e94da2a), None us, 0 findings
Systems effective audit batch 93 begin: 8 subjects (0e980d11-6f50-5672-a400-08b1fff499fc .. 0eb51184-f9c1-510d-97ef-fcfb19c14301), None us, 0 findings
Systems effective audit batch 92 end: 8 subjects (0e79b7f8-f1f9-519a-9ccb-59ec669e4418 .. 0e95ae7e-3924-5627-a7e3-fcd15e94da2a), Some(74) us, 0 findings
Systems effective audit batch 93 end: 8 subjects (0e980d11-6f50-5672-a400-08b1fff499fc .. 0eb51184-f9c1-510d-97ef-fcfb19c14301), Some(60) us, 0 findings
Systems effective audit batch 94 begin: 8 subjects (0eccb91c-28cf-5c1d-9b61-4dd0eb62efe1 .. 0ef524ef-6560-555a-bb9d-ecf085841e58), None us, 0 findings
Systems effective audit batch 95 begin: 8 subjects (0ef914a8-aea4-5454-8780-63d1bc58b71b .. 0f1a49f3-f075-5dcd-9dde-99cb8a8a9230), None us, 0 findings
Systems effective audit batch 94 end: 8 subjects (0eccb91c-28cf-5c1d-9b61-4dd0eb62efe1 .. 0ef524ef-6560-555a-bb9d-ecf085841e58), Some(722045) us, 0 findings
Systems effective audit batch 95 end: 8 subjects (0ef914a8-aea4-5454-8780-63d1bc58b71b .. 0f1a49f3-f075-5dcd-9dde-99cb8a8a9230), Some(277153) us, 0 findings
Systems effective audit batch 96 begin: 8 subjects (0f1d2654-fa8b-52a6-bc33-c28f191d6580 .. 0f326a5a-1a36-557f-82c3-6ab607ab1445), None us, 0 findings
Systems effective audit batch 97 begin: 8 subjects (0f40ef07-9c12-5618-a403-9ca13823e9b6 .. 0f488315-05b0-5d8f-bb6a-d7ba4dca691a), None us, 0 findings
Systems effective audit batch 96 end: 8 subjects (0f1d2654-fa8b-52a6-bc33-c28f191d6580 .. 0f326a5a-1a36-557f-82c3-6ab607ab1445), Some(285735) us, 0 findings
Systems effective audit batch 97 end: 8 subjects (0f40ef07-9c12-5618-a403-9ca13823e9b6 .. 0f488315-05b0-5d8f-bb6a-d7ba4dca691a), Some(2277) us, 0 findings
Systems effective audit batch 98 begin: 8 subjects (0f4ca8e6-0f48-535a-b137-d2adb8f698e2 .. 0f64a695-4768-5fc6-8af5-a684c2f9f67e), None us, 0 findings
Systems effective audit batch 99 begin: 8 subjects (0f669159-f5c3-5fcb-b5f6-e9d4e5c518fb .. 0f8128dc-327a-5f12-b1ae-02d81b156fe6), None us, 0 findings
Systems effective audit batch 98 end: 8 subjects (0f4ca8e6-0f48-535a-b137-d2adb8f698e2 .. 0f64a695-4768-5fc6-8af5-a684c2f9f67e), Some(58) us, 0 findings
Systems effective audit batch 99 end: 8 subjects (0f669159-f5c3-5fcb-b5f6-e9d4e5c518fb .. 0f8128dc-327a-5f12-b1ae-02d81b156fe6), Some(64) us, 0 findings
Systems effective audit batch 100 begin: 8 subjects (0f81d6c9-cbb8-58fd-bd24-8f9222e42b53 .. 0fac0797-1041-53cf-87a9-824e7ea7ac5c), None us, 0 findings
Systems effective audit batch 101 begin: 8 subjects (0fad18a8-14db-5174-aa49-5651054ea8bf .. 0fc667f6-e1dc-519b-8c25-85edcd642d71), None us, 0 findings
Systems effective audit batch 100 end: 8 subjects (0f81d6c9-cbb8-58fd-bd24-8f9222e42b53 .. 0fac0797-1041-53cf-87a9-824e7ea7ac5c), Some(55) us, 0 findings
Systems effective audit batch 101 end: 8 subjects (0fad18a8-14db-5174-aa49-5651054ea8bf .. 0fc667f6-e1dc-519b-8c25-85edcd642d71), Some(1469028) us, 0 findings
Systems effective audit batch 102 begin: 8 subjects (0fca821f-a2b9-5b59-9d6f-4d0dacafcbef .. 0fe45a36-a124-5fca-924c-451f51c49438), None us, 0 findings
Systems effective audit batch 103 begin: 8 subjects (0ff3f661-eba1-5058-91d7-fe3fb01188d4 .. 0fff48c4-4dd3-5d85-9bb7-c07e5210ee16), None us, 0 findings
Systems effective audit batch 102 end: 8 subjects (0fca821f-a2b9-5b59-9d6f-4d0dacafcbef .. 0fe45a36-a124-5fca-924c-451f51c49438), Some(1004694) us, 0 findings
Systems effective audit batch 103 end: 8 subjects (0ff3f661-eba1-5058-91d7-fe3fb01188d4 .. 0fff48c4-4dd3-5d85-9bb7-c07e5210ee16), Some(61) us, 0 findings
Systems effective audit batch 104 begin: 8 subjects (0fffae59-d2b3-5c2a-941e-dec3145aa900 .. 101b11b7-c1fb-5114-afa2-db96efef9bc9), None us, 0 findings
Systems effective audit batch 105 begin: 8 subjects (1025dcea-35a2-5ecb-b810-ba0392ee2867 .. 1042b28f-7d0e-5386-94e3-40effe0368f4), None us, 0 findings
Systems effective audit batch 104 end: 8 subjects (0fffae59-d2b3-5c2a-941e-dec3145aa900 .. 101b11b7-c1fb-5114-afa2-db96efef9bc9), Some(828145) us, 0 findings
Systems effective audit batch 105 end: 8 subjects (1025dcea-35a2-5ecb-b810-ba0392ee2867 .. 1042b28f-7d0e-5386-94e3-40effe0368f4), Some(93) us, 0 findings
Systems effective audit batch 106 begin: 8 subjects (10433263-3c87-5102-baf7-6d10e42e35bc .. 10614b06-024f-507b-bace-8d6c0cd71ad5), None us, 0 findings
Systems effective audit batch 107 begin: 8 subjects (1061c5c5-9821-552d-8815-cf9778c4a80c .. 108093c3-edb1-522d-a9df-9bac27efcddd), None us, 0 findings
Systems effective audit batch 106 end: 8 subjects (10433263-3c87-5102-baf7-6d10e42e35bc .. 10614b06-024f-507b-bace-8d6c0cd71ad5), Some(74) us, 0 findings
Systems effective audit batch 107 end: 8 subjects (1061c5c5-9821-552d-8815-cf9778c4a80c .. 108093c3-edb1-522d-a9df-9bac27efcddd), Some(71) us, 0 findings
Systems effective audit batch 108 begin: 8 subjects (10885b3f-2dd6-5a22-aa61-16065cc2e2a2 .. 109d642a-1858-5921-93f7-249d31bfacf2), None us, 0 findings
Systems effective audit batch 109 begin: 8 subjects (10aadef4-43cd-5a61-80c0-b52cba499524 .. 10ccfc7a-63ff-5987-940b-4a671b2ad095), None us, 0 findings
Systems effective audit batch 108 end: 8 subjects (10885b3f-2dd6-5a22-aa61-16065cc2e2a2 .. 109d642a-1858-5921-93f7-249d31bfacf2), Some(65) us, 0 findings
Systems effective audit batch 109 end: 8 subjects (10aadef4-43cd-5a61-80c0-b52cba499524 .. 10ccfc7a-63ff-5987-940b-4a671b2ad095), Some(58) us, 0 findings
Systems effective audit batch 110 begin: 8 subjects (10cfc8a4-7ede-5e37-aa5a-af90efeb3ebc .. 10e7862c-397e-5e62-8556-2d5fb2f6bc40), None us, 0 findings
Systems effective audit batch 111 begin: 8 subjects (10e9dd59-01df-5f74-a8d3-eea8ae353441 .. 1110e5e4-7790-5f3e-b8f7-7d06a412748d), None us, 0 findings
Systems effective audit batch 110 end: 8 subjects (10cfc8a4-7ede-5e37-aa5a-af90efeb3ebc .. 10e7862c-397e-5e62-8556-2d5fb2f6bc40), Some(1398140) us, 0 findings
Systems effective audit batch 111 end: 8 subjects (10e9dd59-01df-5f74-a8d3-eea8ae353441 .. 1110e5e4-7790-5f3e-b8f7-7d06a412748d), Some(138) us, 0 findings
Systems effective audit batch 112 begin: 8 subjects (1132ccc6-b466-55fd-b173-9850f2e1ed01 .. 1155fd7c-2917-5a73-9a96-002f55a043cb), None us, 0 findings
Systems effective audit batch 113 begin: 8 subjects (115a4dbf-c57e-59f0-b7f6-4d15de2d061d .. 116e62e7-4e0b-5e49-bc63-412310297a27), None us, 0 findings
Systems effective audit batch 112 end: 8 subjects (1132ccc6-b466-55fd-b173-9850f2e1ed01 .. 1155fd7c-2917-5a73-9a96-002f55a043cb), Some(4004725) us, 0 findings
Systems effective audit batch 113 end: 8 subjects (115a4dbf-c57e-59f0-b7f6-4d15de2d061d .. 116e62e7-4e0b-5e49-bc63-412310297a27), Some(1311668) us, 0 findings
Systems effective audit batch 114 begin: 8 subjects (1172d197-76f8-508b-8a1e-422419e806ab .. 1198695d-dba9-56fa-9ee0-63f941e0802b), None us, 0 findings
Systems effective audit batch 115 begin: 8 subjects (1199099d-9372-544b-b700-9e229e47ad91 .. 11badac2-e1ec-5ebe-b30d-d463930a7018), None us, 0 findings
Systems effective audit batch 114 end: 8 subjects (1172d197-76f8-508b-8a1e-422419e806ab .. 1198695d-dba9-56fa-9ee0-63f941e0802b), Some(69) us, 0 findings
Systems effective audit batch 115 end: 8 subjects (1199099d-9372-544b-b700-9e229e47ad91 .. 11badac2-e1ec-5ebe-b30d-d463930a7018), Some(59) us, 0 findings
Systems effective audit batch 116 begin: 8 subjects (11bc0872-53d1-5e46-9c95-f0d07bffcfdc .. 11dbd359-6c0c-5a0f-a001-948a8d8fe13c), None us, 0 findings
Systems effective audit batch 117 begin: 8 subjects (11ddd666-af79-59c1-b14f-231e81d35b8d .. 12092bb0-d7d9-594a-8936-8f2ef1a096be), None us, 0 findings
Systems effective audit batch 116 end: 8 subjects (11bc0872-53d1-5e46-9c95-f0d07bffcfdc .. 11dbd359-6c0c-5a0f-a001-948a8d8fe13c), Some(62) us, 0 findings
Systems effective audit batch 117 end: 8 subjects (11ddd666-af79-59c1-b14f-231e81d35b8d .. 12092bb0-d7d9-594a-8936-8f2ef1a096be), Some(67) us, 0 findings
Systems effective audit batch 118 begin: 8 subjects (12133d12-79a6-559e-b915-0b7791647437 .. 12264397-553d-5a43-b199-054d68646e8e), None us, 0 findings
Systems effective audit batch 119 begin: 8 subjects (122ad4e1-30e4-5cd4-ad1d-84c160400e69 .. 1253f6b0-fbad-567c-b66a-b4419cdf612d), None us, 0 findings
Systems effective audit batch 118 end: 8 subjects (12133d12-79a6-559e-b915-0b7791647437 .. 12264397-553d-5a43-b199-054d68646e8e), Some(58) us, 0 findings
Systems effective audit batch 119 end: 8 subjects (122ad4e1-30e4-5cd4-ad1d-84c160400e69 .. 1253f6b0-fbad-567c-b66a-b4419cdf612d), Some(4208009) us, 0 findings
Systems effective audit batch 120 begin: 8 subjects (126193de-617c-5d5a-bc90-96b819625856 .. 12844243-4166-5e0c-856c-6c4452ca21ea), None us, 0 findings
Systems effective audit batch 121 begin: 8 subjects (128a2396-6c5d-5cf7-bc30-1c9c81f9c94b .. 12a5727f-77f9-51f8-83b7-41774e05cc59), None us, 0 findings
Systems effective audit batch 120 end: 8 subjects (126193de-617c-5d5a-bc90-96b819625856 .. 12844243-4166-5e0c-856c-6c4452ca21ea), Some(1597601) us, 0 findings
Systems effective audit batch 121 end: 8 subjects (128a2396-6c5d-5cf7-bc30-1c9c81f9c94b .. 12a5727f-77f9-51f8-83b7-41774e05cc59), Some(63) us, 0 findings
Systems effective audit batch 122 begin: 8 subjects (12a71339-c718-5f96-8b0b-4b1fd9ab5302 .. 12b98e3b-d180-5222-9e00-7a8531694d77), None us, 0 findings
Systems effective audit batch 123 begin: 8 subjects (12bb4729-06c1-51b0-9974-891634003445 .. 12f75b16-765e-5249-ab96-8c82dc838248), None us, 0 findings
Systems effective audit batch 122 end: 8 subjects (12a71339-c718-5f96-8b0b-4b1fd9ab5302 .. 12b98e3b-d180-5222-9e00-7a8531694d77), Some(61) us, 0 findings
Systems effective audit batch 123 end: 8 subjects (12bb4729-06c1-51b0-9974-891634003445 .. 12f75b16-765e-5249-ab96-8c82dc838248), Some(588300) us, 0 findings
Systems effective audit batch 124 begin: 8 subjects (12faadc1-dee9-5478-bc13-aebe5474b4aa .. 13201ef5-af3a-59e2-99bb-d4aff51ab444), None us, 0 findings
Systems effective audit batch 125 begin: 8 subjects (13241085-10aa-55d7-875d-994df467c9f2 .. 13371ace-2e60-5042-8867-cfb0a62fb5c5), None us, 0 findings
Systems effective audit batch 124 end: 8 subjects (12faadc1-dee9-5478-bc13-aebe5474b4aa .. 13201ef5-af3a-59e2-99bb-d4aff51ab444), Some(69) us, 0 findings
Systems effective audit batch 125 end: 8 subjects (13241085-10aa-55d7-875d-994df467c9f2 .. 13371ace-2e60-5042-8867-cfb0a62fb5c5), Some(65) us, 0 findings
Systems effective audit batch 126 begin: 8 subjects (1339ff24-06e1-5df3-8f62-b0b79ffe6507 .. 13551b89-343b-587f-b50b-9d70bbfe35cd), None us, 0 findings
Systems effective audit batch 127 begin: 8 subjects (13570f3e-5293-59b6-a1e9-db7bfd3d70df .. 136ce0d5-9e0b-55f4-9f58-483a1987a9df), None us, 0 findings
Systems effective audit batch 126 end: 8 subjects (1339ff24-06e1-5df3-8f62-b0b79ffe6507 .. 13551b89-343b-587f-b50b-9d70bbfe35cd), Some(56) us, 0 findings
Systems effective audit batch 127 end: 8 subjects (13570f3e-5293-59b6-a1e9-db7bfd3d70df .. 136ce0d5-9e0b-55f4-9f58-483a1987a9df), Some(55) us, 0 findings
Systems effective audit batch 128 begin: 8 subjects (136ecc8e-6879-5c24-895e-482abd54ad17 .. 138369ab-d50f-52d4-a190-855f12d014c2), None us, 0 findings
Systems effective audit batch 129 begin: 8 subjects (1385e0e5-5d64-5e10-9d1a-b9ae20b445ff .. 13a61c38-0dd0-58c3-92c3-9313a288f07a), None us, 0 findings
Systems effective audit batch 128 end: 8 subjects (136ecc8e-6879-5c24-895e-482abd54ad17 .. 138369ab-d50f-52d4-a190-855f12d014c2), Some(3676208) us, 0 findings
Systems effective audit batch 129 end: 8 subjects (1385e0e5-5d64-5e10-9d1a-b9ae20b445ff .. 13a61c38-0dd0-58c3-92c3-9313a288f07a), Some(66) us, 0 findings
Systems effective audit batch 130 begin: 8 subjects (13a8d9db-42ed-5c0b-8921-7a577bc01315 .. 13be25bf-fc8a-5b51-bebf-edfbdc08c3ef), None us, 0 findings
Systems effective audit batch 131 begin: 8 subjects (13bfd7d9-596e-52d1-9f5a-f62084cace2d .. 13de1f3a-ddc8-5eea-961a-bb990179050a), None us, 0 findings
Systems effective audit batch 130 end: 8 subjects (13a8d9db-42ed-5c0b-8921-7a577bc01315 .. 13be25bf-fc8a-5b51-bebf-edfbdc08c3ef), Some(65809) us, 0 findings
Systems effective audit batch 131 end: 8 subjects (13bfd7d9-596e-52d1-9f5a-f62084cace2d .. 13de1f3a-ddc8-5eea-961a-bb990179050a), Some(61) us, 0 findings
Systems effective audit batch 132 begin: 8 subjects (13de2d90-ee57-5701-8994-f70fceb3c8f3 .. 14008719-d04c-5e5e-b1b3-899cd65f2c38), None us, 0 findings
Systems effective audit batch 133 begin: 8 subjects (140ef6ea-f727-51a0-89f6-61d454cb48c7 .. 142a0e46-6ac6-50b3-8209-7dfa6187ae00), None us, 0 findings
Systems effective audit batch 132 end: 8 subjects (13de2d90-ee57-5701-8994-f70fceb3c8f3 .. 14008719-d04c-5e5e-b1b3-899cd65f2c38), Some(72) us, 0 findings
Systems effective audit batch 133 end: 8 subjects (140ef6ea-f727-51a0-89f6-61d454cb48c7 .. 142a0e46-6ac6-50b3-8209-7dfa6187ae00), Some(7221743) us, 0 findings
Systems effective audit batch 134 begin: 8 subjects (142a15a9-d7e5-53f9-af3a-ec1b2feda6b1 .. 1452984e-10ed-5543-8f06-a323ee5cb576), None us, 0 findings
Systems effective audit batch 135 begin: 8 subjects (145933b6-5340-5e07-aa39-52311b1cc81b .. 147e27c4-f305-573e-beb9-89afa519bc61), None us, 0 findings
Systems effective audit batch 134 end: 8 subjects (142a15a9-d7e5-53f9-af3a-ec1b2feda6b1 .. 1452984e-10ed-5543-8f06-a323ee5cb576), Some(3665525) us, 0 findings
Systems effective audit batch 135 end: 8 subjects (145933b6-5340-5e07-aa39-52311b1cc81b .. 147e27c4-f305-573e-beb9-89afa519bc61), Some(70) us, 0 findings
Systems effective audit batch 136 begin: 8 subjects (147e6506-6d34-5209-b83f-9983def4c9ce .. 149bf9fb-8bde-5d1f-8848-f9a43e960433), None us, 0 findings
Systems effective audit batch 137 begin: 8 subjects (14a3e468-0dab-50b9-af69-b64c065c3f66 .. 14b88330-6b93-5793-a311-07ed91debd4e), None us, 0 findings
Systems effective audit batch 136 end: 8 subjects (147e6506-6d34-5209-b83f-9983def4c9ce .. 149bf9fb-8bde-5d1f-8848-f9a43e960433), Some(73) us, 0 findings
Systems effective audit batch 137 end: 8 subjects (14a3e468-0dab-50b9-af69-b64c065c3f66 .. 14b88330-6b93-5793-a311-07ed91debd4e), Some(3577355) us, 0 findings
Systems effective audit batch 138 begin: 8 subjects (14ba1096-fb60-5ea0-abaa-d2f7feffe3d4 .. 14e0b7a3-7732-557e-8426-4293cf676c16), None us, 0 findings
Systems effective audit batch 139 begin: 8 subjects (14e6101a-0af6-5f73-a685-726f34786bb7 .. 151326eb-37c8-5014-8c9c-4b39497ba4a4), None us, 0 findings
Systems effective audit batch 138 end: 8 subjects (14ba1096-fb60-5ea0-abaa-d2f7feffe3d4 .. 14e0b7a3-7732-557e-8426-4293cf676c16), Some(74) us, 0 findings
Systems effective audit batch 139 end: 8 subjects (14e6101a-0af6-5f73-a685-726f34786bb7 .. 151326eb-37c8-5014-8c9c-4b39497ba4a4), Some(62) us, 0 findings
Systems effective audit batch 140 begin: 8 subjects (1517caed-c33a-5b42-9930-4c135a90b5cf .. 15436656-325d-5f77-8183-fa57aa691ace), None us, 0 findings
Systems effective audit batch 141 begin: 8 subjects (1547589b-551e-5cb0-b152-5e34a3f47428 .. 155d6e10-26a8-5b6a-832b-e7ae14109907), None us, 0 findings
Systems effective audit batch 140 end: 8 subjects (1517caed-c33a-5b42-9930-4c135a90b5cf .. 15436656-325d-5f77-8183-fa57aa691ace), Some(54) us, 0 findings
Systems effective audit batch 141 end: 8 subjects (1547589b-551e-5cb0-b152-5e34a3f47428 .. 155d6e10-26a8-5b6a-832b-e7ae14109907), Some(733887) us, 0 findings
Systems effective audit batch 142 begin: 8 subjects (155d8ede-1f67-5529-81e3-d82e3ac612b8 .. 1574ea40-d490-58de-9633-32f9aeb1c93d), None us, 0 findings
Systems effective audit batch 143 begin: 8 subjects (1575a13d-e042-5720-afac-9788dbb784c0 .. 159273e7-b64a-58e1-b504-4faa49db1e6b), None us, 0 findings
Systems effective audit batch 142 end: 8 subjects (155d8ede-1f67-5529-81e3-d82e3ac612b8 .. 1574ea40-d490-58de-9633-32f9aeb1c93d), Some(80) us, 0 findings
Systems effective audit batch 143 end: 8 subjects (1575a13d-e042-5720-afac-9788dbb784c0 .. 159273e7-b64a-58e1-b504-4faa49db1e6b), Some(60) us, 0 findings
Systems effective audit batch 144 begin: 8 subjects (15997225-a9b1-50d8-adf1-61ddf4f76d91 .. 15f2d635-3940-5625-a61f-d835a924a5a4), None us, 0 findings
Systems effective audit batch 145 begin: 8 subjects (15f558e8-5eb6-5fb8-9b03-6595fe4720e3 .. 161e84b3-efc2-5964-9863-a2f4f6a5af71), None us, 0 findings
Systems effective audit batch 144 end: 8 subjects (15997225-a9b1-50d8-adf1-61ddf4f76d91 .. 15f2d635-3940-5625-a61f-d835a924a5a4), Some(52) us, 0 findings
Systems effective audit batch 145 end: 8 subjects (15f558e8-5eb6-5fb8-9b03-6595fe4720e3 .. 161e84b3-efc2-5964-9863-a2f4f6a5af71), Some(71) us, 0 findings
Systems effective audit batch 146 begin: 8 subjects (16208649-9a3f-5c90-a371-976ac1290346 .. 1648a4aa-aee2-5bf8-ac49-f28c3375184a), None us, 0 findings
Systems effective audit batch 147 begin: 8 subjects (16506ddd-f947-5642-a9cb-1cfb077a2d56 .. 167daa18-6865-5ba2-9a01-9e1f92d1456d), None us, 0 findings
Systems effective audit batch 146 end: 8 subjects (16208649-9a3f-5c90-a371-976ac1290346 .. 1648a4aa-aee2-5bf8-ac49-f28c3375184a), Some(71) us, 0 findings
Systems effective audit batch 147 end: 8 subjects (16506ddd-f947-5642-a9cb-1cfb077a2d56 .. 167daa18-6865-5ba2-9a01-9e1f92d1456d), Some(75) us, 0 findings
Systems effective audit batch 148 begin: 8 subjects (167f1982-ab84-54e0-becf-5c18b55788a6 .. 1694bd73-5bbe-51d5-8481-785bbf7286a5), None us, 0 findings
Systems effective audit batch 149 begin: 8 subjects (169526bc-f3f2-58f5-a85e-e6e52567bc44 .. 16af7999-ed8e-507a-8523-a3e3e7498fcf), None us, 0 findings
Systems effective audit batch 148 end: 8 subjects (167f1982-ab84-54e0-becf-5c18b55788a6 .. 1694bd73-5bbe-51d5-8481-785bbf7286a5), Some(48) us, 0 findings
Systems effective audit batch 149 end: 8 subjects (169526bc-f3f2-58f5-a85e-e6e52567bc44 .. 16af7999-ed8e-507a-8523-a3e3e7498fcf), Some(62) us, 0 findings
Systems effective audit batch 150 begin: 8 subjects (16b0eecb-e860-573d-8e83-c5fd9b881404 .. 16cc5ca9-e6b2-56b5-bdb4-c1b9a5a8e23e), None us, 0 findings
Systems effective audit batch 151 begin: 8 subjects (16d495cd-ea0d-54ef-9194-2f22fc14c542 .. 170254fc-152c-58d1-8335-5509ee6f308c), None us, 0 findings
Systems effective audit batch 150 end: 8 subjects (16b0eecb-e860-573d-8e83-c5fd9b881404 .. 16cc5ca9-e6b2-56b5-bdb4-c1b9a5a8e23e), Some(701789) us, 0 findings
Systems effective audit batch 151 end: 8 subjects (16d495cd-ea0d-54ef-9194-2f22fc14c542 .. 170254fc-152c-58d1-8335-5509ee6f308c), Some(58) us, 0 findings
Systems effective audit batch 152 begin: 8 subjects (17045c87-26e4-5564-be2b-704328b73b09 .. 172d3e51-9b2b-5f57-9744-7d8f54ad5292), None us, 0 findings
Systems effective audit batch 153 begin: 8 subjects (17319ecb-3257-5a88-9471-265dacbf3b90 .. 174d66c8-5c9b-5d3d-a564-5f995e7af1c5), None us, 0 findings
Systems effective audit batch 152 end: 8 subjects (17045c87-26e4-5564-be2b-704328b73b09 .. 172d3e51-9b2b-5f57-9744-7d8f54ad5292), Some(67) us, 0 findings
Systems effective audit batch 153 end: 8 subjects (17319ecb-3257-5a88-9471-265dacbf3b90 .. 174d66c8-5c9b-5d3d-a564-5f995e7af1c5), Some(57) us, 0 findings
Systems effective audit batch 154 begin: 8 subjects (174f77c7-f1da-5084-ba04-4bc4908665c4 .. 176be811-d382-5424-aa73-22e2abb31ab9), None us, 0 findings
Systems effective audit batch 155 begin: 8 subjects (17705177-c9d3-5fd9-a1d4-d0e474e23a3d .. 178b1209-8d10-5c71-bafb-86c38be1a6f1), None us, 0 findings
Systems effective audit batch 154 end: 8 subjects (174f77c7-f1da-5084-ba04-4bc4908665c4 .. 176be811-d382-5424-aa73-22e2abb31ab9), Some(77) us, 0 findings
Systems effective audit batch 155 end: 8 subjects (17705177-c9d3-5fd9-a1d4-d0e474e23a3d .. 178b1209-8d10-5c71-bafb-86c38be1a6f1), Some(82) us, 0 findings
Systems effective audit batch 156 begin: 8 subjects (17908a95-0e2c-56dd-afa9-10ad4615ccd1 .. 17a89b15-28ad-5707-9622-b09269cbe3f6), None us, 0 findings
Systems effective audit batch 157 begin: 8 subjects (17b20482-32f7-5103-92bf-360d6e8fb05f .. 17da22f1-d74d-59f6-be96-bcbedebb50e1), None us, 0 findings
Systems effective audit batch 156 end: 8 subjects (17908a95-0e2c-56dd-afa9-10ad4615ccd1 .. 17a89b15-28ad-5707-9622-b09269cbe3f6), Some(128) us, 0 findings
Systems effective audit batch 157 end: 8 subjects (17b20482-32f7-5103-92bf-360d6e8fb05f .. 17da22f1-d74d-59f6-be96-bcbedebb50e1), Some(97) us, 0 findings
Systems effective audit batch 158 begin: 8 subjects (17e49794-1263-5521-9053-e59ef493d395 .. 180436f4-6d82-5321-9e80-0f40744995f4), None us, 0 findings
Systems effective audit batch 159 begin: 8 subjects (18114c7d-629a-5193-bdef-4584e26e4d77 .. 18319699-29fb-5040-810e-7a6fc5889092), None us, 0 findings
Systems effective audit batch 158 end: 8 subjects (17e49794-1263-5521-9053-e59ef493d395 .. 180436f4-6d82-5321-9e80-0f40744995f4), Some(83) us, 0 findings
Systems effective audit batch 159 end: 8 subjects (18114c7d-629a-5193-bdef-4584e26e4d77 .. 18319699-29fb-5040-810e-7a6fc5889092), Some(78) us, 0 findings
Systems effective audit batch 160 begin: 8 subjects (183b3319-11da-5c25-bf01-665acbb1ccfc .. 18609621-4f72-5ebf-9a17-39510977c71e), None us, 0 findings
Systems effective audit batch 161 begin: 8 subjects (1867d071-53ff-5ecd-8bdb-c95259077f95 .. 1896fca5-a001-5f1e-a5f2-de2836d90cba), None us, 0 findings
Systems effective audit batch 160 end: 8 subjects (183b3319-11da-5c25-bf01-665acbb1ccfc .. 18609621-4f72-5ebf-9a17-39510977c71e), Some(71) us, 0 findings
Systems effective audit batch 161 end: 8 subjects (1867d071-53ff-5ecd-8bdb-c95259077f95 .. 1896fca5-a001-5f1e-a5f2-de2836d90cba), Some(88) us, 0 findings
Systems effective audit batch 162 begin: 8 subjects (1897bc32-aa2b-582f-8636-e6e11bc5257e .. 18b58ee4-5354-5ce1-bf5d-d5db658e6281), None us, 0 findings
Systems effective audit batch 163 begin: 8 subjects (18b77c6f-8aab-5b8f-b80b-f382061fd9e6 .. 18d4750b-063d-590a-8422-2458dba50f0d), None us, 0 findings
Systems effective audit batch 162 end: 8 subjects (1897bc32-aa2b-582f-8636-e6e11bc5257e .. 18b58ee4-5354-5ce1-bf5d-d5db658e6281), Some(78) us, 0 findings
Systems effective audit batch 163 end: 8 subjects (18b77c6f-8aab-5b8f-b80b-f382061fd9e6 .. 18d4750b-063d-590a-8422-2458dba50f0d), Some(91) us, 0 findings
Systems effective audit batch 164 begin: 8 subjects (18d8c773-2529-5d6b-8b2a-fa5edd4e7541 .. 18ffc749-a2e4-577e-a617-f855697c99fe), None us, 0 findings
Systems effective audit batch 165 begin: 8 subjects (1902720a-3fa9-5c19-8184-3de0394d7b0a .. 1912721d-1142-5eec-bc63-93d1b33e9761), None us, 0 findings
Systems effective audit batch 164 end: 8 subjects (18d8c773-2529-5d6b-8b2a-fa5edd4e7541 .. 18ffc749-a2e4-577e-a617-f855697c99fe), Some(8869800) us, 0 findings
Systems effective audit batch 165 end: 8 subjects (1902720a-3fa9-5c19-8184-3de0394d7b0a .. 1912721d-1142-5eec-bc63-93d1b33e9761), Some(85) us, 0 findings
Systems effective audit batch 166 begin: 8 subjects (19157a16-f813-5a2e-930b-da4672441dc3 .. 19369aaa-a9b9-5137-92fe-d7e060cfbdd8), None us, 0 findings
Systems effective audit batch 167 begin: 8 subjects (193d2608-812e-545c-aa95-578162e89f15 .. 196cf639-e9e5-510a-9dbe-3a3169c8318d), None us, 0 findings
Systems effective audit batch 166 end: 8 subjects (19157a16-f813-5a2e-930b-da4672441dc3 .. 19369aaa-a9b9-5137-92fe-d7e060cfbdd8), Some(82) us, 0 findings
Systems effective audit batch 167 end: 8 subjects (193d2608-812e-545c-aa95-578162e89f15 .. 196cf639-e9e5-510a-9dbe-3a3169c8318d), Some(72) us, 0 findings
Systems effective audit batch 168 begin: 8 subjects (196d75a9-9cd2-5951-9a32-a2428380d567 .. 19898d9c-5bac-56bb-aa26-91650727160f), None us, 0 findings
Systems effective audit batch 169 begin: 8 subjects (198f053b-00b1-5a5f-a0eb-c356e208081c .. 19a0b468-5646-5ee6-a877-5d14d1f0ee0c), None us, 0 findings
Systems effective audit batch 168 end: 8 subjects (196d75a9-9cd2-5951-9a32-a2428380d567 .. 19898d9c-5bac-56bb-aa26-91650727160f), Some(91) us, 0 findings
Systems effective audit batch 169 end: 8 subjects (198f053b-00b1-5a5f-a0eb-c356e208081c .. 19a0b468-5646-5ee6-a877-5d14d1f0ee0c), Some(1583914) us, 0 findings
Systems effective audit batch 170 begin: 8 subjects (19a0da19-8cec-5c9d-8d3c-b667d3e0eb4e .. 19b6f062-8de8-51cb-a2c9-dbb646715ade), None us, 0 findings
Systems effective audit batch 171 begin: 8 subjects (19b87bfd-f193-559f-8bdc-b0c16b8c454c .. 19cf4b37-5a8b-5ea8-9445-583875108631), None us, 0 findings
Systems effective audit batch 170 end: 8 subjects (19a0da19-8cec-5c9d-8d3c-b667d3e0eb4e .. 19b6f062-8de8-51cb-a2c9-dbb646715ade), Some(88) us, 0 findings
Systems effective audit batch 171 end: 8 subjects (19b87bfd-f193-559f-8bdc-b0c16b8c454c .. 19cf4b37-5a8b-5ea8-9445-583875108631), Some(56) us, 0 findings
Systems effective audit batch 172 begin: 8 subjects (19cfc4fa-daa8-5c00-b5b5-f38ee00e4563 .. 19ea0fb5-d71d-5589-b23c-44167fd1748c), None us, 0 findings
Systems effective audit batch 173 begin: 8 subjects (19f2426e-3946-518a-b4af-19f5d4e593f8 .. 1a0f00b2-3c75-5ab5-8ad5-85844d6a54ac), None us, 0 findings
Systems effective audit batch 172 end: 8 subjects (19cfc4fa-daa8-5c00-b5b5-f38ee00e4563 .. 19ea0fb5-d71d-5589-b23c-44167fd1748c), Some(4822444) us, 0 findings
Systems effective audit batch 173 end: 8 subjects (19f2426e-3946-518a-b4af-19f5d4e593f8 .. 1a0f00b2-3c75-5ab5-8ad5-85844d6a54ac), Some(6467754) us, 0 findings
Systems effective audit batch 174 begin: 8 subjects (1a0f62a3-88be-5421-9ea4-a53b2a0e2047 .. 1a3e7ce3-ae0d-5166-a6c1-d5a499a7be7f), None us, 0 findings
Systems effective audit batch 175 begin: 8 subjects (1a3f7893-cc1b-5cb8-a8cd-692be594694a .. 1a6230be-8167-58e2-9e7f-aa63a2722cd4), None us, 0 findings
Systems effective audit batch 174 end: 8 subjects (1a0f62a3-88be-5421-9ea4-a53b2a0e2047 .. 1a3e7ce3-ae0d-5166-a6c1-d5a499a7be7f), Some(72) us, 0 findings
Systems effective audit batch 175 end: 8 subjects (1a3f7893-cc1b-5cb8-a8cd-692be594694a .. 1a6230be-8167-58e2-9e7f-aa63a2722cd4), Some(1406642) us, 0 findings
Systems effective audit batch 176 begin: 8 subjects (1a67bb1a-12e5-59d4-a66d-f3f14954cc0d .. 1a83d7a7-19db-5cf2-95ee-4797b092fe81), None us, 0 findings
Systems effective audit batch 177 begin: 8 subjects (1a938612-1e40-5a87-a5fd-9a8483c2225a .. 1aa80034-cbb6-59a8-98d6-e4e54a947eaa), None us, 0 findings
Systems effective audit batch 176 end: 8 subjects (1a67bb1a-12e5-59d4-a66d-f3f14954cc0d .. 1a83d7a7-19db-5cf2-95ee-4797b092fe81), Some(70) us, 0 findings
Systems effective audit batch 177 end: 8 subjects (1a938612-1e40-5a87-a5fd-9a8483c2225a .. 1aa80034-cbb6-59a8-98d6-e4e54a947eaa), Some(69) us, 0 findings
Systems effective audit batch 178 begin: 8 subjects (1aa840c8-a422-5e43-b7fe-18994bb9a790 .. 1aca3ad7-a456-5697-9f74-2edf1d7efb51), None us, 0 findings
Systems effective audit batch 179 begin: 8 subjects (1acc3753-93f7-5d51-b60d-8f2a658d8232 .. 1ae203a4-2c2e-5367-ad1f-5a223e63140f), None us, 0 findings
Systems effective audit batch 178 end: 8 subjects (1aa840c8-a422-5e43-b7fe-18994bb9a790 .. 1aca3ad7-a456-5697-9f74-2edf1d7efb51), Some(69) us, 0 findings
Systems effective audit batch 179 end: 8 subjects (1acc3753-93f7-5d51-b60d-8f2a658d8232 .. 1ae203a4-2c2e-5367-ad1f-5a223e63140f), Some(89) us, 0 findings
Systems effective audit batch 180 begin: 8 subjects (1b02578e-1974-53eb-beee-e91113d2e44b .. 1b18b5f8-537d-5cbe-bb11-2b73eb971196), None us, 0 findings
Systems effective audit batch 181 begin: 8 subjects (1b1ffc5b-f154-5f7e-bc6e-a05df462d62b .. 1b41f8f5-ae2e-5b90-8b50-20df1aaae7ad), None us, 0 findings
Systems effective audit batch 180 end: 8 subjects (1b02578e-1974-53eb-beee-e91113d2e44b .. 1b18b5f8-537d-5cbe-bb11-2b73eb971196), Some(82389) us, 0 findings
Systems effective audit batch 181 end: 8 subjects (1b1ffc5b-f154-5f7e-bc6e-a05df462d62b .. 1b41f8f5-ae2e-5b90-8b50-20df1aaae7ad), Some(80) us, 0 findings
Systems effective audit batch 182 begin: 8 subjects (1b5015a6-b364-5a87-bc17-4531de25b3a3 .. 1b62e051-59cc-51b2-bde5-3a42957453fd), None us, 0 findings
Systems effective audit batch 183 begin: 8 subjects (1b654183-4943-57c6-926d-9af821cbbf31 .. 1b94905b-9ba9-5ef2-8588-d155934f5afa), None us, 0 findings
Systems effective audit batch 182 end: 8 subjects (1b5015a6-b364-5a87-bc17-4531de25b3a3 .. 1b62e051-59cc-51b2-bde5-3a42957453fd), Some(172) us, 0 findings
Systems effective audit batch 183 end: 8 subjects (1b654183-4943-57c6-926d-9af821cbbf31 .. 1b94905b-9ba9-5ef2-8588-d155934f5afa), Some(64) us, 0 findings
Systems effective audit batch 184 begin: 8 subjects (1ba062a2-d652-50ba-8c5b-4d36cebeed50 .. 1bbffefd-db69-5a56-9111-e07068882c5a), None us, 0 findings
Systems effective audit batch 185 begin: 8 subjects (1bc1d397-e6e9-5450-9322-6403087083bf .. 1bd38bcd-1157-5c4a-8a4f-07a8f9bb3843), None us, 0 findings
Systems effective audit batch 184 end: 8 subjects (1ba062a2-d652-50ba-8c5b-4d36cebeed50 .. 1bbffefd-db69-5a56-9111-e07068882c5a), Some(1825122) us, 0 findings
Systems effective audit batch 185 end: 8 subjects (1bc1d397-e6e9-5450-9322-6403087083bf .. 1bd38bcd-1157-5c4a-8a4f-07a8f9bb3843), Some(210) us, 0 findings
Systems effective audit batch 186 begin: 8 subjects (1bd75edc-1d0f-5a0a-8844-57beb0ad0120 .. 1c103c62-f7bc-5d06-90d5-71b210ddde11), None us, 0 findings
Systems effective audit batch 187 begin: 8 subjects (1c115c2c-51ed-51f4-aced-f0b27941f6f6 .. 1c2492ec-fe87-5ac4-a30b-2ad15f2f26db), None us, 0 findings
Systems effective audit batch 186 end: 8 subjects (1bd75edc-1d0f-5a0a-8844-57beb0ad0120 .. 1c103c62-f7bc-5d06-90d5-71b210ddde11), Some(3269406) us, 0 findings
Systems effective audit batch 187 end: 8 subjects (1c115c2c-51ed-51f4-aced-f0b27941f6f6 .. 1c2492ec-fe87-5ac4-a30b-2ad15f2f26db), Some(81) us, 0 findings
Systems effective audit batch 188 begin: 8 subjects (1c24b33f-7f69-51b4-b421-b0925f15eddc .. 1c4f43e3-5419-5abb-b16e-bdea36d72282), None us, 0 findings
Systems effective audit batch 189 begin: 8 subjects (1c60c98b-d3e4-531e-8b37-0ac695c0e9f2 .. 1c9723d4-04d9-516c-a6c3-ce7ed6c458c1), None us, 0 findings
Systems effective audit batch 188 end: 8 subjects (1c24b33f-7f69-51b4-b421-b0925f15eddc .. 1c4f43e3-5419-5abb-b16e-bdea36d72282), Some(157) us, 0 findings
Systems effective audit batch 189 end: 8 subjects (1c60c98b-d3e4-531e-8b37-0ac695c0e9f2 .. 1c9723d4-04d9-516c-a6c3-ce7ed6c458c1), Some(3510569) us, 0 findings
Systems effective audit batch 190 begin: 8 subjects (1c993776-e34a-556c-93fe-3a7d71154f56 .. 1cbd4bdb-7792-54e8-99d7-072a08e8b7d3), None us, 0 findings
Systems effective audit batch 191 begin: 8 subjects (1cc138fc-4c4d-5c33-b762-ad36acc12ef6 .. 1cf8c6c9-05f3-5949-bbb7-5805e36ae8ce), None us, 0 findings
Systems effective audit batch 190 end: 8 subjects (1c993776-e34a-556c-93fe-3a7d71154f56 .. 1cbd4bdb-7792-54e8-99d7-072a08e8b7d3), Some(1124089) us, 0 findings
Systems effective audit batch 191 end: 8 subjects (1cc138fc-4c4d-5c33-b762-ad36acc12ef6 .. 1cf8c6c9-05f3-5949-bbb7-5805e36ae8ce), Some(79) us, 0 findings
Systems effective audit batch 192 begin: 8 subjects (1cfa8758-dacd-5d7c-acfc-9e0eb42287a2 .. 1d1051eb-2ab0-5e9d-b8a0-275ff0e84f3b), None us, 0 findings
Systems effective audit batch 193 begin: 8 subjects (1d155991-fcbe-579b-8a75-37151517bf35 .. 1d3a00de-1ff6-5ea5-bd49-4e93075fc372), None us, 0 findings
Systems effective audit batch 192 end: 8 subjects (1cfa8758-dacd-5d7c-acfc-9e0eb42287a2 .. 1d1051eb-2ab0-5e9d-b8a0-275ff0e84f3b), Some(1657399) us, 0 findings
Systems effective audit batch 193 end: 8 subjects (1d155991-fcbe-579b-8a75-37151517bf35 .. 1d3a00de-1ff6-5ea5-bd49-4e93075fc372), Some(57) us, 0 findings
Systems effective audit batch 194 begin: 8 subjects (1d3e43b1-06c6-54bd-96c3-baf02961c0ad .. 1d5f8da1-191c-54e0-a75e-081c43abee9a), None us, 0 findings
Systems effective audit batch 195 begin: 8 subjects (1d630f78-b9bf-5cd3-80df-c0c2308e20aa .. 1d7ccbd1-6a1b-5d8a-b893-cb2f0786c86f), None us, 0 findings
Systems effective audit batch 194 end: 8 subjects (1d3e43b1-06c6-54bd-96c3-baf02961c0ad .. 1d5f8da1-191c-54e0-a75e-081c43abee9a), Some(74) us, 0 findings
Systems effective audit batch 195 end: 8 subjects (1d630f78-b9bf-5cd3-80df-c0c2308e20aa .. 1d7ccbd1-6a1b-5d8a-b893-cb2f0786c86f), Some(69) us, 0 findings
Systems effective audit batch 196 begin: 8 subjects (1d7ea702-b913-5eda-94cd-d18d6e1b122c .. 1dae50e2-a2c4-5470-8bc1-780d51f22513), None us, 0 findings
Systems effective audit batch 197 begin: 8 subjects (1daf197e-73f1-532f-99c2-5512a1468034 .. 1dccc3db-47d8-5b6b-a717-7ecadc7c4ce3), None us, 0 findings
Systems effective audit batch 196 end: 8 subjects (1d7ea702-b913-5eda-94cd-d18d6e1b122c .. 1dae50e2-a2c4-5470-8bc1-780d51f22513), Some(80) us, 0 findings
Systems effective audit batch 197 end: 8 subjects (1daf197e-73f1-532f-99c2-5512a1468034 .. 1dccc3db-47d8-5b6b-a717-7ecadc7c4ce3), Some(471271) us, 0 findings
Systems effective audit batch 198 begin: 8 subjects (1dcfbbec-1909-55a1-bea2-3a43f433965c .. 1def6e45-cf05-5d44-8df2-dba15097a00a), None us, 0 findings
Systems effective audit batch 199 begin: 8 subjects (1defa6c7-b427-5961-bdad-b2b44c3dd39c .. 1e074e8c-cca6-5a1a-a4f7-0767066513fc), None us, 0 findings
Systems effective audit batch 198 end: 8 subjects (1dcfbbec-1909-55a1-bea2-3a43f433965c .. 1def6e45-cf05-5d44-8df2-dba15097a00a), Some(65) us, 0 findings
Systems effective audit batch 199 end: 8 subjects (1defa6c7-b427-5961-bdad-b2b44c3dd39c .. 1e074e8c-cca6-5a1a-a4f7-0767066513fc), Some(620455) us, 0 findings
Systems effective audit batch 200 begin: 8 subjects (1e0a90b4-197c-56d2-ab55-c397cac5f17a .. 1e2437c2-ebc8-5921-9c17-bd4f1b6ba096), None us, 0 findings
Systems effective audit batch 201 begin: 8 subjects (1e270afe-55a9-5e95-8b77-b91bca461ae9 .. 1e47ccea-0687-5dd3-9783-ea1d2a027449), None us, 0 findings
Systems effective audit batch 200 end: 8 subjects (1e0a90b4-197c-56d2-ab55-c397cac5f17a .. 1e2437c2-ebc8-5921-9c17-bd4f1b6ba096), Some(69) us, 0 findings
Systems effective audit batch 201 end: 8 subjects (1e270afe-55a9-5e95-8b77-b91bca461ae9 .. 1e47ccea-0687-5dd3-9783-ea1d2a027449), Some(5241830) us, 0 findings
Systems effective audit batch 202 begin: 8 subjects (1e4a10a0-7226-5166-a076-cbb171e347c2 .. 1e6077a4-1202-5470-ae87-ac1f97517f25), None us, 0 findings
Systems effective audit batch 203 begin: 8 subjects (1e6431ea-5c72-5e63-ab78-fcc3ca278ea8 .. 1e86dd82-cdd3-531d-9ea4-d3718c5c6ee7), None us, 0 findings
Systems effective audit batch 202 end: 8 subjects (1e4a10a0-7226-5166-a076-cbb171e347c2 .. 1e6077a4-1202-5470-ae87-ac1f97517f25), Some(76) us, 0 findings
Systems effective audit batch 203 end: 8 subjects (1e6431ea-5c72-5e63-ab78-fcc3ca278ea8 .. 1e86dd82-cdd3-531d-9ea4-d3718c5c6ee7), Some(3326247) us, 0 findings
Systems effective audit batch 204 begin: 8 subjects (1e87b024-a660-5e6c-8fc4-1d7b8c1fb721 .. 1eb3934c-e82b-59f8-96ef-e9339ca51cc9), None us, 0 findings
Systems effective audit batch 205 begin: 8 subjects (1eb5c4e0-2432-5f82-872e-1b5ba303e4d3 .. 1ed6b118-904f-546a-afde-4792acd83fdc), None us, 0 findings
Systems effective audit batch 204 end: 8 subjects (1e87b024-a660-5e6c-8fc4-1d7b8c1fb721 .. 1eb3934c-e82b-59f8-96ef-e9339ca51cc9), Some(104) us, 0 findings
Systems effective audit batch 205 end: 8 subjects (1eb5c4e0-2432-5f82-872e-1b5ba303e4d3 .. 1ed6b118-904f-546a-afde-4792acd83fdc), Some(78) us, 0 findings
Systems effective audit batch 206 begin: 8 subjects (1ed8f7f3-d4b6-58bf-90a1-a8cce72defb0 .. 1efd3834-9efb-585f-acae-295d328dfa6d), None us, 0 findings
Systems effective audit batch 207 begin: 8 subjects (1f01e429-9786-5e54-a587-cef5b0301557 .. 1f2e89ed-05c1-553c-ad97-eccb3bfa5c07), None us, 0 findings
Systems effective audit batch 206 end: 8 subjects (1ed8f7f3-d4b6-58bf-90a1-a8cce72defb0 .. 1efd3834-9efb-585f-acae-295d328dfa6d), Some(15067) us, 0 findings
Systems effective audit batch 207 end: 8 subjects (1f01e429-9786-5e54-a587-cef5b0301557 .. 1f2e89ed-05c1-553c-ad97-eccb3bfa5c07), Some(53) us, 0 findings
Systems effective audit batch 208 begin: 8 subjects (1f3253a5-776a-584e-b24f-5d987aa8d98c .. 1f5b783c-5a56-5d33-b137-b1039b02d38e), None us, 0 findings
Systems effective audit batch 209 begin: 8 subjects (1f6bee5c-2e55-5b39-ba5b-b2b40d52d548 .. 1f9410fa-8182-5e21-b96c-e22e8790eeff), None us, 0 findings
Systems effective audit batch 208 end: 8 subjects (1f3253a5-776a-584e-b24f-5d987aa8d98c .. 1f5b783c-5a56-5d33-b137-b1039b02d38e), Some(77) us, 0 findings
Systems effective audit batch 209 end: 8 subjects (1f6bee5c-2e55-5b39-ba5b-b2b40d52d548 .. 1f9410fa-8182-5e21-b96c-e22e8790eeff), Some(58) us, 0 findings
Systems effective audit batch 210 begin: 8 subjects (1f96bf1d-b723-546d-8e39-2768ccd2743f .. 1fa4e5b9-ca19-5dff-843a-8f8114412cac), None us, 0 findings
Systems effective audit batch 211 begin: 8 subjects (1fa8ef25-4cc4-5b25-ae48-c03c150e3422 .. 1fc8a7f7-c1aa-582b-a5f9-1660efbb266b), None us, 0 findings
Systems effective audit batch 210 end: 8 subjects (1f96bf1d-b723-546d-8e39-2768ccd2743f .. 1fa4e5b9-ca19-5dff-843a-8f8114412cac), Some(64) us, 0 findings
Systems effective audit batch 211 end: 8 subjects (1fa8ef25-4cc4-5b25-ae48-c03c150e3422 .. 1fc8a7f7-c1aa-582b-a5f9-1660efbb266b), Some(93) us, 0 findings
Systems effective audit batch 212 begin: 8 subjects (1fd17d95-3ca6-56d4-8812-c0e6b06fa5e5 .. 2006fcea-f051-534d-85c4-a0b7e1a4fa55), None us, 0 findings
Systems effective audit batch 213 begin: 8 subjects (2009ad97-965e-516b-9fe8-46d11c64a2a7 .. 202a3c1d-08cb-5877-9367-2cc00fba8654), None us, 0 findings
Systems effective audit batch 212 end: 8 subjects (1fd17d95-3ca6-56d4-8812-c0e6b06fa5e5 .. 2006fcea-f051-534d-85c4-a0b7e1a4fa55), Some(117) us, 0 findings
Systems effective audit batch 213 end: 8 subjects (2009ad97-965e-516b-9fe8-46d11c64a2a7 .. 202a3c1d-08cb-5877-9367-2cc00fba8654), Some(116) us, 0 findings
Systems effective audit batch 214 begin: 8 subjects (20344c9e-ffc0-5efa-8379-24f13027813c .. 205796d9-2359-5853-85de-2440b0562e05), None us, 0 findings
Systems effective audit batch 215 begin: 8 subjects (20582319-e764-51a0-9991-81042b73b450 .. 2084cc0b-620a-5465-8016-caf9e376bc59), None us, 0 findings
Systems effective audit batch 214 end: 8 subjects (20344c9e-ffc0-5efa-8379-24f13027813c .. 205796d9-2359-5853-85de-2440b0562e05), Some(587130) us, 0 findings
Systems effective audit batch 215 end: 8 subjects (20582319-e764-51a0-9991-81042b73b450 .. 2084cc0b-620a-5465-8016-caf9e376bc59), Some(1236939) us, 0 findings
Systems effective audit batch 216 begin: 8 subjects (2088020d-bfd4-563f-b5da-b0b71fa37e9c .. 20a894d0-3e88-5589-9635-24c45c0eff72), None us, 0 findings
Systems effective audit batch 217 begin: 8 subjects (20b93f9b-3592-5eaf-901c-1216fd9bc1c3 .. 20cd3fba-83b1-5916-b27f-b264b83111ba), None us, 0 findings
Systems effective audit batch 216 end: 8 subjects (2088020d-bfd4-563f-b5da-b0b71fa37e9c .. 20a894d0-3e88-5589-9635-24c45c0eff72), Some(68) us, 0 findings
Systems effective audit batch 217 end: 8 subjects (20b93f9b-3592-5eaf-901c-1216fd9bc1c3 .. 20cd3fba-83b1-5916-b27f-b264b83111ba), Some(69) us, 0 findings
Systems effective audit batch 218 begin: 8 subjects (20cd6ee6-c7be-5cc3-88c4-ade90b44ec56 .. 21234846-e44e-505e-ac35-424bc23fa18b), None us, 0 findings
Systems effective audit batch 219 begin: 8 subjects (2124e3d8-76b4-5269-a024-699689c2fc41 .. 214f2a4d-da8e-5073-a553-91f6a4fbe1c1), None us, 0 findings
Systems effective audit batch 218 end: 8 subjects (20cd6ee6-c7be-5cc3-88c4-ade90b44ec56 .. 21234846-e44e-505e-ac35-424bc23fa18b), Some(14055) us, 0 findings
Systems effective audit batch 219 end: 8 subjects (2124e3d8-76b4-5269-a024-699689c2fc41 .. 214f2a4d-da8e-5073-a553-91f6a4fbe1c1), Some(53) us, 0 findings
Systems effective audit batch 220 begin: 8 subjects (21501bad-8605-57f8-b943-a70aaecffded .. 216c89d1-096b-58d2-a2af-b2602691bdf1), None us, 0 findings
Systems effective audit batch 221 begin: 8 subjects (217658f6-c0be-5fc4-93c2-ad592211cd7f .. 21ab270a-a84c-5e64-b81b-079f6cb27a2c), None us, 0 findings
Systems effective audit batch 220 end: 8 subjects (21501bad-8605-57f8-b943-a70aaecffded .. 216c89d1-096b-58d2-a2af-b2602691bdf1), Some(70) us, 0 findings
Systems effective audit batch 221 end: 8 subjects (217658f6-c0be-5fc4-93c2-ad592211cd7f .. 21ab270a-a84c-5e64-b81b-079f6cb27a2c), Some(56) us, 0 findings
Systems effective audit batch 222 begin: 8 subjects (21b40cac-6b47-509c-a8b5-2ae9a1f04fbe .. 21c9d123-3c62-5b2c-9df9-e9459ebb7344), None us, 0 findings
Systems effective audit batch 223 begin: 8 subjects (21cd2ffe-eb6f-561e-80fe-f36faea7bcb1 .. 21f8a8fc-442f-543d-8f74-ea0b4c0645fa), None us, 0 findings
Systems effective audit batch 222 end: 8 subjects (21b40cac-6b47-509c-a8b5-2ae9a1f04fbe .. 21c9d123-3c62-5b2c-9df9-e9459ebb7344), Some(3252813) us, 0 findings
Systems effective audit batch 223 end: 8 subjects (21cd2ffe-eb6f-561e-80fe-f36faea7bcb1 .. 21f8a8fc-442f-543d-8f74-ea0b4c0645fa), Some(57) us, 0 findings
Systems effective audit batch 224 begin: 8 subjects (21ff661f-e50a-592c-a9c5-265af0054ecb .. 2232c9de-1fba-5130-b942-b9c597f2d185), None us, 0 findings
Systems effective audit batch 225 begin: 8 subjects (22332f01-998f-59ff-9777-74d282e2a010 .. 2252d92d-098b-5ad2-be07-bed94dd59dc9), None us, 0 findings
Systems effective audit batch 224 end: 8 subjects (21ff661f-e50a-592c-a9c5-265af0054ecb .. 2232c9de-1fba-5130-b942-b9c597f2d185), Some(474246) us, 0 findings
Systems effective audit batch 225 end: 8 subjects (22332f01-998f-59ff-9777-74d282e2a010 .. 2252d92d-098b-5ad2-be07-bed94dd59dc9), Some(3064727) us, 0 findings
Systems effective audit batch 226 begin: 8 subjects (2255991b-ea52-5738-8b79-47442d48dac3 .. 227cdb22-7499-5db6-9c26-efd9759b10a0), None us, 0 findings
Systems effective audit batch 227 begin: 8 subjects (2281dee2-bca3-5856-9eee-d9f060c64f73 .. 229ff049-ce97-5182-92fc-b7368186684a), None us, 0 findings
Systems effective audit batch 226 end: 8 subjects (2255991b-ea52-5738-8b79-47442d48dac3 .. 227cdb22-7499-5db6-9c26-efd9759b10a0), Some(1009646) us, 0 findings
Systems effective audit batch 227 end: 8 subjects (2281dee2-bca3-5856-9eee-d9f060c64f73 .. 229ff049-ce97-5182-92fc-b7368186684a), Some(61) us, 0 findings
Systems effective audit batch 228 begin: 8 subjects (22a92c1e-8b80-5b8f-a065-bba2c7d6a660 .. 22d1e4e2-3beb-5062-a26b-a97204422d6f), None us, 0 findings
Systems effective audit batch 229 begin: 8 subjects (22d26d58-c658-536f-9717-ab1ca1947139 .. 22e2e342-18a4-5b56-9ffd-395d0ea14be0), None us, 0 findings
Systems effective audit batch 228 end: 8 subjects (22a92c1e-8b80-5b8f-a065-bba2c7d6a660 .. 22d1e4e2-3beb-5062-a26b-a97204422d6f), Some(67) us, 0 findings
Systems effective audit batch 229 end: 8 subjects (22d26d58-c658-536f-9717-ab1ca1947139 .. 22e2e342-18a4-5b56-9ffd-395d0ea14be0), Some(57) us, 0 findings
Systems effective audit batch 230 begin: 8 subjects (22e592c9-bd51-56ee-a5b7-ce03064750c6 .. 23051a71-8c83-5bfc-9a5d-57f27607e943), None us, 0 findings
Systems effective audit batch 231 begin: 8 subjects (2306cb8a-cfd9-5cbc-a16f-87f33c9c8415 .. 233cca15-3efd-5cf3-b2f8-1305ddbc4b2d), None us, 0 findings
Systems effective audit batch 230 end: 8 subjects (22e592c9-bd51-56ee-a5b7-ce03064750c6 .. 23051a71-8c83-5bfc-9a5d-57f27607e943), Some(81) us, 0 findings
Systems effective audit batch 231 end: 8 subjects (2306cb8a-cfd9-5cbc-a16f-87f33c9c8415 .. 233cca15-3efd-5cf3-b2f8-1305ddbc4b2d), Some(96) us, 0 findings
Systems effective audit batch 232 begin: 8 subjects (2347d61e-86c4-53e5-aefe-1c23893783fb .. 23675095-dd6b-5ae9-83e0-e3d347e6326f), None us, 0 findings
Systems effective audit batch 233 begin: 8 subjects (236bc7fe-757a-50f7-afac-d3bfe2d8c653 .. 2390269e-0875-52f1-aa71-cc80ec950fc0), None us, 0 findings
Systems effective audit batch 232 end: 8 subjects (2347d61e-86c4-53e5-aefe-1c23893783fb .. 23675095-dd6b-5ae9-83e0-e3d347e6326f), Some(57) us, 0 findings
Systems effective audit batch 233 end: 8 subjects (236bc7fe-757a-50f7-afac-d3bfe2d8c653 .. 2390269e-0875-52f1-aa71-cc80ec950fc0), Some(60) us, 0 findings
Systems effective audit batch 234 begin: 8 subjects (2393ebcc-d552-5a18-8824-3a348d746b47 .. 23be1714-a470-5cd3-b9cd-c7bb19c94b14), None us, 0 findings
Systems effective audit batch 235 begin: 8 subjects (23c4cd0d-0580-5085-9ee0-a284a165a761 .. 23e98f85-4916-5fe5-94ef-5ad676e91f18), None us, 0 findings
Systems effective audit batch 234 end: 8 subjects (2393ebcc-d552-5a18-8824-3a348d746b47 .. 23be1714-a470-5cd3-b9cd-c7bb19c94b14), Some(860394) us, 0 findings
Systems effective audit batch 235 end: 8 subjects (23c4cd0d-0580-5085-9ee0-a284a165a761 .. 23e98f85-4916-5fe5-94ef-5ad676e91f18), Some(53) us, 0 findings
Systems effective audit batch 236 begin: 8 subjects (23e9bc26-7884-5335-ab3b-640e7261f9ba .. 23fce506-75dc-5186-ad3b-4989503ab71f), None us, 0 findings
Systems effective audit batch 237 begin: 8 subjects (23fdd47f-50c8-5a3e-add8-7d775a58b2dd .. 242da410-a5ce-58f8-b874-a8da57d30017), None us, 0 findings
Systems effective audit batch 236 end: 8 subjects (23e9bc26-7884-5335-ab3b-640e7261f9ba .. 23fce506-75dc-5186-ad3b-4989503ab71f), Some(66) us, 0 findings
Systems effective audit batch 237 end: 8 subjects (23fdd47f-50c8-5a3e-add8-7d775a58b2dd .. 242da410-a5ce-58f8-b874-a8da57d30017), Some(69) us, 0 findings
Systems effective audit batch 238 begin: 8 subjects (242efd91-33fd-5db9-887b-33bbd8986acf .. 24584ac3-3d31-5685-98e5-e2903759be3f), None us, 0 findings
Systems effective audit batch 239 begin: 8 subjects (2459baa1-2071-56d3-9225-827ee873b6e9 .. 247c5ca0-8102-5804-ab92-d9a1126e861a), None us, 0 findings
Systems effective audit batch 238 end: 8 subjects (242efd91-33fd-5db9-887b-33bbd8986acf .. 24584ac3-3d31-5685-98e5-e2903759be3f), Some(201) us, 0 findings
Systems effective audit batch 239 end: 8 subjects (2459baa1-2071-56d3-9225-827ee873b6e9 .. 247c5ca0-8102-5804-ab92-d9a1126e861a), Some(647091) us, 0 findings
Systems effective audit batch 240 begin: 8 subjects (247c9eae-7eaf-502f-abb2-eb8639520ff2 .. 2492485c-5319-5108-b840-3b86e6fb5842), None us, 0 findings
Systems effective audit batch 241 begin: 8 subjects (249381c1-a514-5e4a-9080-fadd7ec53b6c .. 24cf62c2-7eeb-5700-a9b5-8e4a3d3df82c), None us, 0 findings
Systems effective audit batch 240 end: 8 subjects (247c9eae-7eaf-502f-abb2-eb8639520ff2 .. 2492485c-5319-5108-b840-3b86e6fb5842), Some(70) us, 0 findings
Systems effective audit batch 241 end: 8 subjects (249381c1-a514-5e4a-9080-fadd7ec53b6c .. 24cf62c2-7eeb-5700-a9b5-8e4a3d3df82c), Some(1274530) us, 0 findings
Systems effective audit batch 242 begin: 8 subjects (24d2df02-1cc3-59ac-b511-c5e6e83b0bd6 .. 24e6e823-3b33-59b7-8cde-5b820ec23f4d), None us, 0 findings
Systems effective audit batch 243 begin: 8 subjects (24eb0670-3973-5a60-9a09-a05c6db867b6 .. 24faff7e-7ce3-575a-93e4-6ec00dbae5c3), None us, 0 findings
Systems effective audit batch 242 end: 8 subjects (24d2df02-1cc3-59ac-b511-c5e6e83b0bd6 .. 24e6e823-3b33-59b7-8cde-5b820ec23f4d), Some(87) us, 0 findings
Systems effective audit batch 243 end: 8 subjects (24eb0670-3973-5a60-9a09-a05c6db867b6 .. 24faff7e-7ce3-575a-93e4-6ec00dbae5c3), Some(361679) us, 0 findings
Systems effective audit batch 244 begin: 8 subjects (24fc51a2-8308-5ba3-8f73-687e62344c75 .. 2518b368-61a4-52e7-8d2a-c54116b51934), None us, 0 findings
Systems effective audit batch 245 begin: 8 subjects (252299d3-f0da-55d9-815e-f11fdda37f17 .. 2535265b-96c5-5436-8b55-e2725e490650), None us, 0 findings
Systems effective audit batch 244 end: 8 subjects (24fc51a2-8308-5ba3-8f73-687e62344c75 .. 2518b368-61a4-52e7-8d2a-c54116b51934), Some(325445) us, 0 findings
Systems effective audit batch 245 end: 8 subjects (252299d3-f0da-55d9-815e-f11fdda37f17 .. 2535265b-96c5-5436-8b55-e2725e490650), Some(103768) us, 0 findings
Systems effective audit batch 246 begin: 8 subjects (25392f80-c257-5778-af09-48184c0775d4 .. 2560cbe7-f1ed-5bbe-9395-d3447d741b1f), None us, 0 findings
Systems effective audit batch 247 begin: 8 subjects (2566099b-5d3e-58ef-8a1c-e3833559b352 .. 259331a5-2030-5984-84cb-31fe8ff1bf33), None us, 0 findings
Systems effective audit batch 246 end: 8 subjects (25392f80-c257-5778-af09-48184c0775d4 .. 2560cbe7-f1ed-5bbe-9395-d3447d741b1f), Some(63) us, 0 findings
Systems effective audit batch 247 end: 8 subjects (2566099b-5d3e-58ef-8a1c-e3833559b352 .. 259331a5-2030-5984-84cb-31fe8ff1bf33), Some(518263) us, 0 findings
Systems effective audit batch 248 begin: 8 subjects (25954bab-502d-5367-8654-871a133d5858 .. 25b7fdae-f11b-590c-8a97-f279329d0eca), None us, 0 findings
Systems effective audit batch 249 begin: 8 subjects (25bd4c7c-a867-50c4-9e51-b6796ac937d1 .. 25db9311-b421-5a31-8b9e-61805de51d4b), None us, 0 findings
Systems effective audit batch 248 end: 8 subjects (25954bab-502d-5367-8654-871a133d5858 .. 25b7fdae-f11b-590c-8a97-f279329d0eca), Some(61989) us, 0 findings
Systems effective audit batch 249 end: 8 subjects (25bd4c7c-a867-50c4-9e51-b6796ac937d1 .. 25db9311-b421-5a31-8b9e-61805de51d4b), Some(58) us, 0 findings
Systems effective audit batch 250 begin: 8 subjects (25ed04c5-2014-51bf-b63f-a44bd391270d .. 26084a72-bfee-5c66-aa8f-b203c3f59941), None us, 0 findings
Systems effective audit batch 251 begin: 8 subjects (260984a1-b2aa-5d3e-8543-d53480af5d53 .. 26274ed3-47c8-583d-b448-154650498a94), None us, 0 findings
Systems effective audit batch 250 end: 8 subjects (25ed04c5-2014-51bf-b63f-a44bd391270d .. 26084a72-bfee-5c66-aa8f-b203c3f59941), Some(71) us, 0 findings
Systems effective audit batch 251 end: 8 subjects (260984a1-b2aa-5d3e-8543-d53480af5d53 .. 26274ed3-47c8-583d-b448-154650498a94), Some(2948038) us, 0 findings
Systems effective audit batch 252 begin: 8 subjects (262cb9a6-67f3-558c-8791-7b00774ec32c .. 2652d1a0-5ba8-5192-a0c6-3c951f51b2a8), None us, 0 findings
Systems effective audit batch 253 begin: 8 subjects (265ca6a8-10b6-5a36-8c47-74cf0350ab92 .. 2679efdf-0b37-5321-86cc-46e7f87b1eb4), None us, 0 findings
Systems effective audit batch 252 end: 8 subjects (262cb9a6-67f3-558c-8791-7b00774ec32c .. 2652d1a0-5ba8-5192-a0c6-3c951f51b2a8), Some(118) us, 0 findings
Systems effective audit batch 253 end: 8 subjects (265ca6a8-10b6-5a36-8c47-74cf0350ab92 .. 2679efdf-0b37-5321-86cc-46e7f87b1eb4), Some(83) us, 0 findings
Systems effective audit batch 254 begin: 8 subjects (267f0e74-f4ed-54f0-9ee6-c763028f37b8 .. 269f80e4-a690-5197-a031-5d9c3e1b9409), None us, 0 findings
Systems effective audit batch 255 begin: 8 subjects (26a3f03b-c2e2-58d1-9267-43f863022b27 .. 26d12548-2135-523b-8a69-712c3afb0172), None us, 0 findings
Systems effective audit batch 254 end: 8 subjects (267f0e74-f4ed-54f0-9ee6-c763028f37b8 .. 269f80e4-a690-5197-a031-5d9c3e1b9409), Some(59) us, 0 findings
Systems effective audit batch 255 end: 8 subjects (26a3f03b-c2e2-58d1-9267-43f863022b27 .. 26d12548-2135-523b-8a69-712c3afb0172), Some(80) us, 0 findings
Systems effective audit batch 256 begin: 8 subjects (26d34903-8454-5200-80ef-15140d3092df .. 26f790c9-89b1-5dfd-97fb-06c82b83e563), None us, 0 findings
Systems effective audit batch 257 begin: 8 subjects (2700b63e-73cd-5619-86bc-c3d0b52a8856 .. 271405ed-db3a-5fdd-9f38-53e1b006c531), None us, 0 findings
Systems effective audit batch 256 end: 8 subjects (26d34903-8454-5200-80ef-15140d3092df .. 26f790c9-89b1-5dfd-97fb-06c82b83e563), Some(59) us, 0 findings
Systems effective audit batch 257 end: 8 subjects (2700b63e-73cd-5619-86bc-c3d0b52a8856 .. 271405ed-db3a-5fdd-9f38-53e1b006c531), Some(85) us, 0 findings
Systems effective audit batch 258 begin: 8 subjects (2715f60c-9a09-599b-a3a9-d6988f680a7b .. 2733ec1f-e04e-5c66-9393-4bef2e41a0f9), None us, 0 findings
Systems effective audit batch 259 begin: 8 subjects (27447e67-cd5e-53fd-9c91-b23dc9f618df .. 275b13aa-0831-5746-9619-534cdcf772c5), None us, 0 findings
Systems effective audit batch 258 end: 8 subjects (2715f60c-9a09-599b-a3a9-d6988f680a7b .. 2733ec1f-e04e-5c66-9393-4bef2e41a0f9), Some(57) us, 0 findings
Systems effective audit batch 259 end: 8 subjects (27447e67-cd5e-53fd-9c91-b23dc9f618df .. 275b13aa-0831-5746-9619-534cdcf772c5), Some(57) us, 0 findings
Systems effective audit batch 260 begin: 8 subjects (275ba4c8-fab2-5f45-a6fe-e614e0a78ae5 .. 2771d06b-7ad3-557f-a66f-03972f58c836), None us, 0 findings
Systems effective audit batch 261 begin: 8 subjects (277c77f8-11ae-56a6-a680-dce582a5b11b .. 27b67690-d89a-5ea3-ab8b-bbea8d9294ce), None us, 0 findings
Systems effective audit batch 260 end: 8 subjects (275ba4c8-fab2-5f45-a6fe-e614e0a78ae5 .. 2771d06b-7ad3-557f-a66f-03972f58c836), Some(147) us, 0 findings
Systems effective audit batch 261 end: 8 subjects (277c77f8-11ae-56a6-a680-dce582a5b11b .. 27b67690-d89a-5ea3-ab8b-bbea8d9294ce), Some(825528) us, 0 findings
Systems effective audit batch 262 begin: 8 subjects (27b764e5-2b7f-5c76-852a-77dcd5e8ac12 .. 27d25e2e-43c9-5054-a01d-554374cd4f7c), None us, 0 findings
Systems effective audit batch 263 begin: 8 subjects (27d58cc7-2a2b-5d83-97d1-bb9b5df6024d .. 27f1e218-31d6-5705-9584-80d48fa3eb86), None us, 0 findings
Systems effective audit batch 262 end: 8 subjects (27b764e5-2b7f-5c76-852a-77dcd5e8ac12 .. 27d25e2e-43c9-5054-a01d-554374cd4f7c), Some(66) us, 0 findings
Systems effective audit batch 263 end: 8 subjects (27d58cc7-2a2b-5d83-97d1-bb9b5df6024d .. 27f1e218-31d6-5705-9584-80d48fa3eb86), Some(59) us, 0 findings
Systems effective audit batch 264 begin: 8 subjects (27fb3dea-5c7b-5086-a077-178247aa3203 .. 283fd2e7-9c8d-55bb-817c-c6e1873c8900), None us, 0 findings
Systems effective audit batch 265 begin: 8 subjects (28436710-990b-5a05-8c5c-551a1cf5b7eb .. 286922e1-ca0b-5ee2-a715-7e99ec56b069), None us, 0 findings
Systems effective audit batch 264 end: 8 subjects (27fb3dea-5c7b-5086-a077-178247aa3203 .. 283fd2e7-9c8d-55bb-817c-c6e1873c8900), Some(57) us, 0 findings
Systems effective audit batch 265 end: 8 subjects (28436710-990b-5a05-8c5c-551a1cf5b7eb .. 286922e1-ca0b-5ee2-a715-7e99ec56b069), Some(69) us, 0 findings
Systems effective audit batch 266 begin: 8 subjects (286a0f08-ff4e-5173-870d-b6c313204b7b .. 2892c757-cea8-54a7-84fe-747db75df418), None us, 0 findings
Systems effective audit batch 267 begin: 8 subjects (2897f212-1db1-508e-abd5-479c5581642e .. 28b9e263-0ae5-5334-9204-d42fc199414b), None us, 0 findings
Systems effective audit batch 266 end: 8 subjects (286a0f08-ff4e-5173-870d-b6c313204b7b .. 2892c757-cea8-54a7-84fe-747db75df418), Some(1167474) us, 0 findings
Systems effective audit batch 267 end: 8 subjects (2897f212-1db1-508e-abd5-479c5581642e .. 28b9e263-0ae5-5334-9204-d42fc199414b), Some(60) us, 0 findings
Systems effective audit batch 268 begin: 8 subjects (28bbd33a-76a2-5ea1-807a-a58edd8f74b4 .. 28f3d8d9-30b1-5ec2-89c8-4d51de965db2), None us, 0 findings
Systems effective audit batch 269 begin: 8 subjects (28f43262-f3ec-5431-b431-b727fd981341 .. 293f20b2-c831-5506-b59d-5414e9d5377d), None us, 0 findings
Systems effective audit batch 268 end: 8 subjects (28bbd33a-76a2-5ea1-807a-a58edd8f74b4 .. 28f3d8d9-30b1-5ec2-89c8-4d51de965db2), Some(67) us, 0 findings
Systems effective audit batch 269 end: 8 subjects (28f43262-f3ec-5431-b431-b727fd981341 .. 293f20b2-c831-5506-b59d-5414e9d5377d), Some(1005698) us, 0 findings
Systems effective audit batch 270 begin: 8 subjects (293f58c5-6019-542e-8bf8-02b2ca5bd8ed .. 294870dc-dcd9-5de2-a841-e54a6c66c8a2), None us, 0 findings
Systems effective audit batch 271 begin: 8 subjects (294b5714-f362-5507-83e0-95151fa21c78 .. 295d0f59-0006-5477-a1f1-4e4ffe9da4c2), None us, 0 findings
Systems effective audit batch 270 end: 8 subjects (293f58c5-6019-542e-8bf8-02b2ca5bd8ed .. 294870dc-dcd9-5de2-a841-e54a6c66c8a2), Some(7640019) us, 0 findings
Systems effective audit batch 271 end: 8 subjects (294b5714-f362-5507-83e0-95151fa21c78 .. 295d0f59-0006-5477-a1f1-4e4ffe9da4c2), Some(7022637) us, 0 findings
Systems effective audit batch 272 begin: 8 subjects (295d6c7a-fffd-5727-85e7-03deffb83594 .. 29933719-40fc-563d-9a6a-bd068608b85e), None us, 0 findings
Systems effective audit batch 273 begin: 8 subjects (2997dedb-f348-52b5-a89c-63e00ab3628b .. 29c9ec63-dcf9-53ef-9857-300fbf4c3ba6), None us, 0 findings
Systems effective audit batch 272 end: 8 subjects (295d6c7a-fffd-5727-85e7-03deffb83594 .. 29933719-40fc-563d-9a6a-bd068608b85e), Some(83213) us, 0 findings
Systems effective audit batch 273 end: 8 subjects (2997dedb-f348-52b5-a89c-63e00ab3628b .. 29c9ec63-dcf9-53ef-9857-300fbf4c3ba6), Some(1203596) us, 0 findings
Systems effective audit batch 274 begin: 8 subjects (29d27cbe-690f-5e76-8ba0-dffe016a7fdd .. 29fdaeea-428c-5832-9ad5-32d1ec0c42f9), None us, 0 findings
Systems effective audit batch 275 begin: 8 subjects (2a09dba0-b020-5fe4-a0a6-0c89c1af3e81 .. 2a3d1951-86c5-574b-a3d1-5acb8dbfd6a6), None us, 0 findings
Systems effective audit batch 274 end: 8 subjects (29d27cbe-690f-5e76-8ba0-dffe016a7fdd .. 29fdaeea-428c-5832-9ad5-32d1ec0c42f9), Some(103) us, 0 findings
Systems effective audit batch 275 end: 8 subjects (2a09dba0-b020-5fe4-a0a6-0c89c1af3e81 .. 2a3d1951-86c5-574b-a3d1-5acb8dbfd6a6), Some(76) us, 0 findings
Systems effective audit batch 276 begin: 8 subjects (2a40584d-efe2-5833-a5ab-f2e3ebbbc897 .. 2a83d77f-e569-5eee-9736-55aacbe0524a), None us, 0 findings
Systems effective audit batch 277 begin: 8 subjects (2a83fb39-b7e4-5656-aac0-7609b1a985ca .. 2aaaa55d-7f40-5c88-b6d8-0ae15e619ae5), None us, 0 findings
Systems effective audit batch 276 end: 8 subjects (2a40584d-efe2-5833-a5ab-f2e3ebbbc897 .. 2a83d77f-e569-5eee-9736-55aacbe0524a), Some(67) us, 0 findings
Systems effective audit batch 277 end: 8 subjects (2a83fb39-b7e4-5656-aac0-7609b1a985ca .. 2aaaa55d-7f40-5c88-b6d8-0ae15e619ae5), Some(72) us, 0 findings
Systems effective audit batch 278 begin: 8 subjects (2aad4f3b-6b75-5122-a083-7a6c83d493f2 .. 2ad68498-6e1b-5e82-ba9a-cd99c479cbd3), None us, 0 findings
Systems effective audit batch 279 begin: 8 subjects (2ada3153-2831-5c5b-be0b-42ac668806b2 .. 2af2665d-dc87-5228-94d6-5c3f9395f6a8), None us, 0 findings
Systems effective audit batch 278 end: 8 subjects (2aad4f3b-6b75-5122-a083-7a6c83d493f2 .. 2ad68498-6e1b-5e82-ba9a-cd99c479cbd3), Some(69) us, 0 findings
Systems effective audit batch 279 end: 8 subjects (2ada3153-2831-5c5b-be0b-42ac668806b2 .. 2af2665d-dc87-5228-94d6-5c3f9395f6a8), Some(1973694) us, 0 findings
Systems effective audit batch 280 begin: 8 subjects (2af6c835-f715-5389-98c7-a3acbd602241 .. 2b1082b0-6aa8-5a74-9c21-bd502dae8faf), None us, 0 findings
Systems effective audit batch 281 begin: 8 subjects (2b162154-8abd-5532-bc51-45f45b7df642 .. 2b4b3a4d-adc1-513b-b814-0624d29405e3), None us, 0 findings
Systems effective audit batch 280 end: 8 subjects (2af6c835-f715-5389-98c7-a3acbd602241 .. 2b1082b0-6aa8-5a74-9c21-bd502dae8faf), Some(98) us, 0 findings
Systems effective audit batch 281 end: 8 subjects (2b162154-8abd-5532-bc51-45f45b7df642 .. 2b4b3a4d-adc1-513b-b814-0624d29405e3), Some(71) us, 0 findings
Systems effective audit batch 282 begin: 8 subjects (2b4df03e-6306-5104-9b11-342a37f9af5b .. 2b743f80-05d0-5d75-95ec-8904b5ddea12), None us, 0 findings
Systems effective audit batch 283 begin: 8 subjects (2b85f58f-21b7-565c-b86c-edc60ed56864 .. 2b992e58-e47f-5e47-acc7-3e211e8182c1), None us, 0 findings
Systems effective audit batch 282 end: 8 subjects (2b4df03e-6306-5104-9b11-342a37f9af5b .. 2b743f80-05d0-5d75-95ec-8904b5ddea12), Some(5192296) us, 0 findings
Systems effective audit batch 283 end: 8 subjects (2b85f58f-21b7-565c-b86c-edc60ed56864 .. 2b992e58-e47f-5e47-acc7-3e211e8182c1), Some(1274989) us, 0 findings
Systems effective audit batch 284 begin: 8 subjects (2b9d1180-fe91-5a95-994a-bdb7fb0864b8 .. 2bdcdfa5-182a-5b59-b095-c4479241348a), None us, 0 findings
Systems effective audit batch 285 begin: 8 subjects (2bdec3df-ee4e-5760-9a10-a83cdd8ddc43 .. 2bfca79e-b6f6-5633-b72b-0291e2d15a00), None us, 0 findings
Systems effective audit batch 284 end: 8 subjects (2b9d1180-fe91-5a95-994a-bdb7fb0864b8 .. 2bdcdfa5-182a-5b59-b095-c4479241348a), Some(90) us, 0 findings
Systems effective audit batch 285 end: 8 subjects (2bdec3df-ee4e-5760-9a10-a83cdd8ddc43 .. 2bfca79e-b6f6-5633-b72b-0291e2d15a00), Some(660561) us, 0 findings
Systems effective audit batch 286 begin: 8 subjects (2c0ca96a-50da-577e-a445-1fd384cc6cde .. 2c2eee35-6e6c-5c45-ba82-ac9fb09efe64), None us, 0 findings
Systems effective audit batch 287 begin: 8 subjects (2c306b42-bb4f-52b7-8f13-4c7cca16c2e2 .. 2c6cd6e5-4cac-517b-81a5-22c929971797), None us, 0 findings
Systems effective audit batch 286 end: 8 subjects (2c0ca96a-50da-577e-a445-1fd384cc6cde .. 2c2eee35-6e6c-5c45-ba82-ac9fb09efe64), Some(2320533) us, 0 findings
Systems effective audit batch 287 end: 8 subjects (2c306b42-bb4f-52b7-8f13-4c7cca16c2e2 .. 2c6cd6e5-4cac-517b-81a5-22c929971797), Some(514989) us, 0 findings
Systems effective audit batch 288 begin: 8 subjects (2c6d83e7-9058-5224-a32e-6abc634fd28b .. 2c882ade-3dc8-5231-9bf6-33eb1991c45e), None us, 0 findings
Systems effective audit batch 289 begin: 8 subjects (2c8a3f59-dae4-5054-b6e6-c197af606d4e .. 2ca58a3c-edd7-5b5d-a53e-059b584de2e2), None us, 0 findings
Systems effective audit batch 288 end: 8 subjects (2c6d83e7-9058-5224-a32e-6abc634fd28b .. 2c882ade-3dc8-5231-9bf6-33eb1991c45e), Some(1911895) us, 0 findings
Systems effective audit batch 289 end: 8 subjects (2c8a3f59-dae4-5054-b6e6-c197af606d4e .. 2ca58a3c-edd7-5b5d-a53e-059b584de2e2), Some(3544157) us, 0 findings
Systems effective audit batch 290 begin: 8 subjects (2cb0dc75-c279-5652-a2d8-9895c9defc9c .. 2cc55a5d-3ff5-5153-80fd-582a015b1c74), None us, 0 findings
Systems effective audit batch 291 begin: 8 subjects (2ccd7a4a-65a0-5b49-84df-fdf364ff19ed .. 2cf111ed-3315-5210-a8a0-3e84506bafaf), None us, 0 findings
Systems effective audit batch 290 end: 8 subjects (2cb0dc75-c279-5652-a2d8-9895c9defc9c .. 2cc55a5d-3ff5-5153-80fd-582a015b1c74), Some(190940) us, 0 findings
Systems effective audit batch 291 end: 8 subjects (2ccd7a4a-65a0-5b49-84df-fdf364ff19ed .. 2cf111ed-3315-5210-a8a0-3e84506bafaf), Some(72) us, 0 findings
Systems effective audit batch 292 begin: 8 subjects (2cf2c77f-d98d-571a-b48f-a1780cd0a04b .. 2cff4c4d-c80c-5ca1-8861-731a4f0bb8bf), None us, 0 findings
Systems effective audit batch 293 begin: 8 subjects (2d01b404-0944-5c17-b285-0c8153522f0d .. 2d1afb1a-fc73-5d14-a36a-818b529e5325), None us, 0 findings
Systems effective audit batch 292 end: 8 subjects (2cf2c77f-d98d-571a-b48f-a1780cd0a04b .. 2cff4c4d-c80c-5ca1-8861-731a4f0bb8bf), Some(60) us, 0 findings
Systems effective audit batch 293 end: 8 subjects (2d01b404-0944-5c17-b285-0c8153522f0d .. 2d1afb1a-fc73-5d14-a36a-818b529e5325), Some(1549370) us, 0 findings
Systems effective audit batch 294 begin: 8 subjects (2d1e7834-bd74-5ab8-8a0a-23bfec907ddb .. 2d444ceb-ee84-5c34-92d0-bcfb95627a01), None us, 0 findings
Systems effective audit batch 295 begin: 8 subjects (2d4eee61-1124-5df1-914b-8cdcb94f6657 .. 2d6cbfba-f8e3-5612-9f58-ed4d8deb206f), None us, 0 findings
Systems effective audit batch 294 end: 8 subjects (2d1e7834-bd74-5ab8-8a0a-23bfec907ddb .. 2d444ceb-ee84-5c34-92d0-bcfb95627a01), Some(1048656) us, 0 findings
Systems effective audit batch 295 end: 8 subjects (2d4eee61-1124-5df1-914b-8cdcb94f6657 .. 2d6cbfba-f8e3-5612-9f58-ed4d8deb206f), Some(60) us, 0 findings
Systems effective audit batch 296 begin: 8 subjects (2d6fdf63-1b58-5689-b17b-9126c8f1e3e2 .. 2d978bd7-f449-51aa-bc07-907dcaef8031), None us, 0 findings
Systems effective audit batch 297 begin: 8 subjects (2d9ae926-ec49-5db7-899e-50bb4472b0ab .. 2daa7f18-318f-53ed-a761-2f3bb2861ca6), None us, 0 findings
Systems effective audit batch 296 end: 8 subjects (2d6fdf63-1b58-5689-b17b-9126c8f1e3e2 .. 2d978bd7-f449-51aa-bc07-907dcaef8031), Some(95) us, 0 findings
Systems effective audit batch 297 end: 8 subjects (2d9ae926-ec49-5db7-899e-50bb4472b0ab .. 2daa7f18-318f-53ed-a761-2f3bb2861ca6), Some(634088) us, 0 findings
Systems effective audit batch 298 begin: 8 subjects (2db0ebdb-c74a-5e19-b7b6-335d9b590798 .. 2de09947-1d24-5002-addf-47c821094a5c), None us, 0 findings
Systems effective audit batch 299 begin: 8 subjects (2de60d9c-c123-5900-bde1-0032e0fad8f0 .. 2e142686-13d7-504c-838a-c53ca0a35a00), None us, 0 findings
Systems effective audit batch 298 end: 8 subjects (2db0ebdb-c74a-5e19-b7b6-335d9b590798 .. 2de09947-1d24-5002-addf-47c821094a5c), Some(1686680) us, 0 findings
Systems effective audit batch 299 end: 8 subjects (2de60d9c-c123-5900-bde1-0032e0fad8f0 .. 2e142686-13d7-504c-838a-c53ca0a35a00), Some(64) us, 0 findings
Systems effective audit batch 300 begin: 8 subjects (2e15372e-1cb5-5b6c-8cdd-5008db392777 .. 2e2b49b9-f823-59b6-8eef-d4d0e02193ff), None us, 0 findings
Systems effective audit batch 301 begin: 8 subjects (2e30ac05-fbaa-52f9-9d4e-2334d0fa9c41 .. 2e5145b9-60eb-51a7-a4c9-1cbba2f5c9db), None us, 0 findings
Systems effective audit batch 300 end: 8 subjects (2e15372e-1cb5-5b6c-8cdd-5008db392777 .. 2e2b49b9-f823-59b6-8eef-d4d0e02193ff), Some(73) us, 0 findings
Systems effective audit batch 301 end: 8 subjects (2e30ac05-fbaa-52f9-9d4e-2334d0fa9c41 .. 2e5145b9-60eb-51a7-a4c9-1cbba2f5c9db), Some(782997) us, 0 findings
Systems effective audit batch 302 begin: 8 subjects (2e545c5b-9113-510c-98f8-1177be2331a7 .. 2e756755-4a13-589b-9780-2d4914b86e83), None us, 0 findings
Systems effective audit batch 303 begin: 8 subjects (2e7d55aa-50c0-5185-9bcf-20d05b7424d3 .. 2e994dd2-b0fd-5168-84ae-5385bc3c896e), None us, 0 findings
Systems effective audit batch 302 end: 8 subjects (2e545c5b-9113-510c-98f8-1177be2331a7 .. 2e756755-4a13-589b-9780-2d4914b86e83), Some(64) us, 0 findings
Systems effective audit batch 303 end: 8 subjects (2e7d55aa-50c0-5185-9bcf-20d05b7424d3 .. 2e994dd2-b0fd-5168-84ae-5385bc3c896e), Some(1435246) us, 0 findings
Systems effective audit batch 304 begin: 8 subjects (2ea63ef1-a455-58b8-b888-8b9903e4894d .. 2ed352cc-f0dc-5e60-9b8a-3bad9bd53a2a), None us, 0 findings
Systems effective audit batch 305 begin: 8 subjects (2ed6ca51-ea58-5ddb-9905-e864ddfe058d .. 2eeb0e44-2fce-5983-b559-23d23352e7a9), None us, 0 findings
Systems effective audit batch 304 end: 8 subjects (2ea63ef1-a455-58b8-b888-8b9903e4894d .. 2ed352cc-f0dc-5e60-9b8a-3bad9bd53a2a), Some(62) us, 0 findings
Systems effective audit batch 305 end: 8 subjects (2ed6ca51-ea58-5ddb-9905-e864ddfe058d .. 2eeb0e44-2fce-5983-b559-23d23352e7a9), Some(61) us, 0 findings
Systems effective audit batch 306 begin: 8 subjects (2eee9861-8002-59db-931a-615c15da2016 .. 2f1f9157-fca8-5197-a7a3-b573abcb5b95), None us, 0 findings
Systems effective audit batch 307 begin: 8 subjects (2f224baf-a1cd-5302-a361-a5968ed75b0b .. 2f444280-2612-5b81-bba7-5869aadd98eb), None us, 0 findings
Systems effective audit batch 306 end: 8 subjects (2eee9861-8002-59db-931a-615c15da2016 .. 2f1f9157-fca8-5197-a7a3-b573abcb5b95), Some(4907660) us, 0 findings
Systems effective audit batch 307 end: 8 subjects (2f224baf-a1cd-5302-a361-a5968ed75b0b .. 2f444280-2612-5b81-bba7-5869aadd98eb), Some(56) us, 0 findings
Systems effective audit batch 308 begin: 8 subjects (2f4561a9-0995-51c7-82db-d004ab9bb988 .. 2f63855f-64f4-543f-85b5-1d514ba0fb20), None us, 0 findings
Systems effective audit batch 309 begin: 8 subjects (2f67d9ad-5abf-5136-8c7e-e217bdf7bac7 .. 2f8fefdc-e078-55ac-84fa-0463e373254e), None us, 0 findings
Systems effective audit batch 308 end: 8 subjects (2f4561a9-0995-51c7-82db-d004ab9bb988 .. 2f63855f-64f4-543f-85b5-1d514ba0fb20), Some(4238306) us, 0 findings
Systems effective audit batch 309 end: 8 subjects (2f67d9ad-5abf-5136-8c7e-e217bdf7bac7 .. 2f8fefdc-e078-55ac-84fa-0463e373254e), Some(3103034) us, 0 findings
Systems effective audit batch 310 begin: 8 subjects (2f995a9f-19d7-5728-a9fb-f1b2138ed21a .. 2fb29c28-e2be-5df0-bb67-4210f0205021), None us, 0 findings
Systems effective audit batch 311 begin: 8 subjects (2fb306ca-757c-563f-9d42-0a700a52a5fc .. 2fe927c4-876c-5837-bbdb-99abae565d38), None us, 0 findings
Systems effective audit batch 310 end: 8 subjects (2f995a9f-19d7-5728-a9fb-f1b2138ed21a .. 2fb29c28-e2be-5df0-bb67-4210f0205021), Some(485045) us, 0 findings
Systems effective audit batch 311 end: 8 subjects (2fb306ca-757c-563f-9d42-0a700a52a5fc .. 2fe927c4-876c-5837-bbdb-99abae565d38), Some(71) us, 0 findings
Systems effective audit batch 312 begin: 8 subjects (2ff9b2ff-e8d9-52de-8562-366b63581178 .. 3028b59f-4ab2-5c3e-bdc6-029fe32a49b8), None us, 0 findings
Systems effective audit batch 313 begin: 8 subjects (302ad541-01aa-5895-98a3-aeffc4d750ff .. 3060d634-0d0a-5a45-a594-f56dd7c5e448), None us, 0 findings
Systems effective audit batch 312 end: 8 subjects (2ff9b2ff-e8d9-52de-8562-366b63581178 .. 3028b59f-4ab2-5c3e-bdc6-029fe32a49b8), Some(64) us, 0 findings
Systems effective audit batch 313 end: 8 subjects (302ad541-01aa-5895-98a3-aeffc4d750ff .. 3060d634-0d0a-5a45-a594-f56dd7c5e448), Some(1667535) us, 0 findings
Systems effective audit batch 314 begin: 8 subjects (3063dfce-7842-529f-a305-47a57e822ef3 .. 30890ebb-b0a4-5a13-bf96-27bd4d91c414), None us, 0 findings
Systems effective audit batch 315 begin: 8 subjects (3089d9c5-c4f3-54ca-8c60-c24ebf3faa1e .. 30ac8e5e-a9bf-570d-962a-36f8d220e7b0), None us, 0 findings
Systems effective audit batch 314 end: 8 subjects (3063dfce-7842-529f-a305-47a57e822ef3 .. 30890ebb-b0a4-5a13-bf96-27bd4d91c414), Some(73) us, 0 findings
Systems effective audit batch 315 end: 8 subjects (3089d9c5-c4f3-54ca-8c60-c24ebf3faa1e .. 30ac8e5e-a9bf-570d-962a-36f8d220e7b0), Some(61) us, 0 findings
Systems effective audit batch 316 begin: 8 subjects (30b0ba5b-9a01-593f-a9c2-a0f568d324ab .. 30beeac9-0d42-569b-9a74-47f37c2d18ee), None us, 0 findings
Systems effective audit batch 317 begin: 8 subjects (30c39378-8421-51f9-8f3b-6b6c68e2dd97 .. 30d0e87d-1193-5bfc-baee-c3f4c5498a7b), None us, 0 findings
Systems effective audit batch 316 end: 8 subjects (30b0ba5b-9a01-593f-a9c2-a0f568d324ab .. 30beeac9-0d42-569b-9a74-47f37c2d18ee), Some(68) us, 0 findings
Systems effective audit batch 317 end: 8 subjects (30c39378-8421-51f9-8f3b-6b6c68e2dd97 .. 30d0e87d-1193-5bfc-baee-c3f4c5498a7b), Some(2280567) us, 0 findings
Systems effective audit batch 318 begin: 8 subjects (30d28602-fe42-526d-a0b0-00845c60f825 .. 30ec84eb-131c-5019-b4ab-8cf0b9c6ad64), None us, 0 findings
Systems effective audit batch 319 begin: 8 subjects (30f09aee-a4af-5e52-be25-aa15e78dc020 .. 3110c613-a79d-57b2-acb0-06d6d92d1e0b), None us, 0 findings
Systems effective audit batch 318 end: 8 subjects (30d28602-fe42-526d-a0b0-00845c60f825 .. 30ec84eb-131c-5019-b4ab-8cf0b9c6ad64), Some(1708925) us, 0 findings
Systems effective audit batch 319 end: 8 subjects (30f09aee-a4af-5e52-be25-aa15e78dc020 .. 3110c613-a79d-57b2-acb0-06d6d92d1e0b), Some(70) us, 0 findings
Systems effective audit batch 320 begin: 8 subjects (3111b9ca-fc38-5c22-be1d-fc6a0c93199a .. 31280492-a65e-5d6e-9170-bc05aa2d64fe), None us, 0 findings
Systems effective audit batch 321 begin: 8 subjects (31284d3a-97d3-50a1-a774-433d0874bfb1 .. 315d7a24-9ee4-5abd-b315-69828f518deb), None us, 0 findings
Systems effective audit batch 320 end: 8 subjects (3111b9ca-fc38-5c22-be1d-fc6a0c93199a .. 31280492-a65e-5d6e-9170-bc05aa2d64fe), Some(68) us, 0 findings
Systems effective audit batch 321 end: 8 subjects (31284d3a-97d3-50a1-a774-433d0874bfb1 .. 315d7a24-9ee4-5abd-b315-69828f518deb), Some(61) us, 0 findings
Systems effective audit batch 322 begin: 8 subjects (31614c46-899e-52eb-a0d9-8966970a5230 .. 31914f3c-31e0-587e-a574-b57204b31652), None us, 0 findings
Systems effective audit batch 323 begin: 8 subjects (31a6c6df-9b24-58f1-a99f-fd4fc67c4b5e .. 31ccc6d0-17b8-5985-8ed4-159f79692b92), None us, 0 findings
Systems effective audit batch 322 end: 8 subjects (31614c46-899e-52eb-a0d9-8966970a5230 .. 31914f3c-31e0-587e-a574-b57204b31652), Some(57) us, 0 findings
Systems effective audit batch 323 end: 8 subjects (31a6c6df-9b24-58f1-a99f-fd4fc67c4b5e .. 31ccc6d0-17b8-5985-8ed4-159f79692b92), Some(60) us, 0 findings
Systems effective audit batch 324 begin: 8 subjects (31cdd2cf-e406-5ce7-915b-fe9e618853a5 .. 31f07aec-0742-5eea-bd1e-b6c1dfa64650), None us, 0 findings
Systems effective audit batch 325 begin: 8 subjects (31fdba2a-f135-5ed0-bc7b-6790e9ad036d .. 322b5f44-3ad0-51d4-963e-96fd11a25589), None us, 0 findings
Systems effective audit batch 324 end: 8 subjects (31cdd2cf-e406-5ce7-915b-fe9e618853a5 .. 31f07aec-0742-5eea-bd1e-b6c1dfa64650), Some(2114498) us, 0 findings
Systems effective audit batch 325 end: 8 subjects (31fdba2a-f135-5ed0-bc7b-6790e9ad036d .. 322b5f44-3ad0-51d4-963e-96fd11a25589), Some(1255027) us, 0 findings
Systems effective audit batch 326 begin: 8 subjects (323ab8b8-d6f1-510a-ae69-2b65a7d1523e .. 3262ab0b-b890-5e86-9126-b41d48306a89), None us, 0 findings
Systems effective audit batch 327 begin: 8 subjects (326c3667-37c0-520d-985d-e0de3a771314 .. 327ec72d-f006-5c33-94b1-798a38498aeb), None us, 0 findings
Systems effective audit batch 326 end: 8 subjects (323ab8b8-d6f1-510a-ae69-2b65a7d1523e .. 3262ab0b-b890-5e86-9126-b41d48306a89), Some(1141477) us, 0 findings
Systems effective audit batch 327 end: 8 subjects (326c3667-37c0-520d-985d-e0de3a771314 .. 327ec72d-f006-5c33-94b1-798a38498aeb), Some(60) us, 0 findings
Systems effective audit batch 328 begin: 8 subjects (328c0ddb-0693-5728-a807-fc838096b219 .. 329aae90-d2d1-5d06-b488-2333154ac99d), None us, 0 findings
Systems effective audit batch 329 begin: 8 subjects (32a3a5ed-3178-5b43-a34e-51add615a193 .. 32be03f2-5fd9-5e2f-af81-f1209a78c516), None us, 0 findings
Systems effective audit batch 328 end: 8 subjects (328c0ddb-0693-5728-a807-fc838096b219 .. 329aae90-d2d1-5d06-b488-2333154ac99d), Some(1378989) us, 0 findings
Systems effective audit batch 329 end: 8 subjects (32a3a5ed-3178-5b43-a34e-51add615a193 .. 32be03f2-5fd9-5e2f-af81-f1209a78c516), Some(2231) us, 0 findings
Systems effective audit batch 330 begin: 8 subjects (32c59daa-2aa4-5300-8ed8-9ec9932a36b3 .. 32e2fc5b-5f7f-55cb-8007-45dcab736114), None us, 0 findings
Systems effective audit batch 331 begin: 8 subjects (32e56b18-3a2b-5e83-9caf-f4278f00bed7 .. 32f5cde9-5391-598e-b8ad-ad0e309fa94f), None us, 0 findings
Systems effective audit batch 330 end: 8 subjects (32c59daa-2aa4-5300-8ed8-9ec9932a36b3 .. 32e2fc5b-5f7f-55cb-8007-45dcab736114), Some(62) us, 0 findings
Systems effective audit batch 331 end: 8 subjects (32e56b18-3a2b-5e83-9caf-f4278f00bed7 .. 32f5cde9-5391-598e-b8ad-ad0e309fa94f), Some(63) us, 0 findings
Systems effective audit batch 332 begin: 8 subjects (32f9a360-fa6c-5e6d-8e3c-9ffa58255193 .. 331e2bf8-d44a-513a-a269-ebbfa03d24bd), None us, 0 findings
Systems effective audit batch 333 begin: 8 subjects (33285aba-5295-5d8e-90ba-881dc4423b78 .. 3342bf30-1474-51d4-8edf-bfccf1b0aa21), None us, 0 findings
Systems effective audit batch 332 end: 8 subjects (32f9a360-fa6c-5e6d-8e3c-9ffa58255193 .. 331e2bf8-d44a-513a-a269-ebbfa03d24bd), Some(55) us, 0 findings
Systems effective audit batch 333 end: 8 subjects (33285aba-5295-5d8e-90ba-881dc4423b78 .. 3342bf30-1474-51d4-8edf-bfccf1b0aa21), Some(65) us, 0 findings
Systems effective audit batch 334 begin: 8 subjects (3351e5b3-f94f-5e95-a9ec-6af4b8de291b .. 33778cb2-7991-581b-9691-bfb3774be71a), None us, 0 findings
Systems effective audit batch 335 begin: 8 subjects (337a1dae-d08c-5407-bbb7-fb4f143c1f55 .. 3392ae3b-a35b-5068-86dd-420c6de606c8), None us, 0 findings
Systems effective audit batch 334 end: 8 subjects (3351e5b3-f94f-5e95-a9ec-6af4b8de291b .. 33778cb2-7991-581b-9691-bfb3774be71a), Some(77) us, 0 findings
Systems effective audit batch 335 end: 8 subjects (337a1dae-d08c-5407-bbb7-fb4f143c1f55 .. 3392ae3b-a35b-5068-86dd-420c6de606c8), Some(62) us, 0 findings
Systems effective audit batch 336 begin: 8 subjects (3392ca42-5d0a-5f90-8899-b7919245a59f .. 33dbb1f0-61a6-5c8a-be37-e6a24ba3cd91), None us, 0 findings
Systems effective audit batch 337 begin: 8 subjects (33dd344b-1565-5592-8bbd-428f9200da86 .. 33f218e0-2ff2-59ba-8790-edb274c1d6f1), None us, 0 findings
Systems effective audit batch 336 end: 8 subjects (3392ca42-5d0a-5f90-8899-b7919245a59f .. 33dbb1f0-61a6-5c8a-be37-e6a24ba3cd91), Some(57) us, 0 findings
Systems effective audit batch 337 end: 8 subjects (33dd344b-1565-5592-8bbd-428f9200da86 .. 33f218e0-2ff2-59ba-8790-edb274c1d6f1), Some(67) us, 0 findings
Systems effective audit batch 338 begin: 8 subjects (33f603cd-eaee-5d2a-99ca-9ac33df4ae13 .. 34143d13-f80d-5a87-8362-97de93cf9b98), None us, 0 findings
Systems effective audit batch 339 begin: 8 subjects (34154c0f-22cc-58b0-bf7b-fa3745ad3ad9 .. 3421a3a4-8418-53c7-ae8c-81ab3148f1a4), None us, 0 findings
Systems effective audit batch 338 end: 8 subjects (33f603cd-eaee-5d2a-99ca-9ac33df4ae13 .. 34143d13-f80d-5a87-8362-97de93cf9b98), Some(51) us, 0 findings
Systems effective audit batch 339 end: 8 subjects (34154c0f-22cc-58b0-bf7b-fa3745ad3ad9 .. 3421a3a4-8418-53c7-ae8c-81ab3148f1a4), Some(518968) us, 0 findings
Systems effective audit batch 340 begin: 8 subjects (34367e38-c907-5b3b-8809-a9c504a0c815 .. 345a1b7a-d51b-5dd3-b423-d919926424f8), None us, 0 findings
Systems effective audit batch 341 begin: 8 subjects (345c8270-6c6b-5888-8145-bc565ccbe7f4 .. 347fc738-3a8c-5c88-af77-c9164c500a7d), None us, 0 findings
Systems effective audit batch 340 end: 8 subjects (34367e38-c907-5b3b-8809-a9c504a0c815 .. 345a1b7a-d51b-5dd3-b423-d919926424f8), Some(76) us, 0 findings
Systems effective audit batch 341 end: 8 subjects (345c8270-6c6b-5888-8145-bc565ccbe7f4 .. 347fc738-3a8c-5c88-af77-c9164c500a7d), Some(745885) us, 0 findings
Systems effective audit batch 342 begin: 8 subjects (34886df0-4ef0-5c63-8d44-3aca312f7acb .. 34b1049b-05c4-50c8-9eea-598fe4bbca02), None us, 0 findings
Systems effective audit batch 343 begin: 8 subjects (34b27ff8-0615-52d7-bc32-36047d5b5492 .. 34c60e9d-1c35-5351-94a9-0dde8e565887), None us, 0 findings
Systems effective audit batch 342 end: 8 subjects (34886df0-4ef0-5c63-8d44-3aca312f7acb .. 34b1049b-05c4-50c8-9eea-598fe4bbca02), Some(72) us, 0 findings
Systems effective audit batch 343 end: 8 subjects (34b27ff8-0615-52d7-bc32-36047d5b5492 .. 34c60e9d-1c35-5351-94a9-0dde8e565887), Some(57) us, 0 findings
Systems effective audit batch 344 begin: 8 subjects (34c67dff-317c-52a0-bdad-d49be50b47c9 .. 34f3cf27-16fe-514a-a23a-f72462178645), None us, 0 findings
Systems effective audit batch 345 begin: 8 subjects (34f42bce-ed68-5e3f-a0fc-aa7c1be5db01 .. 3529debb-391c-55bf-84a9-8561d9ace43a), None us, 0 findings
Systems effective audit batch 344 end: 8 subjects (34c67dff-317c-52a0-bdad-d49be50b47c9 .. 34f3cf27-16fe-514a-a23a-f72462178645), Some(54) us, 0 findings
Systems effective audit batch 345 end: 8 subjects (34f42bce-ed68-5e3f-a0fc-aa7c1be5db01 .. 3529debb-391c-55bf-84a9-8561d9ace43a), Some(4168353) us, 0 findings
Systems effective audit batch 346 begin: 8 subjects (352a61e2-f646-543f-8976-c96f9ad25073 .. 3559dd49-8a9e-5183-95df-b03b616ba924), None us, 0 findings
Systems effective audit batch 347 begin: 8 subjects (355d5f4a-230b-5a61-b9be-04cc7cd958cb .. 35895e01-0a29-5269-869b-cd0a4837db2f), None us, 0 findings
Systems effective audit batch 346 end: 8 subjects (352a61e2-f646-543f-8976-c96f9ad25073 .. 3559dd49-8a9e-5183-95df-b03b616ba924), Some(1248959) us, 0 findings
Systems effective audit batch 347 end: 8 subjects (355d5f4a-230b-5a61-b9be-04cc7cd958cb .. 35895e01-0a29-5269-869b-cd0a4837db2f), Some(59) us, 0 findings
Systems effective audit batch 348 begin: 8 subjects (358b6c70-1b6c-552a-8aa6-c991af38e319 .. 359da750-0f00-580e-9a0a-eb25c9e401b8), None us, 0 findings
Systems effective audit batch 349 begin: 8 subjects (35a081a6-5a6f-5cb1-8ae2-64841c7f0e79 .. 35b90fe0-64b9-5f57-8f63-2d48b5d0812c), None us, 0 findings
Systems effective audit batch 348 end: 8 subjects (358b6c70-1b6c-552a-8aa6-c991af38e319 .. 359da750-0f00-580e-9a0a-eb25c9e401b8), Some(62) us, 0 findings
Systems effective audit batch 349 end: 8 subjects (35a081a6-5a6f-5cb1-8ae2-64841c7f0e79 .. 35b90fe0-64b9-5f57-8f63-2d48b5d0812c), Some(64) us, 0 findings
Systems effective audit batch 350 begin: 8 subjects (35bf9ed6-3961-553c-a1d3-9cc1acc85868 .. 35dc1fba-0aff-5e8d-851a-b2cdeb624c8b), None us, 0 findings
Systems effective audit batch 351 begin: 8 subjects (35dda81d-f3fc-5170-b83e-6ef2532ef341 .. 36092ab6-3f60-5031-906a-7e56d2856886), None us, 0 findings
Systems effective audit batch 350 end: 8 subjects (35bf9ed6-3961-553c-a1d3-9cc1acc85868 .. 35dc1fba-0aff-5e8d-851a-b2cdeb624c8b), Some(2473162) us, 0 findings
Systems effective audit batch 351 end: 8 subjects (35dda81d-f3fc-5170-b83e-6ef2532ef341 .. 36092ab6-3f60-5031-906a-7e56d2856886), Some(70) us, 0 findings
Systems effective audit batch 352 begin: 8 subjects (360b4494-6450-548a-b075-b5f2229aee25 .. 3637eb69-6339-57cd-976a-c64be3277e9b), None us, 0 findings
Systems effective audit batch 353 begin: 8 subjects (36384986-a4c1-5aa0-ad22-aedae978a07c .. 3665c8e9-bf4b-5762-acb0-f0f4e56f327d), None us, 0 findings
Systems effective audit batch 352 end: 8 subjects (360b4494-6450-548a-b075-b5f2229aee25 .. 3637eb69-6339-57cd-976a-c64be3277e9b), Some(92) us, 0 findings
Systems effective audit batch 353 end: 8 subjects (36384986-a4c1-5aa0-ad22-aedae978a07c .. 3665c8e9-bf4b-5762-acb0-f0f4e56f327d), Some(1787312) us, 0 findings
Systems effective audit batch 354 begin: 8 subjects (3666a5d1-0a0b-5480-adb1-2e77fe452223 .. 36893206-121a-59d7-bcc0-3764144f3d76), None us, 0 findings
Systems effective audit batch 355 begin: 8 subjects (368e001a-f508-58b6-832e-308d812a8f2a .. 36c425a1-35ee-5c5d-a1e5-763819887d87), None us, 0 findings
Systems effective audit batch 354 end: 8 subjects (3666a5d1-0a0b-5480-adb1-2e77fe452223 .. 36893206-121a-59d7-bcc0-3764144f3d76), Some(276648) us, 0 findings
Systems effective audit batch 355 end: 8 subjects (368e001a-f508-58b6-832e-308d812a8f2a .. 36c425a1-35ee-5c5d-a1e5-763819887d87), Some(68) us, 0 findings
Systems effective audit batch 356 begin: 8 subjects (36c4fdaa-38e5-5b5b-ae14-e762104bb468 .. 36dd5098-977f-56bf-88c3-aa70d18514a8), None us, 0 findings
Systems effective audit batch 357 begin: 8 subjects (36de209c-7bfe-5483-98e9-44320f9c6df4 .. 36fbd0c9-66b8-5dd2-8255-192cbdbce9e5), None us, 0 findings
Systems effective audit batch 356 end: 8 subjects (36c4fdaa-38e5-5b5b-ae14-e762104bb468 .. 36dd5098-977f-56bf-88c3-aa70d18514a8), Some(71) us, 0 findings
Systems effective audit batch 357 end: 8 subjects (36de209c-7bfe-5483-98e9-44320f9c6df4 .. 36fbd0c9-66b8-5dd2-8255-192cbdbce9e5), Some(60) us, 0 findings
Systems effective audit batch 358 begin: 8 subjects (3709057c-a2ad-53c1-83ce-e66c388de5a7 .. 371fa035-3e07-5bd9-bf19-7427e26f4a42), None us, 0 findings
Systems effective audit batch 359 begin: 8 subjects (372576ac-5027-5ce9-9649-4f6c553b1ebb .. 37334d7a-58d6-50cf-ae36-7f6dd35186b8), None us, 0 findings
Systems effective audit batch 358 end: 8 subjects (3709057c-a2ad-53c1-83ce-e66c388de5a7 .. 371fa035-3e07-5bd9-bf19-7427e26f4a42), Some(83) us, 0 findings
Systems effective audit batch 359 end: 8 subjects (372576ac-5027-5ce9-9649-4f6c553b1ebb .. 37334d7a-58d6-50cf-ae36-7f6dd35186b8), Some(76) us, 0 findings
Systems effective audit batch 360 begin: 8 subjects (3734a0a0-6fff-5b52-96b6-737542bdf3f8 .. 3777fba0-29bf-5fc8-bcb6-78bcadd503a8), None us, 0 findings
Systems effective audit batch 361 begin: 8 subjects (37802ec0-fe94-5614-a0ea-812c2adc2edd .. 37ac0557-b66c-58cd-9428-2ec47c3044b6), None us, 0 findings
Systems effective audit batch 360 end: 8 subjects (3734a0a0-6fff-5b52-96b6-737542bdf3f8 .. 3777fba0-29bf-5fc8-bcb6-78bcadd503a8), Some(57) us, 0 findings
Systems effective audit batch 361 end: 8 subjects (37802ec0-fe94-5614-a0ea-812c2adc2edd .. 37ac0557-b66c-58cd-9428-2ec47c3044b6), Some(1499065) us, 0 findings
Systems effective audit batch 362 begin: 8 subjects (37ac7abf-5239-59aa-8314-97cd4a50f07b .. 37c5df04-25d5-58a7-b41d-d34c2b6e8ab1), None us, 0 findings
Systems effective audit batch 363 begin: 8 subjects (37d2fc2c-9673-5632-afeb-9a2371b7078b .. 37e04be8-68ca-5a68-a65c-a9e187921900), None us, 0 findings
Systems effective audit batch 362 end: 8 subjects (37ac7abf-5239-59aa-8314-97cd4a50f07b .. 37c5df04-25d5-58a7-b41d-d34c2b6e8ab1), Some(59) us, 0 findings
Systems effective audit batch 363 end: 8 subjects (37d2fc2c-9673-5632-afeb-9a2371b7078b .. 37e04be8-68ca-5a68-a65c-a9e187921900), Some(2219155) us, 0 findings
Systems effective audit batch 364 begin: 8 subjects (37e676c9-d8df-5ced-a6d6-12d3b2cdfa36 .. 37f6b71d-e3e5-5e7a-8a08-a743c455b0a9), None us, 0 findings
Systems effective audit batch 365 begin: 8 subjects (37ffdf09-3e57-519d-936c-30bcd051f3c0 .. 3819f12c-e4f6-57c7-83f9-9c5cf4b59bb7), None us, 0 findings
Systems effective audit batch 364 end: 8 subjects (37e676c9-d8df-5ced-a6d6-12d3b2cdfa36 .. 37f6b71d-e3e5-5e7a-8a08-a743c455b0a9), Some(4606605) us, 0 findings
Systems effective audit batch 365 end: 8 subjects (37ffdf09-3e57-519d-936c-30bcd051f3c0 .. 3819f12c-e4f6-57c7-83f9-9c5cf4b59bb7), Some(84) us, 0 findings
Systems effective audit batch 366 begin: 8 subjects (381ed9b4-d917-5de0-a6f1-cfd50f368f2e .. 3853bf57-214b-51f3-a4e2-2d8fcd34ed58), None us, 0 findings
Systems effective audit batch 367 begin: 8 subjects (3863c186-433b-5edc-bf0a-f7d83291ad82 .. 387a1cf5-c39c-5270-bc61-f6c86ca6a1a0), None us, 0 findings
Systems effective audit batch 366 end: 8 subjects (381ed9b4-d917-5de0-a6f1-cfd50f368f2e .. 3853bf57-214b-51f3-a4e2-2d8fcd34ed58), Some(67) us, 0 findings
Systems effective audit batch 367 end: 8 subjects (3863c186-433b-5edc-bf0a-f7d83291ad82 .. 387a1cf5-c39c-5270-bc61-f6c86ca6a1a0), Some(57) us, 0 findings
Systems effective audit batch 368 begin: 8 subjects (387d4d30-a842-51e1-a44c-5f5a699890dd .. 38926f50-77d3-500a-b4eb-e0067accce0a), None us, 0 findings
Systems effective audit batch 369 begin: 8 subjects (3895531a-838e-57f6-82c1-3d95112236fa .. 38b0a228-391d-5b7f-9bc1-65b1b97cdd02), None us, 0 findings
Systems effective audit batch 368 end: 8 subjects (387d4d30-a842-51e1-a44c-5f5a699890dd .. 38926f50-77d3-500a-b4eb-e0067accce0a), Some(4609592) us, 0 findings
Systems effective audit batch 369 end: 8 subjects (3895531a-838e-57f6-82c1-3d95112236fa .. 38b0a228-391d-5b7f-9bc1-65b1b97cdd02), Some(3356634) us, 0 findings
Systems effective audit batch 370 begin: 8 subjects (38b332e5-ff45-5d26-b64c-6ae0518c9b37 .. 38d875a6-51fb-500a-bf09-3a73fffc0481), None us, 0 findings
Systems effective audit batch 371 begin: 8 subjects (38dc6d9b-6708-58c6-8409-c15e81a2f4bd .. 3903a93c-92fb-5cdf-9980-7d55a3b2bf23), None us, 0 findings
Systems effective audit batch 370 end: 8 subjects (38b332e5-ff45-5d26-b64c-6ae0518c9b37 .. 38d875a6-51fb-500a-bf09-3a73fffc0481), Some(636580) us, 0 findings
Systems effective audit batch 371 end: 8 subjects (38dc6d9b-6708-58c6-8409-c15e81a2f4bd .. 3903a93c-92fb-5cdf-9980-7d55a3b2bf23), Some(72) us, 0 findings
Systems effective audit batch 372 begin: 8 subjects (39048deb-88b5-5f76-a1aa-73e22e46f986 .. 392f18c1-9dd8-54e2-96a4-5971f74ecca9), None us, 0 findings
Systems effective audit batch 373 begin: 8 subjects (3931fbcd-1a10-5750-8241-240b59b6c0a6 .. 394f3144-13f2-5d05-94fb-0e28d6fab702), None us, 0 findings
Systems effective audit batch 372 end: 8 subjects (39048deb-88b5-5f76-a1aa-73e22e46f986 .. 392f18c1-9dd8-54e2-96a4-5971f74ecca9), Some(1626230) us, 0 findings
Systems effective audit batch 373 end: 8 subjects (3931fbcd-1a10-5750-8241-240b59b6c0a6 .. 394f3144-13f2-5d05-94fb-0e28d6fab702), Some(1956536) us, 0 findings
Systems effective audit batch 374 begin: 8 subjects (39542c99-d430-5725-92e8-ef282f02b7fc .. 3968f39f-8cd5-51b9-bc98-17fa59c0209f), None us, 0 findings
Systems effective audit batch 375 begin: 8 subjects (396b5f40-1a25-593f-9dab-b5b029a928e9 .. 397c293b-f965-5fea-b726-b35cfb61c259), None us, 0 findings
Systems effective audit batch 374 end: 8 subjects (39542c99-d430-5725-92e8-ef282f02b7fc .. 3968f39f-8cd5-51b9-bc98-17fa59c0209f), Some(77) us, 0 findings
Systems effective audit batch 375 end: 8 subjects (396b5f40-1a25-593f-9dab-b5b029a928e9 .. 397c293b-f965-5fea-b726-b35cfb61c259), Some(82) us, 0 findings
Systems effective audit batch 376 begin: 8 subjects (397e6dd0-f121-561c-bd53-c87721688adb .. 399b5f3b-7274-5d31-9c2a-94a3b06a3b04), None us, 0 findings
Systems effective audit batch 377 begin: 8 subjects (399b6fdd-6963-5b5f-9941-2cac7c4e64de .. 39ade3ba-9cf0-584a-957e-db961c7e1a8d), None us, 0 findings
Systems effective audit batch 376 end: 8 subjects (397e6dd0-f121-561c-bd53-c87721688adb .. 399b5f3b-7274-5d31-9c2a-94a3b06a3b04), Some(67) us, 0 findings
Systems effective audit batch 377 end: 8 subjects (399b6fdd-6963-5b5f-9941-2cac7c4e64de .. 39ade3ba-9cf0-584a-957e-db961c7e1a8d), Some(72) us, 0 findings
Systems effective audit batch 378 begin: 8 subjects (39b4ea46-f13d-5918-baee-494291eae251 .. 39d797ab-690d-535f-8198-a07a56149f25), None us, 0 findings
Systems effective audit batch 379 begin: 8 subjects (39e58cb9-9b50-5f39-8a1d-f8fe2a336dc1 .. 39fb5e0f-bf8c-5bf0-93f3-bec06b8e7eec), None us, 0 findings
Systems effective audit batch 378 end: 8 subjects (39b4ea46-f13d-5918-baee-494291eae251 .. 39d797ab-690d-535f-8198-a07a56149f25), Some(56) us, 0 findings
Systems effective audit batch 379 end: 8 subjects (39e58cb9-9b50-5f39-8a1d-f8fe2a336dc1 .. 39fb5e0f-bf8c-5bf0-93f3-bec06b8e7eec), Some(55) us, 0 findings
Systems effective audit batch 380 begin: 8 subjects (3a0355a3-ba85-555e-82c3-c7a2b3b94b6e .. 3a36896b-9d28-52be-8888-50db1fb2189c), None us, 0 findings
Systems effective audit batch 381 begin: 8 subjects (3a39a085-8e67-51b0-a357-3f5acb3b5cf9 .. 3a55696f-04a6-5c77-a5d9-3610507ccb44), None us, 0 findings
Systems effective audit batch 380 end: 8 subjects (3a0355a3-ba85-555e-82c3-c7a2b3b94b6e .. 3a36896b-9d28-52be-8888-50db1fb2189c), Some(3497275) us, 0 findings
Systems effective audit batch 381 end: 8 subjects (3a39a085-8e67-51b0-a357-3f5acb3b5cf9 .. 3a55696f-04a6-5c77-a5d9-3610507ccb44), Some(59) us, 0 findings
Systems effective audit batch 382 begin: 8 subjects (3a58d038-71e7-5a26-9a00-4de869b07db4 .. 3a7b014b-6de4-5911-bbf6-f1be80074b9a), None us, 0 findings
Systems effective audit batch 383 begin: 8 subjects (3a7bb4d9-ea9c-5976-90d0-0e2229faf080 .. 3a9d13d6-43e7-5cac-9f2e-06fbdac00b77), None us, 0 findings
Systems effective audit batch 382 end: 8 subjects (3a58d038-71e7-5a26-9a00-4de869b07db4 .. 3a7b014b-6de4-5911-bbf6-f1be80074b9a), Some(84) us, 0 findings
Systems effective audit batch 383 end: 8 subjects (3a7bb4d9-ea9c-5976-90d0-0e2229faf080 .. 3a9d13d6-43e7-5cac-9f2e-06fbdac00b77), Some(619735) us, 0 findings
Systems effective audit batch 384 begin: 8 subjects (3a9e420a-fbb6-51cc-96ce-0d9575ca40b7 .. 3ae23f11-ab47-50c7-8728-8d7002fb3b57), None us, 0 findings
Systems effective audit batch 385 begin: 8 subjects (3ae5a9f8-b0fa-5d1b-a24b-8abb2e787b91 .. 3b0eed40-8956-5986-a27a-806e55b5af94), None us, 0 findings
Systems effective audit batch 384 end: 8 subjects (3a9e420a-fbb6-51cc-96ce-0d9575ca40b7 .. 3ae23f11-ab47-50c7-8728-8d7002fb3b57), Some(64) us, 0 findings
Systems effective audit batch 385 end: 8 subjects (3ae5a9f8-b0fa-5d1b-a24b-8abb2e787b91 .. 3b0eed40-8956-5986-a27a-806e55b5af94), Some(58) us, 0 findings
Systems effective audit batch 386 begin: 8 subjects (3b107a98-91f8-565d-b677-17674c605c24 .. 3b4512ae-0c0a-51d0-941e-10593085332b), None us, 0 findings
Systems effective audit batch 387 begin: 8 subjects (3b4754b2-fa42-5765-bab6-886d4b7a165d .. 3b6a9c64-6eee-5e07-bced-acfe7fae3eac), None us, 0 findings
Systems effective audit batch 386 end: 8 subjects (3b107a98-91f8-565d-b677-17674c605c24 .. 3b4512ae-0c0a-51d0-941e-10593085332b), Some(1345085) us, 0 findings
Systems effective audit batch 387 end: 8 subjects (3b4754b2-fa42-5765-bab6-886d4b7a165d .. 3b6a9c64-6eee-5e07-bced-acfe7fae3eac), Some(47) us, 0 findings
Systems effective audit batch 388 begin: 8 subjects (3b6df1c3-6bfe-555b-91cd-656f5ed00bf3 .. 3b7e8e92-4db6-55a1-b977-8a80fcc4eb2d), None us, 0 findings
Systems effective audit batch 389 begin: 8 subjects (3b7e9125-5d64-517b-ba4d-3731338f0f4c .. 3b98efb4-66a9-51b0-a098-b7085dd447fd), None us, 0 findings
Systems effective audit batch 388 end: 8 subjects (3b6df1c3-6bfe-555b-91cd-656f5ed00bf3 .. 3b7e8e92-4db6-55a1-b977-8a80fcc4eb2d), Some(79) us, 0 findings
Systems effective audit batch 389 end: 8 subjects (3b7e9125-5d64-517b-ba4d-3731338f0f4c .. 3b98efb4-66a9-51b0-a098-b7085dd447fd), Some(62) us, 0 findings
Systems effective audit batch 390 begin: 8 subjects (3b9fab91-096f-5012-841c-ad946c367fdf .. 3bccefb7-61f2-5195-9db9-a491ee0e9906), None us, 0 findings
Systems effective audit batch 391 begin: 8 subjects (3bcf48cf-a7b4-54e3-a83c-9ad64bd6013e .. 3bedb679-3189-5e4d-8d04-9b9e2d406fef), None us, 0 findings
Systems effective audit batch 390 end: 8 subjects (3b9fab91-096f-5012-841c-ad946c367fdf .. 3bccefb7-61f2-5195-9db9-a491ee0e9906), Some(13166376) us, 0 findings
Systems effective audit batch 391 end: 8 subjects (3bcf48cf-a7b4-54e3-a83c-9ad64bd6013e .. 3bedb679-3189-5e4d-8d04-9b9e2d406fef), Some(2545123) us, 0 findings
Systems effective audit batch 392 begin: 8 subjects (3bee81fd-47b5-5e8d-a643-73b22de522cd .. 3c1fd1ae-9037-5ce9-ac24-0adb6e76fa1b), None us, 0 findings
Systems effective audit batch 393 begin: 8 subjects (3c274a46-88a5-5286-8f21-2aca0ecb3c20 .. 3c39677f-cf78-5ad3-a817-34f56cd6f572), None us, 0 findings
Systems effective audit batch 392 end: 8 subjects (3bee81fd-47b5-5e8d-a643-73b22de522cd .. 3c1fd1ae-9037-5ce9-ac24-0adb6e76fa1b), Some(100) us, 0 findings
Systems effective audit batch 393 end: 8 subjects (3c274a46-88a5-5286-8f21-2aca0ecb3c20 .. 3c39677f-cf78-5ad3-a817-34f56cd6f572), Some(69) us, 0 findings
Systems effective audit batch 394 begin: 8 subjects (3c3c255c-7fdd-5fb2-bc4b-2b31fb494291 .. 3c766e43-faa9-5b25-875a-a46ebbf3771d), None us, 0 findings
Systems effective audit batch 395 begin: 8 subjects (3c82d85a-ada9-58b3-9f85-d69903e66906 .. 3c9f4d7c-631b-5762-b0d8-8014ab304b92), None us, 0 findings
Systems effective audit batch 394 end: 8 subjects (3c3c255c-7fdd-5fb2-bc4b-2b31fb494291 .. 3c766e43-faa9-5b25-875a-a46ebbf3771d), Some(61) us, 0 findings
Systems effective audit batch 395 end: 8 subjects (3c82d85a-ada9-58b3-9f85-d69903e66906 .. 3c9f4d7c-631b-5762-b0d8-8014ab304b92), Some(67) us, 0 findings
Systems effective audit batch 396 begin: 8 subjects (3ca2144b-d4ef-5a03-ae94-f6e6af80b9ab .. 3cc9777f-a35a-5022-83bd-e8333b09d34a), None us, 0 findings
Systems effective audit batch 397 begin: 8 subjects (3ccfc6fe-577d-5851-8064-39a0e9afb007 .. 3ce2c051-b7be-5732-beee-62fd5d37d254), None us, 0 findings
Systems effective audit batch 396 end: 8 subjects (3ca2144b-d4ef-5a03-ae94-f6e6af80b9ab .. 3cc9777f-a35a-5022-83bd-e8333b09d34a), Some(1844625) us, 0 findings
Systems effective audit batch 397 end: 8 subjects (3ccfc6fe-577d-5851-8064-39a0e9afb007 .. 3ce2c051-b7be-5732-beee-62fd5d37d254), Some(70255) us, 0 findings
Systems effective audit batch 398 begin: 8 subjects (3ce67241-a4c6-5023-be86-7c133238f4af .. 3d034bc9-6a7e-57a6-bd6a-be1e70461e02), None us, 0 findings
Systems effective audit batch 399 begin: 8 subjects (3d0492d9-4920-517b-b3d7-9f357b043937 .. 3d233ef7-de97-5ff6-b767-3884d6a7d906), None us, 0 findings
Systems effective audit batch 398 end: 8 subjects (3ce67241-a4c6-5023-be86-7c133238f4af .. 3d034bc9-6a7e-57a6-bd6a-be1e70461e02), Some(66) us, 0 findings
Systems effective audit batch 399 end: 8 subjects (3d0492d9-4920-517b-b3d7-9f357b043937 .. 3d233ef7-de97-5ff6-b767-3884d6a7d906), Some(1438173) us, 0 findings
Systems effective audit batch 400 begin: 8 subjects (3d280719-2232-5f6d-b88f-1a816137868f .. 3d3a5979-a208-597b-bcb6-2988cfe98b47), None us, 0 findings
Systems effective audit batch 401 begin: 8 subjects (3d3ccc92-f5c7-51a6-b317-d089d408f73f .. 3d51d4f6-d0fe-5ed4-9f47-3ebe20659c80), None us, 0 findings
Systems effective audit batch 400 end: 8 subjects (3d280719-2232-5f6d-b88f-1a816137868f .. 3d3a5979-a208-597b-bcb6-2988cfe98b47), Some(71) us, 0 findings
Systems effective audit batch 401 end: 8 subjects (3d3ccc92-f5c7-51a6-b317-d089d408f73f .. 3d51d4f6-d0fe-5ed4-9f47-3ebe20659c80), Some(68) us, 0 findings
Systems effective audit batch 402 begin: 8 subjects (3d52f054-2126-5530-8569-3a09ecbe2fbe .. 3d62b5b9-ad76-5869-99ba-ede2d0e4fdb7), None us, 0 findings
Systems effective audit batch 403 begin: 8 subjects (3d63d2ad-9d81-584e-ad66-a45e16493b25 .. 3d8031bd-8434-5abd-b35e-6999b3af522e), None us, 0 findings
Systems effective audit batch 402 end: 8 subjects (3d52f054-2126-5530-8569-3a09ecbe2fbe .. 3d62b5b9-ad76-5869-99ba-ede2d0e4fdb7), Some(244869) us, 0 findings
Systems effective audit batch 403 end: 8 subjects (3d63d2ad-9d81-584e-ad66-a45e16493b25 .. 3d8031bd-8434-5abd-b35e-6999b3af522e), Some(63) us, 0 findings
Systems effective audit batch 404 begin: 8 subjects (3d80b96c-e918-531e-8ebf-b581c5f9c226 .. 3dbf09d5-eb9a-5eca-9b34-9091ee102a4c), None us, 0 findings
Systems effective audit batch 405 begin: 8 subjects (3dc13787-69bc-5687-9813-a09e2a511389 .. 3dd7d712-7c5e-5b8f-84d0-7ba9492c05a5), None us, 0 findings
Systems effective audit batch 404 end: 8 subjects (3d80b96c-e918-531e-8ebf-b581c5f9c226 .. 3dbf09d5-eb9a-5eca-9b34-9091ee102a4c), Some(7373496) us, 0 findings
Systems effective audit batch 405 end: 8 subjects (3dc13787-69bc-5687-9813-a09e2a511389 .. 3dd7d712-7c5e-5b8f-84d0-7ba9492c05a5), Some(59) us, 0 findings
Systems effective audit batch 406 begin: 8 subjects (3ddbbd39-fb58-5536-96b8-38e0c34bbcba .. 3dfcd885-d56e-5a8f-8a9b-7fb8b3dbfca1), None us, 0 findings
Systems effective audit batch 407 begin: 8 subjects (3dff49ea-b90b-522a-837e-41edcbabccea .. 3e150323-afc9-5e20-8140-e326e48aa164), None us, 0 findings
Systems effective audit batch 406 end: 8 subjects (3ddbbd39-fb58-5536-96b8-38e0c34bbcba .. 3dfcd885-d56e-5a8f-8a9b-7fb8b3dbfca1), Some(3874069) us, 0 findings
Systems effective audit batch 407 end: 8 subjects (3dff49ea-b90b-522a-837e-41edcbabccea .. 3e150323-afc9-5e20-8140-e326e48aa164), Some(66) us, 0 findings
Systems effective audit batch 408 begin: 8 subjects (3e2152bb-1188-5606-952b-3ac888ac5b5c .. 3e301c2e-8834-580f-b66c-d4a2632b4908), None us, 0 findings
Systems effective audit batch 409 begin: 8 subjects (3e38c603-7533-5939-af59-a514420d1cc8 .. 3e52170c-55ca-5982-8d2c-6a52f758e843), None us, 0 findings
Systems effective audit batch 408 end: 8 subjects (3e2152bb-1188-5606-952b-3ac888ac5b5c .. 3e301c2e-8834-580f-b66c-d4a2632b4908), Some(1451131) us, 0 findings
Systems effective audit batch 409 end: 8 subjects (3e38c603-7533-5939-af59-a514420d1cc8 .. 3e52170c-55ca-5982-8d2c-6a52f758e843), Some(64) us, 0 findings
Systems effective audit batch 410 begin: 8 subjects (3e53a41e-fa1a-5d59-9a42-20c11012b576 .. 3e8c8f86-693a-53f3-8b4d-c17fca1fef4e), None us, 0 findings
Systems effective audit batch 411 begin: 8 subjects (3e8d12a7-e9ac-588f-99d2-9f0365580c06 .. 3ebbed3e-02fc-5513-8293-028cc5faa640), None us, 0 findings
Systems effective audit batch 410 end: 8 subjects (3e53a41e-fa1a-5d59-9a42-20c11012b576 .. 3e8c8f86-693a-53f3-8b4d-c17fca1fef4e), Some(704677) us, 0 findings
Systems effective audit batch 411 end: 8 subjects (3e8d12a7-e9ac-588f-99d2-9f0365580c06 .. 3ebbed3e-02fc-5513-8293-028cc5faa640), Some(644358) us, 0 findings
Systems effective audit batch 412 begin: 8 subjects (3ebd976b-218a-5ef2-8233-ca0d66402dfa .. 3edc2790-bfa2-587b-9e31-4fec5c58ef00), None us, 0 findings
Systems effective audit batch 413 begin: 8 subjects (3ede6bb8-ded1-5a7f-a283-bb0a91051409 .. 3f0f9882-954c-543d-8543-53761fcc656d), None us, 0 findings
Systems effective audit batch 412 end: 8 subjects (3ebd976b-218a-5ef2-8233-ca0d66402dfa .. 3edc2790-bfa2-587b-9e31-4fec5c58ef00), Some(56239) us, 0 findings
Systems effective audit batch 413 end: 8 subjects (3ede6bb8-ded1-5a7f-a283-bb0a91051409 .. 3f0f9882-954c-543d-8543-53761fcc656d), Some(65) us, 0 findings
Systems effective audit batch 414 begin: 8 subjects (3f115981-4cda-5429-b895-601d2553e79f .. 3f38d08d-86c3-5cd8-a4f4-4c06c401af83), None us, 0 findings
Systems effective audit batch 415 begin: 8 subjects (3f3b0162-d4cb-5d92-83bf-3ea40b6c30bb .. 3f5bed19-ccc4-54c7-98d6-1d0333b7189d), None us, 0 findings
Systems effective audit batch 414 end: 8 subjects (3f115981-4cda-5429-b895-601d2553e79f .. 3f38d08d-86c3-5cd8-a4f4-4c06c401af83), Some(88) us, 0 findings
Systems effective audit batch 415 end: 8 subjects (3f3b0162-d4cb-5d92-83bf-3ea40b6c30bb .. 3f5bed19-ccc4-54c7-98d6-1d0333b7189d), Some(393971) us, 0 findings
Systems effective audit batch 416 begin: 8 subjects (3f5c98c3-230f-5cc5-87ec-77eae12e1c4a .. 3f834612-677d-5175-8c5e-aa1f496a7142), None us, 0 findings
Systems effective audit batch 417 begin: 8 subjects (3f83fac1-35dc-5921-aa02-a32b41685814 .. 3f8c2464-6e4f-5f11-a248-7658ed339bb6), None us, 0 findings
Systems effective audit batch 416 end: 8 subjects (3f5c98c3-230f-5cc5-87ec-77eae12e1c4a .. 3f834612-677d-5175-8c5e-aa1f496a7142), Some(65) us, 0 findings
Systems effective audit batch 417 end: 8 subjects (3f83fac1-35dc-5921-aa02-a32b41685814 .. 3f8c2464-6e4f-5f11-a248-7658ed339bb6), Some(58) us, 0 findings
Systems effective audit batch 418 begin: 8 subjects (3f90b23a-00ed-5e85-8be4-be0bb6c7fb19 .. 3fa6a754-fa7a-56eb-a13d-da1f73a0d8b7), None us, 0 findings
Systems effective audit batch 419 begin: 8 subjects (3fa72ca3-409d-5d18-9732-3cf14816e837 .. 3fbd9315-d0be-556c-8096-8e685a390063), None us, 0 findings
Systems effective audit batch 418 end: 8 subjects (3f90b23a-00ed-5e85-8be4-be0bb6c7fb19 .. 3fa6a754-fa7a-56eb-a13d-da1f73a0d8b7), Some(4202559) us, 0 findings
Systems effective audit batch 419 end: 8 subjects (3fa72ca3-409d-5d18-9732-3cf14816e837 .. 3fbd9315-d0be-556c-8096-8e685a390063), Some(56) us, 0 findings
Systems effective audit batch 420 begin: 8 subjects (3fc69ade-69c7-53c0-a73a-dddfe532035a .. 3fd4ec2e-b833-5627-9ad4-34be96031047), None us, 0 findings
Systems effective audit batch 421 begin: 8 subjects (3fd6abd0-d6d6-5c3d-8623-d201029e84f5 .. 3fedd074-4cc0-5352-881d-a437d206397b), None us, 0 findings
Systems effective audit batch 420 end: 8 subjects (3fc69ade-69c7-53c0-a73a-dddfe532035a .. 3fd4ec2e-b833-5627-9ad4-34be96031047), Some(71) us, 0 findings
Systems effective audit batch 421 end: 8 subjects (3fd6abd0-d6d6-5c3d-8623-d201029e84f5 .. 3fedd074-4cc0-5352-881d-a437d206397b), Some(86) us, 0 findings
Systems effective audit batch 422 begin: 8 subjects (3ff4ec1f-9437-5df5-943d-ecb20822b8ff .. 4030f0cc-2371-5423-abe7-78c292303740), None us, 0 findings
Systems effective audit batch 423 begin: 8 subjects (403aadee-68d3-533b-81bf-efddd86bf63a .. 40509def-94a4-5d14-831f-2a3da57d8ae1), None us, 0 findings
Systems effective audit batch 422 end: 8 subjects (3ff4ec1f-9437-5df5-943d-ecb20822b8ff .. 4030f0cc-2371-5423-abe7-78c292303740), Some(63) us, 0 findings
Systems effective audit batch 423 end: 8 subjects (403aadee-68d3-533b-81bf-efddd86bf63a .. 40509def-94a4-5d14-831f-2a3da57d8ae1), Some(5901307) us, 0 findings
Systems effective audit batch 424 begin: 8 subjects (4052b409-12e8-5721-805f-2672026c7fc3 .. 40733696-07cb-59a3-bb65-159ccb338e5c), None us, 0 findings
Systems effective audit batch 425 begin: 8 subjects (4073cdb0-2c56-59bb-887a-3748b91061b6 .. 40934f53-f6aa-538f-b16d-63af651a5c43), None us, 0 findings
Systems effective audit batch 424 end: 8 subjects (4052b409-12e8-5721-805f-2672026c7fc3 .. 40733696-07cb-59a3-bb65-159ccb338e5c), Some(67) us, 0 findings
Systems effective audit batch 425 end: 8 subjects (4073cdb0-2c56-59bb-887a-3748b91061b6 .. 40934f53-f6aa-538f-b16d-63af651a5c43), Some(56) us, 0 findings
Systems effective audit batch 426 begin: 8 subjects (40946d9a-7f3a-56b9-a65f-01f1cbeb0824 .. 40c2ccb1-35ff-5022-b59d-a6a6f0c84a6e), None us, 0 findings
Systems effective audit batch 427 begin: 8 subjects (40c3b6bd-d9bf-5abd-b73c-424929da13b3 .. 40d7182d-92f9-59bd-8bbf-cc5201ff2270), None us, 0 findings
Systems effective audit batch 426 end: 8 subjects (40946d9a-7f3a-56b9-a65f-01f1cbeb0824 .. 40c2ccb1-35ff-5022-b59d-a6a6f0c84a6e), Some(41432) us, 0 findings
Systems effective audit batch 427 end: 8 subjects (40c3b6bd-d9bf-5abd-b73c-424929da13b3 .. 40d7182d-92f9-59bd-8bbf-cc5201ff2270), Some(60) us, 0 findings
Systems effective audit batch 428 begin: 8 subjects (40dc0909-210d-59b7-a6f9-c2e38c1c7360 .. 4105375d-d483-5bea-b5b8-fc2a1672940f), None us, 0 findings
Systems effective audit batch 429 begin: 8 subjects (4105a220-e0f1-5952-80c2-40b3659d39a2 .. 4127145e-a100-5f3c-9b3c-76693669f21e), None us, 0 findings
Systems effective audit batch 428 end: 8 subjects (40dc0909-210d-59b7-a6f9-c2e38c1c7360 .. 4105375d-d483-5bea-b5b8-fc2a1672940f), Some(62) us, 0 findings
Systems effective audit batch 429 end: 8 subjects (4105a220-e0f1-5952-80c2-40b3659d39a2 .. 4127145e-a100-5f3c-9b3c-76693669f21e), Some(3084129) us, 0 findings
Systems effective audit batch 430 begin: 8 subjects (412ff417-fc24-59d6-a1a4-f282787cead7 .. 4161c951-8bfc-57a0-9a2d-710e46bf7c43), None us, 0 findings
Systems effective audit batch 431 begin: 8 subjects (416a1fbb-603e-50d2-91ae-e2d13ebebaf7 .. 4182a6ae-8e71-50de-98da-d58f9a01363b), None us, 0 findings
Systems effective audit batch 430 end: 8 subjects (412ff417-fc24-59d6-a1a4-f282787cead7 .. 4161c951-8bfc-57a0-9a2d-710e46bf7c43), Some(76) us, 0 findings
Systems effective audit batch 431 end: 8 subjects (416a1fbb-603e-50d2-91ae-e2d13ebebaf7 .. 4182a6ae-8e71-50de-98da-d58f9a01363b), Some(64) us, 0 findings
Systems effective audit batch 432 begin: 8 subjects (4183e8d0-b926-58ba-a0fa-f7d41ae55fb3 .. 419c6c8e-96f2-51dc-867f-7f2947f7ac75), None us, 0 findings
Systems effective audit batch 433 begin: 8 subjects (419d6913-7897-5803-af44-6011ef48c5d7 .. 41b64f2d-8fd0-5aaa-9fed-719a4d83fcff), None us, 0 findings
Systems effective audit batch 432 end: 8 subjects (4183e8d0-b926-58ba-a0fa-f7d41ae55fb3 .. 419c6c8e-96f2-51dc-867f-7f2947f7ac75), Some(51) us, 0 findings
Systems effective audit batch 433 end: 8 subjects (419d6913-7897-5803-af44-6011ef48c5d7 .. 41b64f2d-8fd0-5aaa-9fed-719a4d83fcff), Some(68) us, 0 findings
Systems effective audit batch 434 begin: 8 subjects (41b71541-b8e6-5802-830c-642f8e873140 .. 41e16d6e-41b5-5441-9cf9-f36a48ff0fda), None us, 0 findings
Systems effective audit batch 435 begin: 8 subjects (41e2b7f0-2cbd-5374-a25b-9113866aaf71 .. 41f8b64e-c3d8-5668-8bdd-fb9fefa33ecd), None us, 0 findings
Systems effective audit batch 434 end: 8 subjects (41b71541-b8e6-5802-830c-642f8e873140 .. 41e16d6e-41b5-5441-9cf9-f36a48ff0fda), Some(68) us, 0 findings
Systems effective audit batch 435 end: 8 subjects (41e2b7f0-2cbd-5374-a25b-9113866aaf71 .. 41f8b64e-c3d8-5668-8bdd-fb9fefa33ecd), Some(1935635) us, 0 findings
Systems effective audit batch 436 begin: 8 subjects (41fa5194-cb61-5c7d-a293-16980fcfe7e0 .. 42196ffd-2718-5232-8d04-821b30e721ac), None us, 0 findings
Systems effective audit batch 437 begin: 8 subjects (421ab0aa-f689-5e3d-8f41-6fcb1460e516 .. 42575c32-8d13-57e4-95a6-0a91f5a88fe7), None us, 0 findings
Systems effective audit batch 436 end: 8 subjects (41fa5194-cb61-5c7d-a293-16980fcfe7e0 .. 42196ffd-2718-5232-8d04-821b30e721ac), Some(255029) us, 0 findings
Systems effective audit batch 437 end: 8 subjects (421ab0aa-f689-5e3d-8f41-6fcb1460e516 .. 42575c32-8d13-57e4-95a6-0a91f5a88fe7), Some(77) us, 0 findings
Systems effective audit batch 438 begin: 8 subjects (4258f51e-1905-5a7b-88be-83ca903f496a .. 428b21ae-11d3-52f7-be48-4238ec197916), None us, 0 findings
Systems effective audit batch 439 begin: 8 subjects (428c8da9-1958-56e1-a51c-adddc0f68599 .. 42b0bd9c-039d-5311-9db3-c2ec913d50c7), None us, 0 findings
Systems effective audit batch 438 end: 8 subjects (4258f51e-1905-5a7b-88be-83ca903f496a .. 428b21ae-11d3-52f7-be48-4238ec197916), Some(61) us, 0 findings
Systems effective audit batch 439 end: 8 subjects (428c8da9-1958-56e1-a51c-adddc0f68599 .. 42b0bd9c-039d-5311-9db3-c2ec913d50c7), Some(55) us, 0 findings
Systems effective audit batch 440 begin: 8 subjects (42b89b22-c8f5-5d57-8031-85391cde357f .. 42d453e3-ef07-5f95-a7a2-fd690a931871), None us, 0 findings
Systems effective audit batch 441 begin: 8 subjects (42d57ba2-63dd-5198-8403-e05ebee062f9 .. 42e14b9c-f0b2-590f-84bd-5826d21e21c4), None us, 0 findings
Systems effective audit batch 440 end: 8 subjects (42b89b22-c8f5-5d57-8031-85391cde357f .. 42d453e3-ef07-5f95-a7a2-fd690a931871), Some(1052483) us, 0 findings
Systems effective audit batch 441 end: 8 subjects (42d57ba2-63dd-5198-8403-e05ebee062f9 .. 42e14b9c-f0b2-590f-84bd-5826d21e21c4), Some(4650516) us, 0 findings
Systems effective audit batch 442 begin: 8 subjects (42e17096-4457-5abb-8169-84d128bd2281 .. 43072232-191e-5000-8ccb-c08752e5a791), None us, 0 findings
Systems effective audit batch 443 begin: 8 subjects (430e631f-01fb-562b-81d5-18aa4a877aa2 .. 43393cca-8128-5256-83cd-d271ac5ab241), None us, 0 findings
Systems effective audit batch 442 end: 8 subjects (42e17096-4457-5abb-8169-84d128bd2281 .. 43072232-191e-5000-8ccb-c08752e5a791), Some(78) us, 0 findings
Systems effective audit batch 443 end: 8 subjects (430e631f-01fb-562b-81d5-18aa4a877aa2 .. 43393cca-8128-5256-83cd-d271ac5ab241), Some(64) us, 0 findings
Systems effective audit batch 444 begin: 8 subjects (433f8c80-4ccd-5bf2-9cca-1869c737d610 .. 4353d344-718a-591b-8bc6-e695524be05b), None us, 0 findings
Systems effective audit batch 445 begin: 8 subjects (43545f9d-8437-5396-921d-15bd4ec7551e .. 43669ed9-5f24-5701-a51f-97ed20754a51), None us, 0 findings
Systems effective audit batch 444 end: 8 subjects (433f8c80-4ccd-5bf2-9cca-1869c737d610 .. 4353d344-718a-591b-8bc6-e695524be05b), Some(59) us, 0 findings
Systems effective audit batch 445 end: 8 subjects (43545f9d-8437-5396-921d-15bd4ec7551e .. 43669ed9-5f24-5701-a51f-97ed20754a51), Some(60) us, 0 findings
Systems effective audit batch 446 begin: 8 subjects (4373fd01-821c-5998-b13f-63de87c655eb .. 43a1cd68-30a1-593d-bd67-5c70194b7caa), None us, 0 findings
Systems effective audit batch 447 begin: 8 subjects (43a65e58-10d3-536c-b412-1c57586696aa .. 43d0026c-80ee-5d88-8551-c946032ac26f), None us, 0 findings
Systems effective audit batch 446 end: 8 subjects (4373fd01-821c-5998-b13f-63de87c655eb .. 43a1cd68-30a1-593d-bd67-5c70194b7caa), Some(52) us, 0 findings
Systems effective audit batch 447 end: 8 subjects (43a65e58-10d3-536c-b412-1c57586696aa .. 43d0026c-80ee-5d88-8551-c946032ac26f), Some(67) us, 0 findings
Systems effective audit batch 448 begin: 8 subjects (43d1051a-c62f-5ae5-8666-00284dcc472e .. 43f19b94-34c1-56a7-8bc4-35755611dd86), None us, 0 findings
Systems effective audit batch 449 begin: 8 subjects (43f3999d-b2e1-57ca-8b5c-703bc03b9be8 .. 44108d17-a343-5066-b478-b269905fea23), None us, 0 findings
Systems effective audit batch 448 end: 8 subjects (43d1051a-c62f-5ae5-8666-00284dcc472e .. 43f19b94-34c1-56a7-8bc4-35755611dd86), Some(5893833) us, 0 findings
Systems effective audit batch 449 end: 8 subjects (43f3999d-b2e1-57ca-8b5c-703bc03b9be8 .. 44108d17-a343-5066-b478-b269905fea23), Some(4183158) us, 0 findings
Systems effective audit batch 450 begin: 8 subjects (4410c3a3-b751-57c0-937c-2fe9adac8d35 .. 4437ca42-c553-57cd-9437-82ce69bf0a1e), None us, 0 findings
Systems effective audit batch 451 begin: 8 subjects (443df7a5-3a9b-5b9a-91a1-3cd30ae4a7a1 .. 4458fee7-9b96-5b50-93b6-ee1975b4ff21), None us, 0 findings
Systems effective audit batch 450 end: 8 subjects (4410c3a3-b751-57c0-937c-2fe9adac8d35 .. 4437ca42-c553-57cd-9437-82ce69bf0a1e), Some(5789784) us, 0 findings
Systems effective audit batch 451 end: 8 subjects (443df7a5-3a9b-5b9a-91a1-3cd30ae4a7a1 .. 4458fee7-9b96-5b50-93b6-ee1975b4ff21), Some(84) us, 0 findings
Systems effective audit batch 452 begin: 8 subjects (44665d4c-f1a8-5365-abf4-0f9d55c267dd .. 4481eeba-b87d-5b00-90cc-3f2b03b23bff), None us, 0 findings
Systems effective audit batch 453 begin: 8 subjects (4483b27a-d41f-51fc-bc6f-62450fd967e3 .. 44a6a1ae-9c91-5d01-a684-0327e16755af), None us, 0 findings
Systems effective audit batch 452 end: 8 subjects (44665d4c-f1a8-5365-abf4-0f9d55c267dd .. 4481eeba-b87d-5b00-90cc-3f2b03b23bff), Some(71) us, 0 findings
Systems effective audit batch 453 end: 8 subjects (4483b27a-d41f-51fc-bc6f-62450fd967e3 .. 44a6a1ae-9c91-5d01-a684-0327e16755af), Some(55) us, 0 findings
Systems effective audit batch 454 begin: 8 subjects (44ac24c9-9b33-57ea-9d5d-11b8b0fd77c0 .. 44caddc4-72f7-543b-a063-8a3ce8b14fe0), None us, 0 findings
Systems effective audit batch 455 begin: 8 subjects (44cb8709-e368-5f61-88f4-95a72feb4693 .. 44e47770-b9d2-5dba-a744-213677e8a560), None us, 0 findings
Systems effective audit batch 454 end: 8 subjects (44ac24c9-9b33-57ea-9d5d-11b8b0fd77c0 .. 44caddc4-72f7-543b-a063-8a3ce8b14fe0), Some(52) us, 0 findings
Systems effective audit batch 455 end: 8 subjects (44cb8709-e368-5f61-88f4-95a72feb4693 .. 44e47770-b9d2-5dba-a744-213677e8a560), Some(73) us, 0 findings
Systems effective audit batch 456 begin: 8 subjects (44e6fe99-b47c-5881-87be-08bb75e8eb60 .. 44fdf716-996c-5b28-9fc0-a6d397d4384c), None us, 0 findings
Systems effective audit batch 457 begin: 8 subjects (44ff58ba-3346-5f68-bf6a-e4cdfb980d7c .. 452c9da3-eca6-5338-8d02-23c74c1fe1e3), None us, 0 findings
Systems effective audit batch 456 end: 8 subjects (44e6fe99-b47c-5881-87be-08bb75e8eb60 .. 44fdf716-996c-5b28-9fc0-a6d397d4384c), Some(65) us, 0 findings
Systems effective audit batch 457 end: 8 subjects (44ff58ba-3346-5f68-bf6a-e4cdfb980d7c .. 452c9da3-eca6-5338-8d02-23c74c1fe1e3), Some(67) us, 0 findings
Systems effective audit batch 458 begin: 8 subjects (4534ca60-f2c2-548a-a563-08111dfa8c19 .. 453d40e3-2c66-53e0-be7d-fe37d8d66ff9), None us, 0 findings
Systems effective audit batch 459 begin: 8 subjects (453f488f-82c1-5766-8920-f35d7e260497 .. 455859af-e53c-57ce-be8c-3190f7bff1b3), None us, 0 findings
Systems effective audit batch 458 end: 8 subjects (4534ca60-f2c2-548a-a563-08111dfa8c19 .. 453d40e3-2c66-53e0-be7d-fe37d8d66ff9), Some(56) us, 0 findings
Systems effective audit batch 459 end: 8 subjects (453f488f-82c1-5766-8920-f35d7e260497 .. 455859af-e53c-57ce-be8c-3190f7bff1b3), Some(9659438) us, 0 findings
Systems effective audit batch 460 begin: 8 subjects (455c62d0-4f4f-50a7-8ac8-75f99a448aa7 .. 45866755-3ae2-50fa-a568-253ebb62e99e), None us, 0 findings
Systems effective audit batch 461 begin: 8 subjects (45926033-ec2d-547d-9b80-fec528f96836 .. 45be45ae-8cd2-5a41-ac5b-4b1832293170), None us, 0 findings
Systems effective audit batch 460 end: 8 subjects (455c62d0-4f4f-50a7-8ac8-75f99a448aa7 .. 45866755-3ae2-50fa-a568-253ebb62e99e), Some(90) us, 0 findings
Systems effective audit batch 461 end: 8 subjects (45926033-ec2d-547d-9b80-fec528f96836 .. 45be45ae-8cd2-5a41-ac5b-4b1832293170), Some(483448) us, 0 findings
Systems effective audit batch 462 begin: 8 subjects (45c33cee-8903-5cc5-a709-71f4b887b0e6 .. 45e66662-bccf-5a9e-8cd7-02b97bf610a6), None us, 0 findings
Systems effective audit batch 463 begin: 8 subjects (45e74aba-92f7-54c1-9788-4ba890bc7069 .. 45fa4aba-f3ce-55e5-9068-fcf4183e6d83), None us, 0 findings
Systems effective audit batch 462 end: 8 subjects (45c33cee-8903-5cc5-a709-71f4b887b0e6 .. 45e66662-bccf-5a9e-8cd7-02b97bf610a6), Some(61) us, 0 findings
Systems effective audit batch 463 end: 8 subjects (45e74aba-92f7-54c1-9788-4ba890bc7069 .. 45fa4aba-f3ce-55e5-9068-fcf4183e6d83), Some(3411996) us, 0 findings
Systems effective audit batch 464 begin: 8 subjects (4613f55a-a8fb-5960-9286-aa242f502a2a .. 4620963b-1272-5da8-b1ae-7d60b8819cc9), None us, 0 findings
Systems effective audit batch 465 begin: 8 subjects (4622eed5-5a8a-503e-a2af-b3d92cf254b1 .. 4641981d-a250-5a97-8a46-ec11637e61dc), None us, 0 findings
Systems effective audit batch 464 end: 8 subjects (4613f55a-a8fb-5960-9286-aa242f502a2a .. 4620963b-1272-5da8-b1ae-7d60b8819cc9), Some(70) us, 0 findings
Systems effective audit batch 465 end: 8 subjects (4622eed5-5a8a-503e-a2af-b3d92cf254b1 .. 4641981d-a250-5a97-8a46-ec11637e61dc), Some(58) us, 0 findings
Systems effective audit batch 466 begin: 8 subjects (46424b32-0cb5-5a3b-a37c-5a65c9707a43 .. 466c049e-eab6-54fb-b1e2-fa9fbc8a53fa), None us, 0 findings
Systems effective audit batch 467 begin: 8 subjects (466e54b4-4b7e-52b2-8de0-62857dd31540 .. 4697553f-d7e8-515c-a70f-c2c98e5ecffe), None us, 0 findings
Systems effective audit batch 466 end: 8 subjects (46424b32-0cb5-5a3b-a37c-5a65c9707a43 .. 466c049e-eab6-54fb-b1e2-fa9fbc8a53fa), Some(56) us, 0 findings
Systems effective audit batch 467 end: 8 subjects (466e54b4-4b7e-52b2-8de0-62857dd31540 .. 4697553f-d7e8-515c-a70f-c2c98e5ecffe), Some(58) us, 0 findings
Systems effective audit batch 468 begin: 8 subjects (46a00855-5653-5c06-8462-8b666fd30935 .. 46be87d8-6d56-5187-8c95-d60c59d35121), None us, 0 findings
Systems effective audit batch 469 begin: 8 subjects (46cb9196-9f0d-54fc-b8fd-29078dc4ae2f .. 46e7eb1a-92c8-5aa3-a6f1-82625405731f), None us, 0 findings
Systems effective audit batch 468 end: 8 subjects (46a00855-5653-5c06-8462-8b666fd30935 .. 46be87d8-6d56-5187-8c95-d60c59d35121), Some(74) us, 0 findings
Systems effective audit batch 469 end: 8 subjects (46cb9196-9f0d-54fc-b8fd-29078dc4ae2f .. 46e7eb1a-92c8-5aa3-a6f1-82625405731f), Some(697106) us, 0 findings
Systems effective audit batch 470 begin: 8 subjects (46e930ab-dd34-53ee-a343-8acece733e43 .. 4712d27d-d6eb-5a32-ba80-f004769effbb), None us, 0 findings
Systems effective audit batch 471 begin: 8 subjects (471501dc-1bd3-5a14-923f-b2b45a42b834 .. 4748bb80-8ee7-5cc2-a9dd-ce73122a34cb), None us, 0 findings
Systems effective audit batch 470 end: 8 subjects (46e930ab-dd34-53ee-a343-8acece733e43 .. 4712d27d-d6eb-5a32-ba80-f004769effbb), Some(65) us, 0 findings
Systems effective audit batch 471 end: 8 subjects (471501dc-1bd3-5a14-923f-b2b45a42b834 .. 4748bb80-8ee7-5cc2-a9dd-ce73122a34cb), Some(3245665) us, 0 findings
Systems effective audit batch 472 begin: 8 subjects (474d390d-8e76-5ae0-bf65-74ee5b4e91cc .. 477456d1-c6d0-5681-9b8d-abab0653b8c1), None us, 0 findings
Systems effective audit batch 473 begin: 8 subjects (47798680-6ff2-593f-a53a-7a6865d3723c .. 479ba17c-7430-57e8-bbd5-85463c349ddb), None us, 0 findings
Systems effective audit batch 472 end: 8 subjects (474d390d-8e76-5ae0-bf65-74ee5b4e91cc .. 477456d1-c6d0-5681-9b8d-abab0653b8c1), Some(62) us, 0 findings
Systems effective audit batch 473 end: 8 subjects (47798680-6ff2-593f-a53a-7a6865d3723c .. 479ba17c-7430-57e8-bbd5-85463c349ddb), Some(64) us, 0 findings
Systems effective audit batch 474 begin: 8 subjects (479bac99-dcd3-58b7-ada4-ec4b838940ef .. 47cd8463-7bd1-5f42-8dac-e2e2c0c4b862), None us, 0 findings
Systems effective audit batch 475 begin: 8 subjects (47dc6c55-ff3d-5432-88ea-c385f4bd690c .. 4800b62b-13e4-5a4e-844f-2ce647de4245), None us, 0 findings
Systems effective audit batch 474 end: 8 subjects (479bac99-dcd3-58b7-ada4-ec4b838940ef .. 47cd8463-7bd1-5f42-8dac-e2e2c0c4b862), Some(58) us, 0 findings
Systems effective audit batch 475 end: 8 subjects (47dc6c55-ff3d-5432-88ea-c385f4bd690c .. 4800b62b-13e4-5a4e-844f-2ce647de4245), Some(60) us, 0 findings
Systems effective audit batch 476 begin: 8 subjects (48013ed4-c6cf-5170-a25e-5cd328b9b0d8 .. 481c1ec8-5707-5ad7-9cc4-53c563d1ff11), None us, 0 findings
Systems effective audit batch 477 begin: 8 subjects (481c2db9-9107-5ba5-a9da-4b227f0140f9 .. 4843f58e-b511-5ee5-8a51-122c0b0a0673), None us, 0 findings
Systems effective audit batch 476 end: 8 subjects (48013ed4-c6cf-5170-a25e-5cd328b9b0d8 .. 481c1ec8-5707-5ad7-9cc4-53c563d1ff11), Some(74) us, 0 findings
Systems effective audit batch 477 end: 8 subjects (481c2db9-9107-5ba5-a9da-4b227f0140f9 .. 4843f58e-b511-5ee5-8a51-122c0b0a0673), Some(67) us, 0 findings
Systems effective audit batch 478 begin: 8 subjects (484932c9-b1ad-5eb3-b203-4970a744d673 .. 4860e995-bda4-5614-bdbb-cbc40c623529), None us, 0 findings
Systems effective audit batch 479 begin: 8 subjects (4865b719-4294-52ae-bbcb-426e88eb906c .. 4876ee8c-a934-5849-bcac-997cad656eb9), None us, 0 findings
Systems effective audit batch 478 end: 8 subjects (484932c9-b1ad-5eb3-b203-4970a744d673 .. 4860e995-bda4-5614-bdbb-cbc40c623529), Some(51) us, 0 findings
Systems effective audit batch 479 end: 8 subjects (4865b719-4294-52ae-bbcb-426e88eb906c .. 4876ee8c-a934-5849-bcac-997cad656eb9), Some(248462) us, 0 findings
Systems effective audit batch 480 begin: 8 subjects (48773718-3dea-5a13-8d1d-f5815c316d9b .. 48930897-beb7-545e-af38-2a5f5565a1c6), None us, 0 findings
Systems effective audit batch 481 begin: 8 subjects (489b8e58-a8f0-52bb-9660-c1627087f941 .. 48b80936-3d77-5003-bc0c-ef9667a1ae69), None us, 0 findings
Systems effective audit batch 480 end: 8 subjects (48773718-3dea-5a13-8d1d-f5815c316d9b .. 48930897-beb7-545e-af38-2a5f5565a1c6), Some(66) us, 0 findings
Systems effective audit batch 481 end: 8 subjects (489b8e58-a8f0-52bb-9660-c1627087f941 .. 48b80936-3d77-5003-bc0c-ef9667a1ae69), Some(52) us, 0 findings
Systems effective audit batch 482 begin: 8 subjects (48bcb699-0025-5eae-b98e-bff9e4952077 .. 48d1c264-df4d-5c12-9a6f-6f86cc596ac9), None us, 0 findings
Systems effective audit batch 483 begin: 8 subjects (48dd041c-6912-599a-8a2a-93faab66570a .. 48fc95a1-c1e3-5412-9240-f6746c053987), None us, 0 findings
Systems effective audit batch 482 end: 8 subjects (48bcb699-0025-5eae-b98e-bff9e4952077 .. 48d1c264-df4d-5c12-9a6f-6f86cc596ac9), Some(3588491) us, 0 findings
Systems effective audit batch 483 end: 8 subjects (48dd041c-6912-599a-8a2a-93faab66570a .. 48fc95a1-c1e3-5412-9240-f6746c053987), Some(1219715) us, 0 findings
Systems effective audit batch 484 begin: 8 subjects (48fd0771-b040-59ce-a8b0-e6c00cdffd2d .. 491e3d29-d761-53e5-844f-ae19475d60fd), None us, 0 findings
Systems effective audit batch 485 begin: 8 subjects (4926d49b-e866-574c-a7ba-f6e832b8c31a .. 4944f2c2-7eba-56eb-a7b2-07dae99e24ba), None us, 0 findings
Systems effective audit batch 484 end: 8 subjects (48fd0771-b040-59ce-a8b0-e6c00cdffd2d .. 491e3d29-d761-53e5-844f-ae19475d60fd), Some(1281296) us, 0 findings
Systems effective audit batch 485 end: 8 subjects (4926d49b-e866-574c-a7ba-f6e832b8c31a .. 4944f2c2-7eba-56eb-a7b2-07dae99e24ba), Some(66) us, 0 findings
Systems effective audit batch 486 begin: 8 subjects (4945bb08-329c-5526-81e0-01b5f82dc011 .. 495fc3f7-db50-5ae2-99b4-33bab3e2e7bd), None us, 0 findings
Systems effective audit batch 487 begin: 8 subjects (496638b4-787e-5f4c-a4be-b299866d3147 .. 497f8b75-fb5f-502e-b864-24403a6bdb36), None us, 0 findings
Systems effective audit batch 486 end: 8 subjects (4945bb08-329c-5526-81e0-01b5f82dc011 .. 495fc3f7-db50-5ae2-99b4-33bab3e2e7bd), Some(94) us, 0 findings
Systems effective audit batch 487 end: 8 subjects (496638b4-787e-5f4c-a4be-b299866d3147 .. 497f8b75-fb5f-502e-b864-24403a6bdb36), Some(506036) us, 0 findings
Systems effective audit batch 488 begin: 8 subjects (4986ba37-337e-5950-9d0d-983dc98bfc77 .. 49a242e8-89c4-52db-bf84-0c2e284d99c2), None us, 0 findings
Systems effective audit batch 489 begin: 8 subjects (49a58f79-8aaa-5f5b-bb14-4171a3ebbb62 .. 49bc378e-9705-53f4-99f3-fe66d47235f4), None us, 0 findings
Systems effective audit batch 488 end: 8 subjects (4986ba37-337e-5950-9d0d-983dc98bfc77 .. 49a242e8-89c4-52db-bf84-0c2e284d99c2), Some(65) us, 0 findings
Systems effective audit batch 489 end: 8 subjects (49a58f79-8aaa-5f5b-bb14-4171a3ebbb62 .. 49bc378e-9705-53f4-99f3-fe66d47235f4), Some(61) us, 0 findings
Systems effective audit batch 490 begin: 8 subjects (49c07eee-88ca-52ff-a956-58183e4a1b56 .. 49e3be11-c795-5539-9dbb-a64be308505e), None us, 0 findings
Systems effective audit batch 491 begin: 8 subjects (49e5b351-9ac0-51da-9e0a-58eb588f21a1 .. 49ff560f-d194-5df1-afcd-7f98fbfe1399), None us, 0 findings
Systems effective audit batch 490 end: 8 subjects (49c07eee-88ca-52ff-a956-58183e4a1b56 .. 49e3be11-c795-5539-9dbb-a64be308505e), Some(70) us, 0 findings
Systems effective audit batch 491 end: 8 subjects (49e5b351-9ac0-51da-9e0a-58eb588f21a1 .. 49ff560f-d194-5df1-afcd-7f98fbfe1399), Some(57) us, 0 findings
Systems effective audit batch 492 begin: 8 subjects (4a00602a-e96c-5bc2-a475-0d0042d840b7 .. 4a1d4f9e-438d-50d1-9885-075e7067236a), None us, 0 findings
Systems effective audit batch 493 begin: 8 subjects (4a1ea806-cc40-5294-94b6-6854a6809a91 .. 4a4c4683-8d5c-5a39-a74d-0b35ba3f3d8d), None us, 0 findings
Systems effective audit batch 492 end: 8 subjects (4a00602a-e96c-5bc2-a475-0d0042d840b7 .. 4a1d4f9e-438d-50d1-9885-075e7067236a), Some(79413) us, 0 findings
Systems effective audit batch 493 end: 8 subjects (4a1ea806-cc40-5294-94b6-6854a6809a91 .. 4a4c4683-8d5c-5a39-a74d-0b35ba3f3d8d), Some(55) us, 0 findings
Systems effective audit batch 494 begin: 8 subjects (4a4ea940-e0b2-5f54-bd25-2f65f0db0e6b .. 4a6d30f9-e57a-54e3-8067-4698e53c8822), None us, 0 findings
Systems effective audit batch 495 begin: 8 subjects (4a6f82eb-955d-5858-b13d-2dbeba1e2ab7 .. 4a9a7066-2282-572f-aeeb-2c4a985e37c1), None us, 0 findings
Systems effective audit batch 494 end: 8 subjects (4a4ea940-e0b2-5f54-bd25-2f65f0db0e6b .. 4a6d30f9-e57a-54e3-8067-4698e53c8822), Some(668103) us, 0 findings
Systems effective audit batch 495 end: 8 subjects (4a6f82eb-955d-5858-b13d-2dbeba1e2ab7 .. 4a9a7066-2282-572f-aeeb-2c4a985e37c1), Some(57) us, 0 findings
Systems effective audit batch 496 begin: 8 subjects (4a9f2853-929f-5736-ad8b-c259862c0dcd .. 4ab66051-edb8-5f00-8c4f-9946cb7374da), None us, 0 findings
Systems effective audit batch 497 begin: 8 subjects (4ab993e0-bed6-5b11-a882-d262dbabfc79 .. 4ada5a63-a4c9-57a4-a6bd-222d2ae888f4), None us, 0 findings
Systems effective audit batch 496 end: 8 subjects (4a9f2853-929f-5736-ad8b-c259862c0dcd .. 4ab66051-edb8-5f00-8c4f-9946cb7374da), Some(77) us, 0 findings
Systems effective audit batch 497 end: 8 subjects (4ab993e0-bed6-5b11-a882-d262dbabfc79 .. 4ada5a63-a4c9-57a4-a6bd-222d2ae888f4), Some(54) us, 0 findings
Systems effective audit batch 498 begin: 8 subjects (4adfab2c-a14e-5151-b9c3-53a3a2b70546 .. 4b0b6bc2-9e45-5ad7-9920-d2016f523ab5), None us, 0 findings
Systems effective audit batch 499 begin: 8 subjects (4b1405e3-4542-58cf-83df-ce2f7378643f .. 4b2df868-6cc9-514b-9655-ec490e9527a9), None us, 0 findings
Systems effective audit batch 498 end: 8 subjects (4adfab2c-a14e-5151-b9c3-53a3a2b70546 .. 4b0b6bc2-9e45-5ad7-9920-d2016f523ab5), Some(66) us, 0 findings
Systems effective audit batch 499 end: 8 subjects (4b1405e3-4542-58cf-83df-ce2f7378643f .. 4b2df868-6cc9-514b-9655-ec490e9527a9), Some(76) us, 0 findings
Systems effective audit batch 500 begin: 8 subjects (4b2fa25a-70b3-5cd3-8f2e-d63fc2fa3160 .. 4b560ce4-153b-5b07-a183-ec78fcc8cc19), None us, 0 findings
Systems effective audit batch 501 begin: 8 subjects (4b5b6156-4a63-5f41-8b64-66b030c1134f .. 4b6e78a2-8886-5eb3-826d-af3f5d6eb70c), None us, 0 findings
Systems effective audit batch 500 end: 8 subjects (4b2fa25a-70b3-5cd3-8f2e-d63fc2fa3160 .. 4b560ce4-153b-5b07-a183-ec78fcc8cc19), Some(737318) us, 0 findings
Systems effective audit batch 501 end: 8 subjects (4b5b6156-4a63-5f41-8b64-66b030c1134f .. 4b6e78a2-8886-5eb3-826d-af3f5d6eb70c), Some(2582469) us, 0 findings
Systems effective audit batch 502 begin: 8 subjects (4b7aafd2-84a3-59dc-8d9d-c1a1250e7427 .. 4b9df84d-1e5c-528c-9814-9d341e1a5ace), None us, 0 findings
Systems effective audit batch 503 begin: 8 subjects (4b9e8642-5574-5781-8048-aa514ac2ca02 .. 4ba76e7d-013d-5219-8143-e99593a87b40), None us, 0 findings
Systems effective audit batch 502 end: 8 subjects (4b7aafd2-84a3-59dc-8d9d-c1a1250e7427 .. 4b9df84d-1e5c-528c-9814-9d341e1a5ace), Some(3457511) us, 0 findings
Systems effective audit batch 503 end: 8 subjects (4b9e8642-5574-5781-8048-aa514ac2ca02 .. 4ba76e7d-013d-5219-8143-e99593a87b40), Some(1534401) us, 0 findings
Systems effective audit batch 504 begin: 8 subjects (4ba9a12d-e0e1-56a5-89c4-ee0f0e163189 .. 4bc3cfe5-9835-5197-8508-a171d825e395), None us, 0 findings
Systems effective audit batch 505 begin: 8 subjects (4bc8e025-de07-5ab5-981d-0aafaa8584e9 .. 4bdd1a43-3a68-540b-b37c-6153eff5572b), None us, 0 findings
Systems effective audit batch 504 end: 8 subjects (4ba9a12d-e0e1-56a5-89c4-ee0f0e163189 .. 4bc3cfe5-9835-5197-8508-a171d825e395), Some(63) us, 0 findings
Systems effective audit batch 505 end: 8 subjects (4bc8e025-de07-5ab5-981d-0aafaa8584e9 .. 4bdd1a43-3a68-540b-b37c-6153eff5572b), Some(3197075) us, 0 findings
Systems effective audit batch 506 begin: 8 subjects (4be039be-742d-53c0-831c-043137e5681e .. 4bf78b0b-2dc5-59e8-9a3d-9ec043d6e74b), None us, 0 findings
Systems effective audit batch 507 begin: 8 subjects (4bfb50d6-8e79-5718-b7ab-5bf0293a546b .. 4c21a147-0f4f-54dc-83c9-e2f2cac8d887), None us, 0 findings
Systems effective audit batch 506 end: 8 subjects (4be039be-742d-53c0-831c-043137e5681e .. 4bf78b0b-2dc5-59e8-9a3d-9ec043d6e74b), Some(64) us, 0 findings
Systems effective audit batch 507 end: 8 subjects (4bfb50d6-8e79-5718-b7ab-5bf0293a546b .. 4c21a147-0f4f-54dc-83c9-e2f2cac8d887), Some(650553) us, 0 findings
Systems effective audit batch 508 begin: 8 subjects (4c2a770c-1c9a-5a47-8bf9-c8eed74e2a18 .. 4c3f4449-3bc4-57a9-912a-30795d202b07), None us, 0 findings
Systems effective audit batch 509 begin: 8 subjects (4c43bec5-e669-5adc-ae46-76ed4682decf .. 4c62eab7-e30c-5bee-861a-5145b7c6b7c1), None us, 0 findings
Systems effective audit batch 508 end: 8 subjects (4c2a770c-1c9a-5a47-8bf9-c8eed74e2a18 .. 4c3f4449-3bc4-57a9-912a-30795d202b07), Some(74547) us, 0 findings
Systems effective audit batch 509 end: 8 subjects (4c43bec5-e669-5adc-ae46-76ed4682decf .. 4c62eab7-e30c-5bee-861a-5145b7c6b7c1), Some(59) us, 0 findings
Systems effective audit batch 510 begin: 8 subjects (4c64550b-5077-595e-95ff-e73bfa0489ce .. 4c84490e-02d4-5d9d-8aa0-5978d9a7e093), None us, 0 findings
Systems effective audit batch 511 begin: 8 subjects (4c844ab7-37be-5edd-991d-430240026610 .. 4ca32110-735a-5f9f-acb2-dedc9b61de31), None us, 0 findings
Systems effective audit batch 510 end: 8 subjects (4c64550b-5077-595e-95ff-e73bfa0489ce .. 4c84490e-02d4-5d9d-8aa0-5978d9a7e093), Some(58) us, 0 findings
Systems effective audit batch 511 end: 8 subjects (4c844ab7-37be-5edd-991d-430240026610 .. 4ca32110-735a-5f9f-acb2-dedc9b61de31), Some(497369) us, 0 findings
Systems effective audit batch 512 begin: 8 subjects (4ca48b8d-98b9-5109-ab61-f41f444d6864 .. 4cc66f6d-813b-5f7a-bf56-8b97b704535a), None us, 0 findings
Systems effective audit batch 513 begin: 8 subjects (4cd3b1c7-943d-55b8-a06a-89f15643ce07 .. 4cfe959d-5091-5da3-9277-2a057b230020), None us, 0 findings
Systems effective audit batch 512 end: 8 subjects (4ca48b8d-98b9-5109-ab61-f41f444d6864 .. 4cc66f6d-813b-5f7a-bf56-8b97b704535a), Some(3303660) us, 0 findings
Systems effective audit batch 513 end: 8 subjects (4cd3b1c7-943d-55b8-a06a-89f15643ce07 .. 4cfe959d-5091-5da3-9277-2a057b230020), Some(62) us, 0 findings
Systems effective audit batch 514 begin: 8 subjects (4d0439bb-a4df-5ae5-bc3b-e75737498557 .. 4d2be381-76d1-586b-94ef-92f465e741e9), None us, 0 findings
Systems effective audit batch 515 begin: 8 subjects (4d343234-0783-5c47-802d-2befa73e0209 .. 4d444eb6-cad0-58c9-87df-692094db56f4), None us, 0 findings
Systems effective audit batch 514 end: 8 subjects (4d0439bb-a4df-5ae5-bc3b-e75737498557 .. 4d2be381-76d1-586b-94ef-92f465e741e9), Some(74) us, 0 findings
Systems effective audit batch 515 end: 8 subjects (4d343234-0783-5c47-802d-2befa73e0209 .. 4d444eb6-cad0-58c9-87df-692094db56f4), Some(720181) us, 0 findings
Systems effective audit batch 516 begin: 8 subjects (4d52967e-b4eb-55be-8445-cb217189dfd8 .. 4d7cf68c-efab-582e-a2f2-db6359288a1d), None us, 0 findings
Systems effective audit batch 517 begin: 8 subjects (4d7f4f4f-36f6-5235-9f06-0e5fdf2877e8 .. 4dac22e0-1296-5f14-95fc-b297ccc76128), None us, 0 findings
Systems effective audit batch 516 end: 8 subjects (4d52967e-b4eb-55be-8445-cb217189dfd8 .. 4d7cf68c-efab-582e-a2f2-db6359288a1d), Some(5375155) us, 0 findings
Systems effective audit batch 517 end: 8 subjects (4d7f4f4f-36f6-5235-9f06-0e5fdf2877e8 .. 4dac22e0-1296-5f14-95fc-b297ccc76128), Some(3190425) us, 0 findings
Systems effective audit batch 518 begin: 8 subjects (4dadfe05-a23f-5124-9961-3caab91cc435 .. 4dc6edc1-da29-531e-8a75-37c5a4148cc6), None us, 0 findings
Systems effective audit batch 519 begin: 8 subjects (4dc70191-ff67-55eb-ad1f-e100bd8fe2cd .. 4dd8e4df-0dfe-5e89-a979-937086f549e3), None us, 0 findings
Systems effective audit batch 518 end: 8 subjects (4dadfe05-a23f-5124-9961-3caab91cc435 .. 4dc6edc1-da29-531e-8a75-37c5a4148cc6), Some(87) us, 0 findings
Systems effective audit batch 519 end: 8 subjects (4dc70191-ff67-55eb-ad1f-e100bd8fe2cd .. 4dd8e4df-0dfe-5e89-a979-937086f549e3), Some(56) us, 0 findings
Systems effective audit batch 520 begin: 8 subjects (4dda8df9-1f26-579b-96b1-f71c285df3a4 .. 4df640d3-5880-567d-b6ca-14ec858f5379), None us, 0 findings
Systems effective audit batch 521 begin: 8 subjects (4dfa111f-38f6-563b-b03b-8b4593b46226 .. 4e0a0de2-2d8f-5586-b84c-c9e4b3e21574), None us, 0 findings
Systems effective audit batch 520 end: 8 subjects (4dda8df9-1f26-579b-96b1-f71c285df3a4 .. 4df640d3-5880-567d-b6ca-14ec858f5379), Some(58) us, 0 findings
Systems effective audit batch 521 end: 8 subjects (4dfa111f-38f6-563b-b03b-8b4593b46226 .. 4e0a0de2-2d8f-5586-b84c-c9e4b3e21574), Some(1240927) us, 0 findings
Systems effective audit batch 522 begin: 8 subjects (4e0f2974-349f-5556-a29a-ff5b9dda8639 .. 4e502506-56ab-5f76-95be-22434551874a), None us, 0 findings
Systems effective audit batch 523 begin: 8 subjects (4e567fd6-9976-5404-a601-f7c821a62930 .. 4e7411b5-0c79-5014-8f9f-1d423f68ca99), None us, 0 findings
Systems effective audit batch 522 end: 8 subjects (4e0f2974-349f-5556-a29a-ff5b9dda8639 .. 4e502506-56ab-5f76-95be-22434551874a), Some(595340) us, 0 findings
Systems effective audit batch 523 end: 8 subjects (4e567fd6-9976-5404-a601-f7c821a62930 .. 4e7411b5-0c79-5014-8f9f-1d423f68ca99), Some(59) us, 0 findings
Systems effective audit batch 524 begin: 8 subjects (4e776319-7bf5-504f-a6ab-2a376e5942bf .. 4e9fa66a-1e7b-554b-873c-ddbda4945077), None us, 0 findings
Systems effective audit batch 525 begin: 8 subjects (4ea208c8-1bb0-5821-9ef2-9277a77d292e .. 4ed08a3a-dd2e-5205-9784-5dd2e199ae21), None us, 0 findings
Systems effective audit batch 524 end: 8 subjects (4e776319-7bf5-504f-a6ab-2a376e5942bf .. 4e9fa66a-1e7b-554b-873c-ddbda4945077), Some(109) us, 0 findings
Systems effective audit batch 525 end: 8 subjects (4ea208c8-1bb0-5821-9ef2-9277a77d292e .. 4ed08a3a-dd2e-5205-9784-5dd2e199ae21), Some(943712) us, 0 findings
Systems effective audit batch 526 begin: 8 subjects (4ed1ecfc-283b-5891-8d9c-979733c6c632 .. 4eec5af9-75ff-59d2-9f13-616479e2414b), None us, 0 findings
Systems effective audit batch 527 begin: 8 subjects (4efad21c-c042-5dea-bc7e-d18e4c52ad63 .. 4f1757a9-cee6-53e0-83eb-c90dc54a8595), None us, 0 findings
Systems effective audit batch 526 end: 8 subjects (4ed1ecfc-283b-5891-8d9c-979733c6c632 .. 4eec5af9-75ff-59d2-9f13-616479e2414b), Some(68) us, 0 findings
Systems effective audit batch 527 end: 8 subjects (4efad21c-c042-5dea-bc7e-d18e4c52ad63 .. 4f1757a9-cee6-53e0-83eb-c90dc54a8595), Some(6655227) us, 0 findings
Systems effective audit batch 528 begin: 8 subjects (4f1c7548-fa6f-5ec4-b275-754941bd1cd6 .. 4f38349f-2258-5877-bfb4-51b418a177e2), None us, 0 findings
Systems effective audit batch 529 begin: 8 subjects (4f394558-5478-564e-9977-e6784367985c .. 4f5b632f-ae66-5c4d-a0ba-31296a65e9d8), None us, 0 findings
Systems effective audit batch 528 end: 8 subjects (4f1c7548-fa6f-5ec4-b275-754941bd1cd6 .. 4f38349f-2258-5877-bfb4-51b418a177e2), Some(2428135) us, 0 findings
Systems effective audit batch 529 end: 8 subjects (4f394558-5478-564e-9977-e6784367985c .. 4f5b632f-ae66-5c4d-a0ba-31296a65e9d8), Some(740318) us, 0 findings
Systems effective audit batch 530 begin: 8 subjects (4f5f749f-ec8a-58e1-8941-2293906bad5d .. 4f84efb1-f84b-5d80-9c73-1a685cec6a5c), None us, 0 findings
Systems effective audit batch 531 begin: 8 subjects (4f889989-0cd3-5f19-9a21-c9c4f02e2286 .. 4faabc73-6c6c-50fc-a8b3-916275c08a9c), None us, 0 findings
Systems effective audit batch 530 end: 8 subjects (4f5f749f-ec8a-58e1-8941-2293906bad5d .. 4f84efb1-f84b-5d80-9c73-1a685cec6a5c), Some(1157767) us, 0 findings
Systems effective audit batch 531 end: 8 subjects (4f889989-0cd3-5f19-9a21-c9c4f02e2286 .. 4faabc73-6c6c-50fc-a8b3-916275c08a9c), Some(193893) us, 0 findings
Systems effective audit batch 532 begin: 8 subjects (4fb38c42-65dc-501f-aba2-963cec1d8e86 .. 4fe8e33e-aef5-5c09-9d08-1f89b973853a), None us, 0 findings
Systems effective audit batch 533 begin: 8 subjects (4ff4d3f7-03f1-5839-a22c-076c1e7857c5 .. 501ef254-1d61-5721-84db-85fd6964d0a1), None us, 0 findings
Systems effective audit batch 532 end: 8 subjects (4fb38c42-65dc-501f-aba2-963cec1d8e86 .. 4fe8e33e-aef5-5c09-9d08-1f89b973853a), Some(83) us, 0 findings
Systems effective audit batch 533 end: 8 subjects (4ff4d3f7-03f1-5839-a22c-076c1e7857c5 .. 501ef254-1d61-5721-84db-85fd6964d0a1), Some(79) us, 0 findings
Systems effective audit batch 534 begin: 8 subjects (5020f51a-34de-52c7-8557-b50864386a5a .. 504dcee0-cef3-57a2-b2a1-ffd035fb5c1f), None us, 0 findings
Systems effective audit batch 535 begin: 8 subjects (5052f7ea-0ab1-577d-825f-2665613a7759 .. 50759060-070c-56ec-bf13-8cc2d7e420a7), None us, 0 findings
Systems effective audit batch 534 end: 8 subjects (5020f51a-34de-52c7-8557-b50864386a5a .. 504dcee0-cef3-57a2-b2a1-ffd035fb5c1f), Some(68) us, 0 findings
Systems effective audit batch 535 end: 8 subjects (5052f7ea-0ab1-577d-825f-2665613a7759 .. 50759060-070c-56ec-bf13-8cc2d7e420a7), Some(65) us, 0 findings
Systems effective audit batch 536 begin: 8 subjects (5075a8c4-d0f7-5732-9f45-f3af60dcd26d .. 50a4898d-8733-52bb-b39a-b299113e08e3), None us, 0 findings
Systems effective audit batch 537 begin: 8 subjects (50aa087c-7343-5877-8673-6bd859748d47 .. 5108c502-7368-5d33-a0a0-ed83ab0572e4), None us, 0 findings
Systems effective audit batch 536 end: 8 subjects (5075a8c4-d0f7-5732-9f45-f3af60dcd26d .. 50a4898d-8733-52bb-b39a-b299113e08e3), Some(78) us, 0 findings
Systems effective audit batch 537 end: 8 subjects (50aa087c-7343-5877-8673-6bd859748d47 .. 5108c502-7368-5d33-a0a0-ed83ab0572e4), Some(58) us, 0 findings
Systems effective audit batch 538 begin: 8 subjects (510b93c2-9be3-596c-a584-1f6b2bbb7dff .. 51208948-f5a2-5e18-b5e6-9dfcc233ae5e), None us, 0 findings
Systems effective audit batch 539 begin: 8 subjects (5121a09c-ddea-5f13-ae2d-c5d0c5b66a5c .. 513677d1-a369-5548-8138-524e73f5e07c), None us, 0 findings
Systems effective audit batch 538 end: 8 subjects (510b93c2-9be3-596c-a584-1f6b2bbb7dff .. 51208948-f5a2-5e18-b5e6-9dfcc233ae5e), Some(2933539) us, 0 findings
Systems effective audit batch 539 end: 8 subjects (5121a09c-ddea-5f13-ae2d-c5d0c5b66a5c .. 513677d1-a369-5548-8138-524e73f5e07c), Some(5700818) us, 0 findings
Systems effective audit batch 540 begin: 8 subjects (51384b9d-4455-5909-a38f-c701d775bb81 .. 515803b5-7ee6-527a-a9af-a63921871a9e), None us, 0 findings
Systems effective audit batch 541 begin: 8 subjects (5160c852-1133-5716-9596-a9d42a09a42c .. 5194f45c-ce26-5e09-a2fb-2b96e2a6cc60), None us, 0 findings
Systems effective audit batch 540 end: 8 subjects (51384b9d-4455-5909-a38f-c701d775bb81 .. 515803b5-7ee6-527a-a9af-a63921871a9e), Some(155997) us, 0 findings
Systems effective audit batch 541 end: 8 subjects (5160c852-1133-5716-9596-a9d42a09a42c .. 5194f45c-ce26-5e09-a2fb-2b96e2a6cc60), Some(69) us, 0 findings
Systems effective audit batch 542 begin: 8 subjects (5197363d-f014-5166-bc77-2e8d2b46a9c6 .. 51b61fb4-ea38-50c2-beb5-0284bb309528), None us, 0 findings
Systems effective audit batch 543 begin: 8 subjects (51bdafc1-81b9-5b7c-a51c-31527436bc2f .. 51f09cab-83be-50f9-b436-60ad4bda1e96), None us, 0 findings
Systems effective audit batch 542 end: 8 subjects (5197363d-f014-5166-bc77-2e8d2b46a9c6 .. 51b61fb4-ea38-50c2-beb5-0284bb309528), Some(63) us, 0 findings
Systems effective audit batch 543 end: 8 subjects (51bdafc1-81b9-5b7c-a51c-31527436bc2f .. 51f09cab-83be-50f9-b436-60ad4bda1e96), Some(71) us, 0 findings
Systems effective audit batch 544 begin: 8 subjects (51fb77be-1022-501b-8784-5ab36e5387f6 .. 52233939-689e-5f23-afab-3a40980859c4), None us, 0 findings
Systems effective audit batch 545 begin: 8 subjects (52242cbd-7b1f-5916-9a8f-c04adde9bf1b .. 52439c0c-9a23-5c12-88b0-4e7d949d6a47), None us, 0 findings
Systems effective audit batch 544 end: 8 subjects (51fb77be-1022-501b-8784-5ab36e5387f6 .. 52233939-689e-5f23-afab-3a40980859c4), Some(4785642) us, 0 findings
Systems effective audit batch 545 end: 8 subjects (52242cbd-7b1f-5916-9a8f-c04adde9bf1b .. 52439c0c-9a23-5c12-88b0-4e7d949d6a47), Some(1591259) us, 0 findings
Systems effective audit batch 546 begin: 8 subjects (5248a377-e467-5ab5-9bbc-cce02e468d3f .. 5265ce48-e001-5f79-a625-ffc73f4146b7), None us, 0 findings
Systems effective audit batch 547 begin: 8 subjects (526a6301-359b-50cc-a744-229249983049 .. 527f2335-894e-51a1-8ae2-1788be3fb376), None us, 0 findings
Systems effective audit batch 546 end: 8 subjects (5248a377-e467-5ab5-9bbc-cce02e468d3f .. 5265ce48-e001-5f79-a625-ffc73f4146b7), Some(66) us, 0 findings
Systems effective audit batch 547 end: 8 subjects (526a6301-359b-50cc-a744-229249983049 .. 527f2335-894e-51a1-8ae2-1788be3fb376), Some(60) us, 0 findings
Systems effective audit batch 548 begin: 8 subjects (52826eaa-8211-515c-8fee-1eedee395942 .. 52919ae7-1358-543b-8aee-87b64365e2e7), None us, 0 findings
Systems effective audit batch 549 begin: 8 subjects (52955213-5fa8-58f8-a886-a7838b1678e0 .. 52bc8183-fc88-5e19-8cb0-c5bae07b1fdf), None us, 0 findings
Systems effective audit batch 548 end: 8 subjects (52826eaa-8211-515c-8fee-1eedee395942 .. 52919ae7-1358-543b-8aee-87b64365e2e7), Some(59) us, 0 findings
Systems effective audit batch 549 end: 8 subjects (52955213-5fa8-58f8-a886-a7838b1678e0 .. 52bc8183-fc88-5e19-8cb0-c5bae07b1fdf), Some(520698) us, 0 findings
Systems effective audit batch 550 begin: 8 subjects (52be6ece-0789-53fe-8609-7d366caf67e9 .. 52d9371a-ba66-5f15-951c-cf500afdffae), None us, 0 findings
Systems effective audit batch 551 begin: 8 subjects (52e67d44-5c84-52be-aee3-3845dc670ceb .. 52fc318c-690f-50a4-b073-96b3806804de), None us, 0 findings
Systems effective audit batch 550 end: 8 subjects (52be6ece-0789-53fe-8609-7d366caf67e9 .. 52d9371a-ba66-5f15-951c-cf500afdffae), Some(79) us, 0 findings
Systems effective audit batch 551 end: 8 subjects (52e67d44-5c84-52be-aee3-3845dc670ceb .. 52fc318c-690f-50a4-b073-96b3806804de), Some(1336348) us, 0 findings
Systems effective audit batch 552 begin: 8 subjects (530123af-d2bb-5ec5-9ddf-cd92555289f3 .. 5315d6d0-0167-5787-b09a-ba09008e1bc8), None us, 0 findings
Systems effective audit batch 553 begin: 8 subjects (531e6169-27a6-5a03-8e2c-c0482b2ec67c .. 533a7df6-0bd3-5628-90bf-d06e86dd2d5e), None us, 0 findings
Systems effective audit batch 552 end: 8 subjects (530123af-d2bb-5ec5-9ddf-cd92555289f3 .. 5315d6d0-0167-5787-b09a-ba09008e1bc8), Some(1375100) us, 0 findings
Systems effective audit batch 553 end: 8 subjects (531e6169-27a6-5a03-8e2c-c0482b2ec67c .. 533a7df6-0bd3-5628-90bf-d06e86dd2d5e), Some(2049081) us, 0 findings
Systems effective audit batch 554 begin: 8 subjects (534114f2-8619-5bdd-a2a5-9a604efffd4e .. 5378f423-ea32-53e0-98ca-a2d49f3833a9), None us, 0 findings
Systems effective audit batch 555 begin: 8 subjects (53799887-f1c2-5f24-8b56-d209ec95d82d .. 538cb3e9-c31b-5685-a1a0-f01c6340c8fe), None us, 0 findings
Systems effective audit batch 554 end: 8 subjects (534114f2-8619-5bdd-a2a5-9a604efffd4e .. 5378f423-ea32-53e0-98ca-a2d49f3833a9), Some(77) us, 0 findings
Systems effective audit batch 555 end: 8 subjects (53799887-f1c2-5f24-8b56-d209ec95d82d .. 538cb3e9-c31b-5685-a1a0-f01c6340c8fe), Some(4057010) us, 0 findings
Systems effective audit batch 556 begin: 8 subjects (53914571-fa34-5888-8155-8d3ce51cfc83 .. 53a2a83d-ebaf-5d21-922f-80150d047f5f), None us, 0 findings
Systems effective audit batch 557 begin: 8 subjects (53a2f31d-c361-5786-964f-90febf828a81 .. 53bab10f-74ce-5e5f-984f-5d6c1fd9853e), None us, 0 findings
Systems effective audit batch 556 end: 8 subjects (53914571-fa34-5888-8155-8d3ce51cfc83 .. 53a2a83d-ebaf-5d21-922f-80150d047f5f), Some(508456) us, 0 findings
Systems effective audit batch 557 end: 8 subjects (53a2f31d-c361-5786-964f-90febf828a81 .. 53bab10f-74ce-5e5f-984f-5d6c1fd9853e), Some(65) us, 0 findings
Systems effective audit batch 558 begin: 8 subjects (53bf3b9e-98e7-5d41-8697-5a83611a6f2c .. 53de2d0e-234b-5fba-90fb-45c43ed13e3b), None us, 0 findings
Systems effective audit batch 559 begin: 8 subjects (53e2acb9-b460-5fb0-8465-881e39748060 .. 5405a578-5a3d-5542-82a9-0da8eb7f853e), None us, 0 findings
Systems effective audit batch 558 end: 8 subjects (53bf3b9e-98e7-5d41-8697-5a83611a6f2c .. 53de2d0e-234b-5fba-90fb-45c43ed13e3b), Some(68) us, 0 findings
Systems effective audit batch 559 end: 8 subjects (53e2acb9-b460-5fb0-8465-881e39748060 .. 5405a578-5a3d-5542-82a9-0da8eb7f853e), Some(54) us, 0 findings
Systems effective audit batch 560 begin: 8 subjects (540c14ce-4646-5424-ab72-f99c5beabbc9 .. 541ecde0-9768-5568-a344-2da97b4bd825), None us, 0 findings
Systems effective audit batch 561 begin: 8 subjects (542006a8-8fb4-5664-b1c1-17f3183048bc .. 54320afe-d6b2-5a4c-a2a4-0c7c76280d84), None us, 0 findings
Systems effective audit batch 560 end: 8 subjects (540c14ce-4646-5424-ab72-f99c5beabbc9 .. 541ecde0-9768-5568-a344-2da97b4bd825), Some(75) us, 0 findings
Systems effective audit batch 561 end: 8 subjects (542006a8-8fb4-5664-b1c1-17f3183048bc .. 54320afe-d6b2-5a4c-a2a4-0c7c76280d84), Some(86) us, 0 findings
Systems effective audit batch 562 begin: 8 subjects (54336f3f-d5d9-5494-a687-e237f55a73dd .. 5442d295-6dec-578d-87fb-4a491ac4acb2), None us, 0 findings
Systems effective audit batch 563 begin: 8 subjects (54477a87-9e0b-5c63-bf55-11e8cd64b50d .. 546d0f7e-49d8-555b-a5ad-34b065c696fa), None us, 0 findings
Systems effective audit batch 562 end: 8 subjects (54336f3f-d5d9-5494-a687-e237f55a73dd .. 5442d295-6dec-578d-87fb-4a491ac4acb2), Some(53) us, 0 findings
Systems effective audit batch 563 end: 8 subjects (54477a87-9e0b-5c63-bf55-11e8cd64b50d .. 546d0f7e-49d8-555b-a5ad-34b065c696fa), Some(1180738) us, 0 findings
Systems effective audit batch 564 begin: 8 subjects (547ce479-b2ca-59c8-898d-f66cf0c60ad3 .. 549c8acf-da65-51d5-8aaf-f551e573c61d), None us, 0 findings
Systems effective audit batch 565 begin: 8 subjects (54a04cf6-a958-5ffa-a1f7-93cd984e31c7 .. 54c808a7-f6c6-5141-8cf8-89adc5727b2f), None us, 0 findings
Systems effective audit batch 564 end: 8 subjects (547ce479-b2ca-59c8-898d-f66cf0c60ad3 .. 549c8acf-da65-51d5-8aaf-f551e573c61d), Some(2302232) us, 0 findings
Systems effective audit batch 565 end: 8 subjects (54a04cf6-a958-5ffa-a1f7-93cd984e31c7 .. 54c808a7-f6c6-5141-8cf8-89adc5727b2f), Some(66) us, 0 findings
Systems effective audit batch 566 begin: 8 subjects (54cab92f-cde9-5660-89b6-7a3fc7e7019e .. 54e838fa-f8fe-564b-8eca-94198037bb5a), None us, 0 findings
Systems effective audit batch 567 begin: 8 subjects (54e975e0-4f3a-56fb-8a07-0e063d53cd90 .. 55287a8c-a9fc-58cf-afb7-7602a92a6e78), None us, 0 findings
Systems effective audit batch 566 end: 8 subjects (54cab92f-cde9-5660-89b6-7a3fc7e7019e .. 54e838fa-f8fe-564b-8eca-94198037bb5a), Some(72) us, 0 findings
Systems effective audit batch 567 end: 8 subjects (54e975e0-4f3a-56fb-8a07-0e063d53cd90 .. 55287a8c-a9fc-58cf-afb7-7602a92a6e78), Some(1590156) us, 0 findings
Systems effective audit batch 568 begin: 8 subjects (552b1514-520a-5fbe-9614-c703e76d4448 .. 555251c2-b2e4-5fa7-b014-b7efb05c1ec3), None us, 0 findings
Systems effective audit batch 569 begin: 8 subjects (55573764-323c-5e6f-a24e-97e7b6318f9e .. 557189b7-002a-5707-99d0-22676abc5879), None us, 0 findings
Systems effective audit batch 568 end: 8 subjects (552b1514-520a-5fbe-9614-c703e76d4448 .. 555251c2-b2e4-5fa7-b014-b7efb05c1ec3), Some(2632456) us, 0 findings
Systems effective audit batch 569 end: 8 subjects (55573764-323c-5e6f-a24e-97e7b6318f9e .. 557189b7-002a-5707-99d0-22676abc5879), Some(56) us, 0 findings
Systems effective audit batch 570 begin: 8 subjects (557b8b8f-ec1e-5e81-8da9-67bea7905067 .. 55a194d0-9b4f-573e-93ab-81155f0142cb), None us, 0 findings
Systems effective audit batch 571 begin: 8 subjects (55a31e2d-cd3c-5c68-94dc-39600e5dbb9a .. 55d9f0cf-4022-581b-967e-b6a1ca9def59), None us, 0 findings
Systems effective audit batch 570 end: 8 subjects (557b8b8f-ec1e-5e81-8da9-67bea7905067 .. 55a194d0-9b4f-573e-93ab-81155f0142cb), Some(100662) us, 0 findings
Systems effective audit batch 571 end: 8 subjects (55a31e2d-cd3c-5c68-94dc-39600e5dbb9a .. 55d9f0cf-4022-581b-967e-b6a1ca9def59), Some(5794343) us, 0 findings
Systems effective audit batch 572 begin: 8 subjects (55e57f00-06a1-51e1-ba76-7eea45122091 .. 560fb25c-dccf-54de-a654-9cbd1b72cedb), None us, 0 findings
Systems effective audit batch 573 begin: 8 subjects (56163c82-ad9b-5dbe-932b-09bec88c808d .. 5627b249-9f44-5e70-ba79-b462cb85a692), None us, 0 findings
Systems effective audit batch 572 end: 8 subjects (55e57f00-06a1-51e1-ba76-7eea45122091 .. 560fb25c-dccf-54de-a654-9cbd1b72cedb), Some(79) us, 0 findings
Systems effective audit batch 573 end: 8 subjects (56163c82-ad9b-5dbe-932b-09bec88c808d .. 5627b249-9f44-5e70-ba79-b462cb85a692), Some(59) us, 0 findings
Systems effective audit batch 574 begin: 8 subjects (56294f53-8f28-53dd-b6a5-1e96b13a34f2 .. 566380d0-0de6-5341-bd20-1e13a9364403), None us, 0 findings
Systems effective audit batch 575 begin: 8 subjects (566e55fb-5f49-503b-b853-e214ae6f3236 .. 5686f5ec-27f0-59d3-9fe6-0992e2173645), None us, 0 findings
Systems effective audit batch 574 end: 8 subjects (56294f53-8f28-53dd-b6a5-1e96b13a34f2 .. 566380d0-0de6-5341-bd20-1e13a9364403), Some(71) us, 0 findings
Systems effective audit batch 575 end: 8 subjects (566e55fb-5f49-503b-b853-e214ae6f3236 .. 5686f5ec-27f0-59d3-9fe6-0992e2173645), Some(1889244) us, 0 findings
Systems effective audit batch 576 begin: 8 subjects (56879527-f506-5ed7-a07f-1dadaf438a0e .. 56b50c26-4e99-5a07-ab90-b5a357340910), None us, 0 findings
Systems effective audit batch 577 begin: 8 subjects (56b5e106-4706-5b98-8389-578a9452a712 .. 56e47a8b-85de-5a88-bd8e-49209bc400a6), None us, 0 findings
Systems effective audit batch 576 end: 8 subjects (56879527-f506-5ed7-a07f-1dadaf438a0e .. 56b50c26-4e99-5a07-ab90-b5a357340910), Some(83) us, 0 findings
Systems effective audit batch 577 end: 8 subjects (56b5e106-4706-5b98-8389-578a9452a712 .. 56e47a8b-85de-5a88-bd8e-49209bc400a6), Some(7529863) us, 0 findings
Systems effective audit batch 578 begin: 8 subjects (56e6a4fb-8526-5d9d-a5fc-c4c7572dfc6b .. 570cd951-f5dd-516c-83ab-e020b522c8bf), None us, 0 findings
Systems effective audit batch 579 begin: 8 subjects (5718210b-6e69-5097-9bff-ca311cb33cf8 .. 573badc8-e2f4-500b-9cfd-931dfabfba7a), None us, 0 findings
Systems effective audit batch 578 end: 8 subjects (56e6a4fb-8526-5d9d-a5fc-c4c7572dfc6b .. 570cd951-f5dd-516c-83ab-e020b522c8bf), Some(92) us, 0 findings
Systems effective audit batch 579 end: 8 subjects (5718210b-6e69-5097-9bff-ca311cb33cf8 .. 573badc8-e2f4-500b-9cfd-931dfabfba7a), Some(70) us, 0 findings
Systems effective audit batch 580 begin: 8 subjects (57416c77-652c-56db-82ab-6d79c930fb56 .. 57532670-4170-5ae6-b4b6-d6bc3b3e5bd0), None us, 0 findings
Systems effective audit batch 581 begin: 8 subjects (575a3d31-cd73-5c0c-bfb9-601974083729 .. 57701f27-6c07-52d4-a991-1dba72f13871), None us, 0 findings
Systems effective audit batch 580 end: 8 subjects (57416c77-652c-56db-82ab-6d79c930fb56 .. 57532670-4170-5ae6-b4b6-d6bc3b3e5bd0), Some(888426) us, 0 findings
Systems effective audit batch 581 end: 8 subjects (575a3d31-cd73-5c0c-bfb9-601974083729 .. 57701f27-6c07-52d4-a991-1dba72f13871), Some(52) us, 0 findings
Systems effective audit batch 582 begin: 8 subjects (5772017b-4f94-5b0b-a254-35d71310ea74 .. 57a65697-66d0-590d-8663-3ec46756d13a), None us, 0 findings
Systems effective audit batch 583 begin: 8 subjects (57ad22cc-6cff-5d43-93d0-d010260ff2f4 .. 57cf98d7-bf07-5a89-b348-e974183c10c1), None us, 0 findings
Systems effective audit batch 582 end: 8 subjects (5772017b-4f94-5b0b-a254-35d71310ea74 .. 57a65697-66d0-590d-8663-3ec46756d13a), Some(61) us, 0 findings
Systems effective audit batch 583 end: 8 subjects (57ad22cc-6cff-5d43-93d0-d010260ff2f4 .. 57cf98d7-bf07-5a89-b348-e974183c10c1), Some(504494) us, 0 findings
Systems effective audit batch 584 begin: 8 subjects (57d0cf37-efa0-5d5a-ab21-3fb402331246 .. 57e70c73-6e28-5e7d-8ce0-41472837d762), None us, 0 findings
Systems effective audit batch 585 begin: 8 subjects (57ee3425-8296-559a-879b-e20a732a598c .. 580795d4-fcb9-5fa5-99bb-4bbbe54c55f8), None us, 0 findings
Systems effective audit batch 584 end: 8 subjects (57d0cf37-efa0-5d5a-ab21-3fb402331246 .. 57e70c73-6e28-5e7d-8ce0-41472837d762), Some(63) us, 0 findings
Systems effective audit batch 585 end: 8 subjects (57ee3425-8296-559a-879b-e20a732a598c .. 580795d4-fcb9-5fa5-99bb-4bbbe54c55f8), Some(363720) us, 0 findings
Systems effective audit batch 586 begin: 8 subjects (580a9c18-5d84-52fc-b2f5-be4de28c0283 .. 58408e49-d24c-554a-821c-1198c801d9c1), None us, 0 findings
Systems effective audit batch 587 begin: 8 subjects (5844375d-6762-549e-9e74-1ccbc916afee .. 587ab4b9-cd4a-5432-a6d5-6a1bc8e37133), None us, 0 findings
Systems effective audit batch 586 end: 8 subjects (580a9c18-5d84-52fc-b2f5-be4de28c0283 .. 58408e49-d24c-554a-821c-1198c801d9c1), Some(1172009) us, 0 findings
Systems effective audit batch 587 end: 8 subjects (5844375d-6762-549e-9e74-1ccbc916afee .. 587ab4b9-cd4a-5432-a6d5-6a1bc8e37133), Some(707864) us, 0 findings
Systems effective audit batch 588 begin: 8 subjects (587ca8c5-6e87-5960-af4d-7a4ad3d45c51 .. 58ae80df-13b7-5354-bdaf-32e7d623ec43), None us, 0 findings
Systems effective audit batch 589 begin: 8 subjects (58b851e9-10d0-5a2c-a0f6-b6cf85dc6d48 .. 58c912f6-9d5a-5627-a6f7-b701167da962), None us, 0 findings
Systems effective audit batch 588 end: 8 subjects (587ca8c5-6e87-5960-af4d-7a4ad3d45c51 .. 58ae80df-13b7-5354-bdaf-32e7d623ec43), Some(70) us, 0 findings
Systems effective audit batch 589 end: 8 subjects (58b851e9-10d0-5a2c-a0f6-b6cf85dc6d48 .. 58c912f6-9d5a-5627-a6f7-b701167da962), Some(1727138) us, 0 findings
Systems effective audit batch 590 begin: 8 subjects (58cbfaf8-96d7-522b-b21a-31dfe698696a .. 58ee2488-6225-5f1e-87a4-8dfe67e65a55), None us, 0 findings
Systems effective audit batch 591 begin: 8 subjects (58f5e44a-2e73-54ff-bedb-80e87f1a4492 .. 590da273-fcd5-5d3a-bea7-f983917b5734), None us, 0 findings
Systems effective audit batch 590 end: 8 subjects (58cbfaf8-96d7-522b-b21a-31dfe698696a .. 58ee2488-6225-5f1e-87a4-8dfe67e65a55), Some(63) us, 0 findings
Systems effective audit batch 591 end: 8 subjects (58f5e44a-2e73-54ff-bedb-80e87f1a4492 .. 590da273-fcd5-5d3a-bea7-f983917b5734), Some(58) us, 0 findings
Systems effective audit batch 592 begin: 8 subjects (5914f3ab-c734-53cd-a028-26fdc14298f9 .. 5947f17b-1900-5dbd-a081-ff00324f76aa), None us, 0 findings
Systems effective audit batch 593 begin: 8 subjects (594ab8e0-91d4-5fc9-8a63-be99f0011915 .. 59838ea9-5861-5c70-b8f0-8b8544feb077), None us, 0 findings
Systems effective audit batch 592 end: 8 subjects (5914f3ab-c734-53cd-a028-26fdc14298f9 .. 5947f17b-1900-5dbd-a081-ff00324f76aa), Some(83) us, 0 findings
Systems effective audit batch 593 end: 8 subjects (594ab8e0-91d4-5fc9-8a63-be99f0011915 .. 59838ea9-5861-5c70-b8f0-8b8544feb077), Some(77) us, 0 findings
Systems effective audit batch 594 begin: 8 subjects (5986d6a1-90c3-55ab-aebc-d089d57da409 .. 59ae4338-27a8-5700-8005-80fcf334d740), None us, 0 findings
Systems effective audit batch 595 begin: 8 subjects (59b299cf-096f-5137-a7df-919974059b06 .. 59d6cbef-7959-5201-926f-f49aef6e6355), None us, 0 findings
Systems effective audit batch 594 end: 8 subjects (5986d6a1-90c3-55ab-aebc-d089d57da409 .. 59ae4338-27a8-5700-8005-80fcf334d740), Some(646189) us, 0 findings
Systems effective audit batch 595 end: 8 subjects (59b299cf-096f-5137-a7df-919974059b06 .. 59d6cbef-7959-5201-926f-f49aef6e6355), Some(65) us, 0 findings
Systems effective audit batch 596 begin: 8 subjects (59d78817-d766-581f-9b72-3a572bf48bc2 .. 59f1933c-cad4-5671-b06a-5f0ca4a19970), None us, 0 findings
Systems effective audit batch 597 begin: 8 subjects (59f3ad9c-7817-5e9c-a306-33cccd59ffb0 .. 5a1c1e04-4bd1-51f5-aa2f-8bf255983eb8), None us, 0 findings
Systems effective audit batch 596 end: 8 subjects (59d78817-d766-581f-9b72-3a572bf48bc2 .. 59f1933c-cad4-5671-b06a-5f0ca4a19970), Some(2803) us, 0 findings
Systems effective audit batch 597 end: 8 subjects (59f3ad9c-7817-5e9c-a306-33cccd59ffb0 .. 5a1c1e04-4bd1-51f5-aa2f-8bf255983eb8), Some(67) us, 0 findings
Systems effective audit batch 598 begin: 8 subjects (5a1e99f6-e825-58c3-be35-e450dcf0ed38 .. 5a3e5cbf-fc1c-5395-bd95-c651a23958a6), None us, 0 findings
Systems effective audit batch 599 begin: 8 subjects (5a41caa6-0347-5242-97da-1b4367c8561c .. 5a9a7c2d-6c49-5815-8d08-903ba4aec6e2), None us, 0 findings
Systems effective audit batch 598 end: 8 subjects (5a1e99f6-e825-58c3-be35-e450dcf0ed38 .. 5a3e5cbf-fc1c-5395-bd95-c651a23958a6), Some(69) us, 0 findings
Systems effective audit batch 599 end: 8 subjects (5a41caa6-0347-5242-97da-1b4367c8561c .. 5a9a7c2d-6c49-5815-8d08-903ba4aec6e2), Some(56) us, 0 findings
Systems effective audit batch 600 begin: 8 subjects (5a9bf864-b93e-5f93-a6b4-0e9e60b0f495 .. 5ad18b8b-1cf6-59a7-9c1d-e365c1dbd1b5), None us, 0 findings
Systems effective audit batch 601 begin: 8 subjects (5ad4392a-08ed-5c19-b8b0-b3011f631c5a .. 5ae11eb2-9b88-598e-83f6-c923ef06aeea), None us, 0 findings
Systems effective audit batch 600 end: 8 subjects (5a9bf864-b93e-5f93-a6b4-0e9e60b0f495 .. 5ad18b8b-1cf6-59a7-9c1d-e365c1dbd1b5), Some(64) us, 0 findings
Systems effective audit batch 601 end: 8 subjects (5ad4392a-08ed-5c19-b8b0-b3011f631c5a .. 5ae11eb2-9b88-598e-83f6-c923ef06aeea), Some(53) us, 0 findings
Systems effective audit batch 602 begin: 8 subjects (5ae22b41-80a0-53a1-a90b-38b578f602e2 .. 5aeccc45-38e0-5062-a1f8-6ac974a6cc24), None us, 0 findings
Systems effective audit batch 603 begin: 8 subjects (5af54f99-b237-5c26-9678-1fe98a11c890 .. 5b21c4c9-1176-561c-9fdd-5eac4650cb36), None us, 0 findings
Systems effective audit batch 602 end: 8 subjects (5ae22b41-80a0-53a1-a90b-38b578f602e2 .. 5aeccc45-38e0-5062-a1f8-6ac974a6cc24), Some(81) us, 0 findings
Systems effective audit batch 603 end: 8 subjects (5af54f99-b237-5c26-9678-1fe98a11c890 .. 5b21c4c9-1176-561c-9fdd-5eac4650cb36), Some(59) us, 0 findings
Systems effective audit batch 604 begin: 8 subjects (5b28ca10-cf51-53d6-bdae-b05e8c801205 .. 5b54488a-d0d1-56db-91c1-3f7e7552153b), None us, 0 findings
Systems effective audit batch 605 begin: 8 subjects (5b5514ae-98bc-5e5a-948c-0c3821984b9f .. 5b9a9594-b487-55f3-b973-1edb82cf6570), None us, 0 findings
Systems effective audit batch 604 end: 8 subjects (5b28ca10-cf51-53d6-bdae-b05e8c801205 .. 5b54488a-d0d1-56db-91c1-3f7e7552153b), Some(5347537) us, 0 findings
Systems effective audit batch 605 end: 8 subjects (5b5514ae-98bc-5e5a-948c-0c3821984b9f .. 5b9a9594-b487-55f3-b973-1edb82cf6570), Some(71) us, 0 findings
Systems effective audit batch 606 begin: 8 subjects (5b9d3449-c9a3-5587-8dab-d04fce7b6390 .. 5bb4d7ae-26af-5b37-aedd-91f146f6f462), None us, 0 findings
Systems effective audit batch 607 begin: 8 subjects (5bb50d5a-8e4c-546f-9408-67146955d657 .. 5bc898ea-9791-5e8f-81b2-19ba29ab01cb), None us, 0 findings
Systems effective audit batch 606 end: 8 subjects (5b9d3449-c9a3-5587-8dab-d04fce7b6390 .. 5bb4d7ae-26af-5b37-aedd-91f146f6f462), Some(66) us, 0 findings
Systems effective audit batch 607 end: 8 subjects (5bb50d5a-8e4c-546f-9408-67146955d657 .. 5bc898ea-9791-5e8f-81b2-19ba29ab01cb), Some(60) us, 0 findings
Systems effective audit batch 608 begin: 8 subjects (5bcdab51-b356-5a86-9070-4ea17365bb6f .. 5bdb7ea4-e8d8-500e-ae0c-9e2dae60502b), None us, 0 findings
Systems effective audit batch 609 begin: 8 subjects (5bdf3d15-415f-536e-9714-a6b0d92ed0f7 .. 5c01b329-39b0-5b97-b8e4-c2d0d41d1729), None us, 0 findings
Systems effective audit batch 608 end: 8 subjects (5bcdab51-b356-5a86-9070-4ea17365bb6f .. 5bdb7ea4-e8d8-500e-ae0c-9e2dae60502b), Some(3924924) us, 0 findings
Systems effective audit batch 609 end: 8 subjects (5bdf3d15-415f-536e-9714-a6b0d92ed0f7 .. 5c01b329-39b0-5b97-b8e4-c2d0d41d1729), Some(4050945) us, 0 findings
Systems effective audit batch 610 begin: 8 subjects (5c04bf61-57ca-5a36-88f5-3f8c308abf77 .. 5c2b9ffa-7944-5128-83d4-fb301f538a6a), None us, 0 findings
Systems effective audit batch 611 begin: 8 subjects (5c2baa14-3f26-5c42-9fdc-246d31b27e82 .. 5c5a8acd-035e-5867-bed9-f04b55505e1c), None us, 0 findings
Systems effective audit batch 610 end: 8 subjects (5c04bf61-57ca-5a36-88f5-3f8c308abf77 .. 5c2b9ffa-7944-5128-83d4-fb301f538a6a), Some(66) us, 0 findings
Systems effective audit batch 611 end: 8 subjects (5c2baa14-3f26-5c42-9fdc-246d31b27e82 .. 5c5a8acd-035e-5867-bed9-f04b55505e1c), Some(59) us, 0 findings
Systems effective audit batch 612 begin: 8 subjects (5c6b69a8-a5ac-581f-82ec-65a59a0273b5 .. 5c80483f-468b-5fd3-ab44-1319b79abb77), None us, 0 findings
Systems effective audit batch 613 begin: 8 subjects (5c81da9f-1722-5e35-8612-c21331692834 .. 5c9ba443-013a-5fba-befd-6fd09432ad24), None us, 0 findings
Systems effective audit batch 612 end: 8 subjects (5c6b69a8-a5ac-581f-82ec-65a59a0273b5 .. 5c80483f-468b-5fd3-ab44-1319b79abb77), Some(58) us, 0 findings
Systems effective audit batch 613 end: 8 subjects (5c81da9f-1722-5e35-8612-c21331692834 .. 5c9ba443-013a-5fba-befd-6fd09432ad24), Some(59) us, 0 findings
Systems effective audit batch 614 begin: 8 subjects (5c9baaac-7ccd-5082-baa8-e0d8f5ee5f18 .. 5caf622b-1430-5ae8-ae75-f76f912d1782), None us, 0 findings
Systems effective audit batch 615 begin: 8 subjects (5cc563fb-dcc6-560f-83ff-3c94c7a03a94 .. 5cf63bc7-bf20-5fe9-94bb-29e714adc2ec), None us, 0 findings
Systems effective audit batch 614 end: 8 subjects (5c9baaac-7ccd-5082-baa8-e0d8f5ee5f18 .. 5caf622b-1430-5ae8-ae75-f76f912d1782), Some(64) us, 0 findings
Systems effective audit batch 615 end: 8 subjects (5cc563fb-dcc6-560f-83ff-3c94c7a03a94 .. 5cf63bc7-bf20-5fe9-94bb-29e714adc2ec), Some(3397840) us, 0 findings
Systems effective audit batch 616 begin: 8 subjects (5cfc8c10-0874-5f8a-8725-5205b1196799 .. 5d136e7e-930c-5b67-9f44-b1b08620afea), None us, 0 findings
Systems effective audit batch 617 begin: 8 subjects (5d153ced-4e9c-597e-b95e-40d492cbf0fc .. 5d309ee4-393b-563b-9c18-ede12be037a2), None us, 0 findings
Systems effective audit batch 616 end: 8 subjects (5cfc8c10-0874-5f8a-8725-5205b1196799 .. 5d136e7e-930c-5b67-9f44-b1b08620afea), Some(90) us, 0 findings
Systems effective audit batch 617 end: 8 subjects (5d153ced-4e9c-597e-b95e-40d492cbf0fc .. 5d309ee4-393b-563b-9c18-ede12be037a2), Some(59) us, 0 findings
Systems effective audit batch 618 begin: 8 subjects (5d309ee7-8fcd-5ad4-b502-32ae5dc5dfcf .. 5d5383c0-90ee-5758-81c6-fb528c071a5e), None us, 0 findings
Systems effective audit batch 619 begin: 8 subjects (5d56ced4-e5c2-5b12-8802-373844dcb743 .. 5d7fd11d-58a9-5d0f-a0ae-2fa18cbba4ab), None us, 0 findings
Systems effective audit batch 618 end: 8 subjects (5d309ee7-8fcd-5ad4-b502-32ae5dc5dfcf .. 5d5383c0-90ee-5758-81c6-fb528c071a5e), Some(53) us, 0 findings
Systems effective audit batch 619 end: 8 subjects (5d56ced4-e5c2-5b12-8802-373844dcb743 .. 5d7fd11d-58a9-5d0f-a0ae-2fa18cbba4ab), Some(57) us, 0 findings
Systems effective audit batch 620 begin: 8 subjects (5d8353a0-b293-5e74-bbbe-c1162888e6ca .. 5d9e5dc7-d456-5229-8f71-5676a3387bd2), None us, 0 findings
Systems effective audit batch 621 begin: 8 subjects (5d9e9d2d-7713-5151-9860-f31282856009 .. 5dd123f6-6fe6-5654-994d-b6db609e4dd4), None us, 0 findings
Systems effective audit batch 620 end: 8 subjects (5d8353a0-b293-5e74-bbbe-c1162888e6ca .. 5d9e5dc7-d456-5229-8f71-5676a3387bd2), Some(48) us, 0 findings
Systems effective audit batch 621 end: 8 subjects (5d9e9d2d-7713-5151-9860-f31282856009 .. 5dd123f6-6fe6-5654-994d-b6db609e4dd4), Some(5681335) us, 0 findings
Systems effective audit batch 622 begin: 8 subjects (5dd84e4f-7e44-5a6a-bee1-7bc3e473d5a9 .. 5ded9e41-8053-5aef-8298-75e4abe0abdd), None us, 0 findings
Systems effective audit batch 623 begin: 8 subjects (5df08216-91a5-5714-aded-42ad67168f1a .. 5e122faf-8354-5596-9973-a2d47c69f98e), None us, 0 findings
Systems effective audit batch 622 end: 8 subjects (5dd84e4f-7e44-5a6a-bee1-7bc3e473d5a9 .. 5ded9e41-8053-5aef-8298-75e4abe0abdd), Some(4705126) us, 0 findings
Systems effective audit batch 623 end: 8 subjects (5df08216-91a5-5714-aded-42ad67168f1a .. 5e122faf-8354-5596-9973-a2d47c69f98e), Some(5155019) us, 0 findings
Systems effective audit batch 624 begin: 8 subjects (5e16a7b7-6a14-56d2-a2d4-0c50823dc39f .. 5e37084c-8e53-5ddc-84e9-b2782b02f4f0), None us, 0 findings
Systems effective audit batch 625 begin: 8 subjects (5e3957f1-02b5-52b1-b770-a745d84a9304 .. 5e4f91dc-6493-5af2-8d62-4fb3a5b4c988), None us, 0 findings
Systems effective audit batch 624 end: 8 subjects (5e16a7b7-6a14-56d2-a2d4-0c50823dc39f .. 5e37084c-8e53-5ddc-84e9-b2782b02f4f0), Some(72) us, 0 findings
Systems effective audit batch 625 end: 8 subjects (5e3957f1-02b5-52b1-b770-a745d84a9304 .. 5e4f91dc-6493-5af2-8d62-4fb3a5b4c988), Some(1581464) us, 0 findings
Systems effective audit batch 626 begin: 8 subjects (5e54e504-88c3-52ed-bd57-e3500c795581 .. 5e7116ee-7922-541e-a245-4bad7991fbb5), None us, 0 findings
Systems effective audit batch 627 begin: 8 subjects (5e733dd1-aeab-5904-9453-ce9a18c1efa5 .. 5e9f4eb1-2545-5533-9c22-f7c6cd4c856c), None us, 0 findings
Systems effective audit batch 626 end: 8 subjects (5e54e504-88c3-52ed-bd57-e3500c795581 .. 5e7116ee-7922-541e-a245-4bad7991fbb5), Some(91) us, 0 findings
Systems effective audit batch 627 end: 8 subjects (5e733dd1-aeab-5904-9453-ce9a18c1efa5 .. 5e9f4eb1-2545-5533-9c22-f7c6cd4c856c), Some(12383895) us, 0 findings
Systems effective audit batch 628 begin: 8 subjects (5e9f6b85-8de4-5bac-859f-9d58b51c8b68 .. 5ed5c83e-204b-563d-a141-ab4255fb0670), None us, 0 findings
Systems effective audit batch 629 begin: 8 subjects (5ed9fd58-d910-5c63-9a25-500d119b57b9 .. 5f01efcf-7dc2-56a1-9f6e-05a8f38f86c6), None us, 0 findings
Systems effective audit batch 628 end: 8 subjects (5e9f6b85-8de4-5bac-859f-9d58b51c8b68 .. 5ed5c83e-204b-563d-a141-ab4255fb0670), Some(12826293) us, 0 findings
Systems effective audit batch 629 end: 8 subjects (5ed9fd58-d910-5c63-9a25-500d119b57b9 .. 5f01efcf-7dc2-56a1-9f6e-05a8f38f86c6), Some(61) us, 0 findings
Systems effective audit batch 630 begin: 8 subjects (5f04f5da-da48-5049-ab6b-3b6e5460cdad .. 5f1440f6-0bd1-5243-a8bd-56833402e2f0), None us, 0 findings
Systems effective audit batch 631 begin: 8 subjects (5f1f3a39-24ba-5758-8487-24481abb2e21 .. 5f434ccf-c04d-56cc-9c89-fed68ef6bba9), None us, 0 findings
Systems effective audit batch 630 end: 8 subjects (5f04f5da-da48-5049-ab6b-3b6e5460cdad .. 5f1440f6-0bd1-5243-a8bd-56833402e2f0), Some(5030221) us, 0 findings
Systems effective audit batch 631 end: 8 subjects (5f1f3a39-24ba-5758-8487-24481abb2e21 .. 5f434ccf-c04d-56cc-9c89-fed68ef6bba9), Some(59) us, 0 findings
Systems effective audit batch 632 begin: 8 subjects (5f44aa11-b119-513b-80a4-c418ba6d35e6 .. 5f5848b5-0264-539c-a449-9df00c435c73), None us, 0 findings
Systems effective audit batch 633 begin: 8 subjects (5f5928df-3810-5843-b728-ac833261cd69 .. 5f6efd7d-116b-5b65-ac73-51cba39282f7), None us, 0 findings
Systems effective audit batch 632 end: 8 subjects (5f44aa11-b119-513b-80a4-c418ba6d35e6 .. 5f5848b5-0264-539c-a449-9df00c435c73), Some(124) us, 0 findings
Systems effective audit batch 633 end: 8 subjects (5f5928df-3810-5843-b728-ac833261cd69 .. 5f6efd7d-116b-5b65-ac73-51cba39282f7), Some(7440759) us, 0 findings
Systems effective audit batch 634 begin: 8 subjects (5f796c52-f57b-5bb0-831a-1643adce61dd .. 5f8c9540-1224-5a3f-b1af-fcae6e0c66d0), None us, 0 findings
Systems effective audit batch 635 begin: 8 subjects (5f942dd0-c838-5698-b8f8-3637fba8b762 .. 5fb139c3-795f-5c97-b55a-0c4ce7b93d45), None us, 0 findings
Systems effective audit batch 634 end: 8 subjects (5f796c52-f57b-5bb0-831a-1643adce61dd .. 5f8c9540-1224-5a3f-b1af-fcae6e0c66d0), Some(6627361) us, 0 findings
Systems effective audit batch 635 end: 8 subjects (5f942dd0-c838-5698-b8f8-3637fba8b762 .. 5fb139c3-795f-5c97-b55a-0c4ce7b93d45), Some(1042960) us, 0 findings
Systems effective audit batch 636 begin: 8 subjects (5fb1ee15-71b1-583e-98ee-eb107b57cd73 .. 5fd0b638-3db4-506b-9df8-2a18b30933e2), None us, 0 findings
Systems effective audit batch 637 begin: 8 subjects (5fd3af2a-19ad-5d6d-a41f-86d20f5bcb45 .. 5fe93882-feb2-5fed-83f0-7281b8ab379b), None us, 0 findings
Systems effective audit batch 636 end: 8 subjects (5fb1ee15-71b1-583e-98ee-eb107b57cd73 .. 5fd0b638-3db4-506b-9df8-2a18b30933e2), Some(97) us, 0 findings
Systems effective audit batch 637 end: 8 subjects (5fd3af2a-19ad-5d6d-a41f-86d20f5bcb45 .. 5fe93882-feb2-5fed-83f0-7281b8ab379b), Some(16010) us, 0 findings
Systems effective audit batch 638 begin: 8 subjects (5feddd9d-cb1d-5ab9-bdcd-94db1e8f54f2 .. 602a38db-f0e2-5c27-aecd-d1ac769cf913), None us, 0 findings
Systems effective audit batch 639 begin: 8 subjects (603a30c3-d8a6-5a94-b935-35764ced117b .. 605b9468-202d-595f-bf64-209882fc09a6), None us, 0 findings
Systems effective audit batch 638 end: 8 subjects (5feddd9d-cb1d-5ab9-bdcd-94db1e8f54f2 .. 602a38db-f0e2-5c27-aecd-d1ac769cf913), Some(67) us, 0 findings
Systems effective audit batch 639 end: 8 subjects (603a30c3-d8a6-5a94-b935-35764ced117b .. 605b9468-202d-595f-bf64-209882fc09a6), Some(4861214) us, 0 findings
Systems effective audit batch 640 begin: 8 subjects (605e2acf-76d3-5019-9eac-bafeef77ec7c .. 60774cef-813b-55d0-9b3d-9aa8f6f4369b), None us, 0 findings
Systems effective audit batch 641 begin: 8 subjects (607d1cd7-a58d-5749-963c-e55cb114337f .. 608fbbe3-c56a-506d-9e6d-a5368ba2b0e3), None us, 0 findings
Systems effective audit batch 640 end: 8 subjects (605e2acf-76d3-5019-9eac-bafeef77ec7c .. 60774cef-813b-55d0-9b3d-9aa8f6f4369b), Some(81) us, 0 findings
Systems effective audit batch 641 end: 8 subjects (607d1cd7-a58d-5749-963c-e55cb114337f .. 608fbbe3-c56a-506d-9e6d-a5368ba2b0e3), Some(69) us, 0 findings
Systems effective audit batch 642 begin: 8 subjects (608fc72c-f7db-51c6-ad80-0f61c1713f19 .. 60ad8751-2fb5-556b-9b41-85963cb82f10), None us, 0 findings
Systems effective audit batch 643 begin: 8 subjects (60b1f5c9-07da-5b2c-86ae-99ce2926adff .. 60e55953-cd19-54a9-810a-781eea72dfec), None us, 0 findings
Systems effective audit batch 642 end: 8 subjects (608fc72c-f7db-51c6-ad80-0f61c1713f19 .. 60ad8751-2fb5-556b-9b41-85963cb82f10), Some(54) us, 0 findings
Systems effective audit batch 643 end: 8 subjects (60b1f5c9-07da-5b2c-86ae-99ce2926adff .. 60e55953-cd19-54a9-810a-781eea72dfec), Some(65) us, 0 findings
Systems effective audit batch 644 begin: 8 subjects (60f87f4c-399a-510e-b4f0-9909311087d7 .. 610fb7dc-05ac-5aa4-8f14-b372885dea21), None us, 0 findings
Systems effective audit batch 645 begin: 8 subjects (610fe5af-0a3c-505c-b4e9-7f3b71f9ed72 .. 6129ba12-0a47-5290-9d41-db38ecf4eeb9), None us, 0 findings
Systems effective audit batch 644 end: 8 subjects (60f87f4c-399a-510e-b4f0-9909311087d7 .. 610fb7dc-05ac-5aa4-8f14-b372885dea21), Some(63) us, 0 findings
Systems effective audit batch 645 end: 8 subjects (610fe5af-0a3c-505c-b4e9-7f3b71f9ed72 .. 6129ba12-0a47-5290-9d41-db38ecf4eeb9), Some(49) us, 0 findings
Systems effective audit batch 646 begin: 8 subjects (6129f867-faa4-5e1c-b8f5-7d83d0d8ae58 .. 6144268d-6b1b-5d0a-aacb-08d7ec76b975), None us, 0 findings
Systems effective audit batch 647 begin: 8 subjects (6145fc72-f677-5080-9533-ea3e8357d00f .. 6170fa47-1f68-5004-a6e2-4a1777211546), None us, 0 findings
Systems effective audit batch 646 end: 8 subjects (6129f867-faa4-5e1c-b8f5-7d83d0d8ae58 .. 6144268d-6b1b-5d0a-aacb-08d7ec76b975), Some(76) us, 0 findings
Systems effective audit batch 647 end: 8 subjects (6145fc72-f677-5080-9533-ea3e8357d00f .. 6170fa47-1f68-5004-a6e2-4a1777211546), Some(69) us, 0 findings
Systems effective audit batch 648 begin: 8 subjects (6171e2ac-316f-5cf1-b19f-1bd405d8b285 .. 618a8b33-045d-5cb4-bd2c-92a234de6985), None us, 0 findings
Systems effective audit batch 649 begin: 8 subjects (618b86c9-99e3-5d56-9601-cc972dc83dd9 .. 61ae9a99-7956-5f32-aee8-962e4e0de0da), None us, 0 findings
Systems effective audit batch 648 end: 8 subjects (6171e2ac-316f-5cf1-b19f-1bd405d8b285 .. 618a8b33-045d-5cb4-bd2c-92a234de6985), Some(12488) us, 0 findings
Systems effective audit batch 649 end: 8 subjects (618b86c9-99e3-5d56-9601-cc972dc83dd9 .. 61ae9a99-7956-5f32-aee8-962e4e0de0da), Some(74) us, 0 findings
Systems effective audit batch 650 begin: 8 subjects (61b40264-e48a-5a9b-815b-e6fd00ad4f95 .. 61d64cf9-601a-5a2c-b933-a9d9f252466e), None us, 0 findings
Systems effective audit batch 651 begin: 8 subjects (61d870c4-4eb8-59b0-92bb-4aaae39154c1 .. 61ef0400-66b6-55d2-b612-33021a443ef1), None us, 0 findings
Systems effective audit batch 650 end: 8 subjects (61b40264-e48a-5a9b-815b-e6fd00ad4f95 .. 61d64cf9-601a-5a2c-b933-a9d9f252466e), Some(1112321) us, 0 findings
Systems effective audit batch 651 end: 8 subjects (61d870c4-4eb8-59b0-92bb-4aaae39154c1 .. 61ef0400-66b6-55d2-b612-33021a443ef1), Some(62) us, 0 findings
Systems effective audit batch 652 begin: 8 subjects (61f27b96-c2f6-5e16-ada3-208aa1e2ca6b .. 620cdc7b-c921-51a9-8a5c-c03e8b0e279a), None us, 0 findings
Systems effective audit batch 653 begin: 8 subjects (622a6b6a-dd24-5c70-ae76-79dde56089dd .. 622ffa39-a84f-5068-89c5-444d7ead03f1), None us, 0 findings
Systems effective audit batch 652 end: 8 subjects (61f27b96-c2f6-5e16-ada3-208aa1e2ca6b .. 620cdc7b-c921-51a9-8a5c-c03e8b0e279a), Some(68) us, 0 findings
Systems effective audit batch 653 end: 8 subjects (622a6b6a-dd24-5c70-ae76-79dde56089dd .. 622ffa39-a84f-5068-89c5-444d7ead03f1), Some(81) us, 0 findings
Systems effective audit batch 654 begin: 8 subjects (62381e63-0918-51bb-9860-be5b77d24a87 .. 625ccfd0-fc08-5a0c-a3b5-abcf074113ed), None us, 0 findings
Systems effective audit batch 655 begin: 8 subjects (6263951e-323f-516b-a62c-d43c162205de .. 6294d431-9bed-5e58-98f5-83e5d0e9eca2), None us, 0 findings
Systems effective audit batch 654 end: 8 subjects (62381e63-0918-51bb-9860-be5b77d24a87 .. 625ccfd0-fc08-5a0c-a3b5-abcf074113ed), Some(3770307) us, 0 findings
Systems effective audit batch 655 end: 8 subjects (6263951e-323f-516b-a62c-d43c162205de .. 6294d431-9bed-5e58-98f5-83e5d0e9eca2), Some(59) us, 0 findings
Systems effective audit batch 656 begin: 8 subjects (629d78a9-1945-59b6-85b2-a72d0e75bf57 .. 62c2aef5-b51d-5326-88b9-c228e004fde2), None us, 0 findings
Systems effective audit batch 657 begin: 8 subjects (62c73111-e170-5e73-af9f-73862256c577 .. 62e34985-215e-5bbd-b3cd-a9721e0530e2), None us, 0 findings
Systems effective audit batch 656 end: 8 subjects (629d78a9-1945-59b6-85b2-a72d0e75bf57 .. 62c2aef5-b51d-5326-88b9-c228e004fde2), Some(81) us, 0 findings
Systems effective audit batch 657 end: 8 subjects (62c73111-e170-5e73-af9f-73862256c577 .. 62e34985-215e-5bbd-b3cd-a9721e0530e2), Some(61) us, 0 findings
Systems effective audit batch 658 begin: 8 subjects (62e3a220-8823-5ebe-9636-1a69a561192e .. 62f36ffa-845b-5cd9-9613-e981ba791b06), None us, 0 findings
Systems effective audit batch 659 begin: 8 subjects (62f69ed9-4123-52f6-b039-9a14f0b30f50 .. 63099453-296e-5f7c-8b51-8c1631b7e96f), None us, 0 findings
Systems effective audit batch 658 end: 8 subjects (62e3a220-8823-5ebe-9636-1a69a561192e .. 62f36ffa-845b-5cd9-9613-e981ba791b06), Some(59) us, 0 findings
Systems effective audit batch 659 end: 8 subjects (62f69ed9-4123-52f6-b039-9a14f0b30f50 .. 63099453-296e-5f7c-8b51-8c1631b7e96f), Some(58) us, 0 findings
Systems effective audit batch 660 begin: 8 subjects (630e7317-00ae-5f1d-b97c-98309397f1ac .. 634263d3-47d6-5d4d-8433-eccb230cece2), None us, 0 findings
Systems effective audit batch 661 begin: 8 subjects (63430c85-0f2a-5b2a-a4c7-85123fa71d70 .. 6356e6cb-4354-51ba-a22e-f864d19b95fd), None us, 0 findings
Systems effective audit batch 660 end: 8 subjects (630e7317-00ae-5f1d-b97c-98309397f1ac .. 634263d3-47d6-5d4d-8433-eccb230cece2), Some(5186318) us, 0 findings
Systems effective audit batch 661 end: 8 subjects (63430c85-0f2a-5b2a-a4c7-85123fa71d70 .. 6356e6cb-4354-51ba-a22e-f864d19b95fd), Some(1174022) us, 0 findings
Systems effective audit batch 662 begin: 8 subjects (635f9c04-fe5d-557c-81f6-9a32f6743915 .. 6384686f-fef1-5efa-abb7-de053fe272ba), None us, 0 findings
Systems effective audit batch 663 begin: 8 subjects (6393c87f-1756-556d-b0df-72bd02eb1a67 .. 63b7676f-2189-51fd-843a-6707154824b6), None us, 0 findings
Systems effective audit batch 662 end: 8 subjects (635f9c04-fe5d-557c-81f6-9a32f6743915 .. 6384686f-fef1-5efa-abb7-de053fe272ba), Some(89) us, 0 findings
Systems effective audit batch 663 end: 8 subjects (6393c87f-1756-556d-b0df-72bd02eb1a67 .. 63b7676f-2189-51fd-843a-6707154824b6), Some(7429968) us, 0 findings
Systems effective audit batch 664 begin: 8 subjects (63b8acf6-78af-5363-8baa-c9694884fc6e .. 63e42a9b-831d-5eda-b9d9-166091269915), None us, 0 findings
Systems effective audit batch 665 begin: 8 subjects (63e6e5e4-c3a9-574c-841a-91856f0ead43 .. 6418f86e-166f-510d-8533-2619f7b991e8), None us, 0 findings
Systems effective audit batch 664 end: 8 subjects (63b8acf6-78af-5363-8baa-c9694884fc6e .. 63e42a9b-831d-5eda-b9d9-166091269915), Some(2837755) us, 0 findings
Systems effective audit batch 665 end: 8 subjects (63e6e5e4-c3a9-574c-841a-91856f0ead43 .. 6418f86e-166f-510d-8533-2619f7b991e8), Some(63) us, 0 findings
Systems effective audit batch 666 begin: 8 subjects (641956de-af4e-55f4-86a5-4965c0a4aee7 .. 6434ff5c-67fa-57f4-b3ae-2d6e3c763c4f), None us, 0 findings
Systems effective audit batch 667 begin: 8 subjects (6435903e-9cfb-50a0-92a1-2bcdb62496e9 .. 6456cff4-90c0-550b-8154-7f2715d6e737), None us, 0 findings
Systems effective audit batch 666 end: 8 subjects (641956de-af4e-55f4-86a5-4965c0a4aee7 .. 6434ff5c-67fa-57f4-b3ae-2d6e3c763c4f), Some(98) us, 0 findings
Systems effective audit batch 667 end: 8 subjects (6435903e-9cfb-50a0-92a1-2bcdb62496e9 .. 6456cff4-90c0-550b-8154-7f2715d6e737), Some(1238859) us, 0 findings
Systems effective audit batch 668 begin: 8 subjects (645e8bcf-5b2b-5b10-82ff-49d0c7e4f012 .. 6492429b-041b-50d1-a236-08b553a394aa), None us, 0 findings
Systems effective audit batch 669 begin: 8 subjects (6493007b-f829-57d0-9b14-e90bc2b8852e .. 64c1dae9-9849-5869-955b-0109b6efb019), None us, 0 findings
Systems effective audit batch 668 end: 8 subjects (645e8bcf-5b2b-5b10-82ff-49d0c7e4f012 .. 6492429b-041b-50d1-a236-08b553a394aa), Some(884656) us, 0 findings
Systems effective audit batch 669 end: 8 subjects (6493007b-f829-57d0-9b14-e90bc2b8852e .. 64c1dae9-9849-5869-955b-0109b6efb019), Some(102) us, 0 findings
Systems effective audit batch 670 begin: 8 subjects (64c3e420-b086-540f-9263-d8e818268dab .. 64ddc341-33e8-51a5-84b4-b1015fa2d508), None us, 0 findings
Systems effective audit batch 671 begin: 8 subjects (64e02550-bba2-59a7-ad17-4d92cd9d95fa .. 64f9bff5-79b0-5555-b4e8-ef18697a046a), None us, 0 findings
Systems effective audit batch 670 end: 8 subjects (64c3e420-b086-540f-9263-d8e818268dab .. 64ddc341-33e8-51a5-84b4-b1015fa2d508), Some(76) us, 0 findings
Systems effective audit batch 671 end: 8 subjects (64e02550-bba2-59a7-ad17-4d92cd9d95fa .. 64f9bff5-79b0-5555-b4e8-ef18697a046a), Some(62) us, 0 findings
Systems effective audit batch 672 begin: 8 subjects (65008f49-299d-5ec6-8287-e5da64d99736 .. 652c3e0c-de1f-5aea-89aa-a7a68fb04866), None us, 0 findings
Systems effective audit batch 673 begin: 8 subjects (652c8d09-0e54-5211-bad4-b08e07313568 .. 654b924e-a4b2-5bdf-abf9-6da9bbc76c50), None us, 0 findings
Systems effective audit batch 672 end: 8 subjects (65008f49-299d-5ec6-8287-e5da64d99736 .. 652c3e0c-de1f-5aea-89aa-a7a68fb04866), Some(64) us, 0 findings
Systems effective audit batch 673 end: 8 subjects (652c8d09-0e54-5211-bad4-b08e07313568 .. 654b924e-a4b2-5bdf-abf9-6da9bbc76c50), Some(3079423) us, 0 findings
Systems effective audit batch 674 begin: 8 subjects (654c1307-d26d-5d67-96a6-0b89d019cd2f .. 65689e69-df0e-5016-af5b-23bc7b74495c), None us, 0 findings
Systems effective audit batch 675 begin: 8 subjects (656e2e9c-a9b6-56d0-9c00-a1817e5fc5a6 .. 65923720-25ac-5128-9ca8-7cf2ef3f29c6), None us, 0 findings
Systems effective audit batch 674 end: 8 subjects (654c1307-d26d-5d67-96a6-0b89d019cd2f .. 65689e69-df0e-5016-af5b-23bc7b74495c), Some(7808) us, 0 findings
Systems effective audit batch 675 end: 8 subjects (656e2e9c-a9b6-56d0-9c00-a1817e5fc5a6 .. 65923720-25ac-5128-9ca8-7cf2ef3f29c6), Some(67) us, 0 findings
Systems effective audit batch 676 begin: 8 subjects (6592d1f3-5d8c-5d85-a036-fdf3aab791e3 .. 65c7b416-513f-52bf-9f18-747bff9e4152), None us, 0 findings
Systems effective audit batch 677 begin: 8 subjects (65d160fd-54c1-5c58-81ea-40a19782c320 .. 65ece3f1-c971-5ae7-a63a-8f6c58b634ba), None us, 0 findings
Systems effective audit batch 676 end: 8 subjects (6592d1f3-5d8c-5d85-a036-fdf3aab791e3 .. 65c7b416-513f-52bf-9f18-747bff9e4152), Some(60) us, 0 findings
Systems effective audit batch 677 end: 8 subjects (65d160fd-54c1-5c58-81ea-40a19782c320 .. 65ece3f1-c971-5ae7-a63a-8f6c58b634ba), Some(64) us, 0 findings
Systems effective audit batch 678 begin: 8 subjects (65ff346d-8895-5b8f-a6d8-159b93d66de7 .. 661815a3-5983-5b1c-9e93-447590ab79f1), None us, 0 findings
Systems effective audit batch 679 begin: 8 subjects (661f756b-4512-5f31-a68f-45fb4ccf5584 .. 663689e9-5b9c-50d2-8560-97b5e85f28af), None us, 0 findings
Systems effective audit batch 678 end: 8 subjects (65ff346d-8895-5b8f-a6d8-159b93d66de7 .. 661815a3-5983-5b1c-9e93-447590ab79f1), Some(62) us, 0 findings
Systems effective audit batch 679 end: 8 subjects (661f756b-4512-5f31-a68f-45fb4ccf5584 .. 663689e9-5b9c-50d2-8560-97b5e85f28af), Some(54) us, 0 findings
Systems effective audit batch 680 begin: 8 subjects (663f3f89-6d5d-5d51-b885-4bc5f499bd4f .. 66575919-30b2-56bc-a2e8-b7b4511b8f13), None us, 0 findings
Systems effective audit batch 681 begin: 8 subjects (6659a4c0-452b-5829-9dee-29d85218dc55 .. 6679e3aa-416f-5d45-912e-f80f142503fd), None us, 0 findings
Systems effective audit batch 680 end: 8 subjects (663f3f89-6d5d-5d51-b885-4bc5f499bd4f .. 66575919-30b2-56bc-a2e8-b7b4511b8f13), Some(54) us, 0 findings
Systems effective audit batch 681 end: 8 subjects (6659a4c0-452b-5829-9dee-29d85218dc55 .. 6679e3aa-416f-5d45-912e-f80f142503fd), Some(54) us, 0 findings
Systems effective audit batch 682 begin: 8 subjects (667bf5f8-40b0-57e5-ad0e-594a8dddd164 .. 6687c3b3-3fa7-5c18-8ecc-b011e89eae80), None us, 0 findings
Systems effective audit batch 683 begin: 8 subjects (66882e23-c563-5bc6-bb9e-08a8f8fb3f1f .. 66a719b9-6df8-51b0-86de-3159bc0e9405), None us, 0 findings
Systems effective audit batch 682 end: 8 subjects (667bf5f8-40b0-57e5-ad0e-594a8dddd164 .. 6687c3b3-3fa7-5c18-8ecc-b011e89eae80), Some(913142) us, 0 findings
Systems effective audit batch 683 end: 8 subjects (66882e23-c563-5bc6-bb9e-08a8f8fb3f1f .. 66a719b9-6df8-51b0-86de-3159bc0e9405), Some(3761201) us, 0 findings
Systems effective audit batch 684 begin: 8 subjects (66ace665-3bcf-5406-93a7-eb8533235840 .. 66c940f1-c5eb-5821-8d0e-9f126290e256), None us, 0 findings
Systems effective audit batch 685 begin: 8 subjects (66cbc832-d8ab-5cf4-9757-03d30911ae4b .. 66e1ebb4-4eb7-5105-b888-9dc0fc04786b), None us, 0 findings
Systems effective audit batch 684 end: 8 subjects (66ace665-3bcf-5406-93a7-eb8533235840 .. 66c940f1-c5eb-5821-8d0e-9f126290e256), Some(72) us, 0 findings
Systems effective audit batch 685 end: 8 subjects (66cbc832-d8ab-5cf4-9757-03d30911ae4b .. 66e1ebb4-4eb7-5105-b888-9dc0fc04786b), Some(62) us, 0 findings
Systems effective audit batch 686 begin: 8 subjects (66e33093-876e-50c3-94ec-24681cc0916e .. 670101e7-b646-58fd-a98b-4e1f195990d0), None us, 0 findings
Systems effective audit batch 687 begin: 8 subjects (670a2108-916c-537d-8295-7acf46c6e40c .. 67244536-dd22-5706-85f3-ba0bdda0f810), None us, 0 findings
Systems effective audit batch 686 end: 8 subjects (66e33093-876e-50c3-94ec-24681cc0916e .. 670101e7-b646-58fd-a98b-4e1f195990d0), Some(113008) us, 0 findings
Systems effective audit batch 687 end: 8 subjects (670a2108-916c-537d-8295-7acf46c6e40c .. 67244536-dd22-5706-85f3-ba0bdda0f810), Some(62) us, 0 findings
Systems effective audit batch 688 begin: 8 subjects (6726b677-7199-5c9e-a439-528c9b7c7ab2 .. 6759f491-07f2-543e-b1e1-18eba73cf0d6), None us, 0 findings
Systems effective audit batch 689 begin: 8 subjects (675a4b11-c0b9-545a-9c7a-345eb8d180b5 .. 678a57ce-a981-5f7d-a0bf-4abac211782e), None us, 0 findings
Systems effective audit batch 688 end: 8 subjects (6726b677-7199-5c9e-a439-528c9b7c7ab2 .. 6759f491-07f2-543e-b1e1-18eba73cf0d6), Some(70) us, 0 findings
Systems effective audit batch 689 end: 8 subjects (675a4b11-c0b9-545a-9c7a-345eb8d180b5 .. 678a57ce-a981-5f7d-a0bf-4abac211782e), Some(3146180) us, 0 findings
Systems effective audit batch 690 begin: 8 subjects (678dd8d1-b9d2-552d-aaff-33db65e5f06b .. 67ae6b65-5747-55f7-bd78-88a0642baed9), None us, 0 findings
Systems effective audit batch 691 begin: 8 subjects (67af8049-51e8-508b-930e-1d5f0345ffbf .. 67d04511-f257-5006-aaee-ad90d3ef5aa3), None us, 0 findings
Systems effective audit batch 690 end: 8 subjects (678dd8d1-b9d2-552d-aaff-33db65e5f06b .. 67ae6b65-5747-55f7-bd78-88a0642baed9), Some(3718296) us, 0 findings
Systems effective audit batch 691 end: 8 subjects (67af8049-51e8-508b-930e-1d5f0345ffbf .. 67d04511-f257-5006-aaee-ad90d3ef5aa3), Some(63) us, 0 findings
Systems effective audit batch 692 begin: 8 subjects (67d446aa-a087-5de7-a4cb-c1f3ccd683dc .. 67e5ab54-04a0-58d9-a5aa-de9a2f5184a6), None us, 0 findings
Systems effective audit batch 693 begin: 8 subjects (67ea3ef1-8ab9-551d-ae3e-3497dfceae3c .. 680348fb-6539-5bc1-9c04-863e2b908076), None us, 0 findings
Systems effective audit batch 692 end: 8 subjects (67d446aa-a087-5de7-a4cb-c1f3ccd683dc .. 67e5ab54-04a0-58d9-a5aa-de9a2f5184a6), Some(7110616) us, 0 findings
Systems effective audit batch 693 end: 8 subjects (67ea3ef1-8ab9-551d-ae3e-3497dfceae3c .. 680348fb-6539-5bc1-9c04-863e2b908076), Some(4019714) us, 0 findings
Systems effective audit batch 694 begin: 8 subjects (68084283-8389-5aff-b1f7-ff0c0f3e7b3d .. 6839ce95-3277-5809-b696-4b66851d458d), None us, 0 findings
Systems effective audit batch 695 begin: 8 subjects (683a7ca8-a025-5ebb-b366-a11f3b1750d9 .. 6850caeb-c357-5a4b-bbdc-4c7a30bd498f), None us, 0 findings
Systems effective audit batch 694 end: 8 subjects (68084283-8389-5aff-b1f7-ff0c0f3e7b3d .. 6839ce95-3277-5809-b696-4b66851d458d), Some(97) us, 0 findings
Systems effective audit batch 695 end: 8 subjects (683a7ca8-a025-5ebb-b366-a11f3b1750d9 .. 6850caeb-c357-5a4b-bbdc-4c7a30bd498f), Some(63) us, 0 findings
Systems effective audit batch 696 begin: 8 subjects (6853d783-15d8-56b6-85ef-9053648621b7 .. 687a63f3-335b-5b9b-abf3-e4c3f42ab1b7), None us, 0 findings
Systems effective audit batch 697 begin: 8 subjects (687dfc5d-06ae-5f16-bdee-067acc137a07 .. 6896a559-44c4-5731-8ceb-eb59065c7941), None us, 0 findings
Systems effective audit batch 696 end: 8 subjects (6853d783-15d8-56b6-85ef-9053648621b7 .. 687a63f3-335b-5b9b-abf3-e4c3f42ab1b7), Some(896363) us, 0 findings
Systems effective audit batch 697 end: 8 subjects (687dfc5d-06ae-5f16-bdee-067acc137a07 .. 6896a559-44c4-5731-8ceb-eb59065c7941), Some(58) us, 0 findings
Systems effective audit batch 698 begin: 8 subjects (68975cdf-a7f1-5f56-9a8c-5ec3cfc3b146 .. 68bf2b36-fbd6-5579-ab46-32dec0cd5aa2), None us, 0 findings
Systems effective audit batch 699 begin: 8 subjects (68c84d9d-4f57-525e-ba85-ec2427f13463 .. 68e74d72-a11f-5a7f-8695-7494dd9111ba), None us, 0 findings
Systems effective audit batch 698 end: 8 subjects (68975cdf-a7f1-5f56-9a8c-5ec3cfc3b146 .. 68bf2b36-fbd6-5579-ab46-32dec0cd5aa2), Some(68) us, 0 findings
Systems effective audit batch 699 end: 8 subjects (68c84d9d-4f57-525e-ba85-ec2427f13463 .. 68e74d72-a11f-5a7f-8695-7494dd9111ba), Some(66) us, 0 findings
Systems effective audit batch 700 begin: 8 subjects (68e8b220-9b42-59ba-92fa-94e171ef3819 .. 68fb8a1b-f18f-5945-8dbd-27a0b738e70b), None us, 0 findings
Systems effective audit batch 701 begin: 8 subjects (68ff8ed8-dc4b-576f-8b96-9d3e49db3f0d .. 692ee8de-082a-5f14-957f-be927baa233e), None us, 0 findings
Systems effective audit batch 700 end: 8 subjects (68e8b220-9b42-59ba-92fa-94e171ef3819 .. 68fb8a1b-f18f-5945-8dbd-27a0b738e70b), Some(83) us, 0 findings
Systems effective audit batch 701 end: 8 subjects (68ff8ed8-dc4b-576f-8b96-9d3e49db3f0d .. 692ee8de-082a-5f14-957f-be927baa233e), Some(998444) us, 0 findings
Systems effective audit batch 702 begin: 8 subjects (6933d47f-7288-50eb-9860-131f49320d1e .. 696118a1-44b1-58a1-98bc-13fda8ac7d5a), None us, 0 findings
Systems effective audit batch 703 begin: 8 subjects (6963ef64-b994-52aa-8138-e2592de37019 .. 6987d986-e5da-5daf-bea4-919f0ce2b06c), None us, 0 findings
Systems effective audit batch 702 end: 8 subjects (6933d47f-7288-50eb-9860-131f49320d1e .. 696118a1-44b1-58a1-98bc-13fda8ac7d5a), Some(90122) us, 0 findings
Systems effective audit batch 703 end: 8 subjects (6963ef64-b994-52aa-8138-e2592de37019 .. 6987d986-e5da-5daf-bea4-919f0ce2b06c), Some(70) us, 0 findings
Systems effective audit batch 704 begin: 8 subjects (69884152-7775-5f35-b214-7ebd3bdade12 .. 69a18b83-a437-5916-adc0-be2a75f1c616), None us, 0 findings
Systems effective audit batch 705 begin: 8 subjects (69a7bef6-9795-5c6f-9503-162000d2bdea .. 69d57a06-5873-5bc9-8122-12ef893a0511), None us, 0 findings
Systems effective audit batch 704 end: 8 subjects (69884152-7775-5f35-b214-7ebd3bdade12 .. 69a18b83-a437-5916-adc0-be2a75f1c616), Some(63) us, 0 findings
Systems effective audit batch 705 end: 8 subjects (69a7bef6-9795-5c6f-9503-162000d2bdea .. 69d57a06-5873-5bc9-8122-12ef893a0511), Some(343696) us, 0 findings
Systems effective audit batch 706 begin: 8 subjects (69daaea0-fafe-52c4-9f48-677843ccbf93 .. 6a135a5a-c26c-5295-82c4-73b0919fcba7), None us, 0 findings
Systems effective audit batch 707 begin: 8 subjects (6a14e1b6-04e3-574f-9444-f9b78f9790ef .. 6a2663f4-2e0a-5523-a459-4e89ef99135b), None us, 0 findings
Systems effective audit batch 706 end: 8 subjects (69daaea0-fafe-52c4-9f48-677843ccbf93 .. 6a135a5a-c26c-5295-82c4-73b0919fcba7), Some(102) us, 0 findings
Systems effective audit batch 707 end: 8 subjects (6a14e1b6-04e3-574f-9444-f9b78f9790ef .. 6a2663f4-2e0a-5523-a459-4e89ef99135b), Some(77) us, 0 findings
Systems effective audit batch 708 begin: 8 subjects (6a26e6c7-abde-598c-a1fb-f63ad3b08bee .. 6a3ba9d5-8338-5cd7-9c20-278491bd421c), None us, 0 findings
Systems effective audit batch 709 begin: 8 subjects (6a40e280-0458-5548-8e12-698ac8d870bc .. 6a59e0a5-0d02-5fee-abee-b0be58e64ea2), None us, 0 findings
Systems effective audit batch 708 end: 8 subjects (6a26e6c7-abde-598c-a1fb-f63ad3b08bee .. 6a3ba9d5-8338-5cd7-9c20-278491bd421c), Some(1634632) us, 0 findings
Systems effective audit batch 709 end: 8 subjects (6a40e280-0458-5548-8e12-698ac8d870bc .. 6a59e0a5-0d02-5fee-abee-b0be58e64ea2), Some(77) us, 0 findings
Systems effective audit batch 710 begin: 8 subjects (6a65f5b6-5cfd-5030-91c4-5fbf5f578c73 .. 6a842eb3-5f08-56cd-ab50-c771678abc78), None us, 0 findings
Systems effective audit batch 711 begin: 8 subjects (6a84d805-c909-5eae-9f70-a03547ee0249 .. 6ab2ae32-088f-52e8-a45c-b1e6095e2fcd), None us, 0 findings
Systems effective audit batch 710 end: 8 subjects (6a65f5b6-5cfd-5030-91c4-5fbf5f578c73 .. 6a842eb3-5f08-56cd-ab50-c771678abc78), Some(63) us, 0 findings
Systems effective audit batch 711 end: 8 subjects (6a84d805-c909-5eae-9f70-a03547ee0249 .. 6ab2ae32-088f-52e8-a45c-b1e6095e2fcd), Some(63) us, 0 findings
Systems effective audit batch 712 begin: 8 subjects (6ac4a14c-9698-5a99-b855-43c91d3718e1 .. 6ad8eb4b-1eef-5c97-9bc4-c76712d212d5), None us, 0 findings
Systems effective audit batch 713 begin: 8 subjects (6adb55b3-dd85-5e15-9845-73c56f9a6040 .. 6aef47cd-33b5-55f8-bdb4-5eb9e7d28d4e), None us, 0 findings
Systems effective audit batch 712 end: 8 subjects (6ac4a14c-9698-5a99-b855-43c91d3718e1 .. 6ad8eb4b-1eef-5c97-9bc4-c76712d212d5), Some(56) us, 0 findings
Systems effective audit batch 713 end: 8 subjects (6adb55b3-dd85-5e15-9845-73c56f9a6040 .. 6aef47cd-33b5-55f8-bdb4-5eb9e7d28d4e), Some(103192) us, 0 findings
Systems effective audit batch 714 begin: 8 subjects (6af61554-8c80-5160-97de-1ba315914c59 .. 6b1ac522-c8e5-5572-b731-b6d7b88e122a), None us, 0 findings
Systems effective audit batch 715 begin: 8 subjects (6b1e8362-5c66-5317-8488-5181c12c6e9e .. 6b31527a-e5b2-59b6-a044-415d52432783), None us, 0 findings
Systems effective audit batch 714 end: 8 subjects (6af61554-8c80-5160-97de-1ba315914c59 .. 6b1ac522-c8e5-5572-b731-b6d7b88e122a), Some(68) us, 0 findings
Systems effective audit batch 715 end: 8 subjects (6b1e8362-5c66-5317-8488-5181c12c6e9e .. 6b31527a-e5b2-59b6-a044-415d52432783), Some(71) us, 0 findings
Systems effective audit batch 716 begin: 8 subjects (6b380e47-8e4c-5ad9-8e07-2c544d62b2dc .. 6b527ffb-4884-53e9-911f-4b966b990cd2), None us, 0 findings
Systems effective audit batch 717 begin: 8 subjects (6b5a69a8-9eb1-5dc9-9a46-a675810406ad .. 6b7dbc57-7a31-5078-98d2-d999ac46e088), None us, 0 findings
Systems effective audit batch 716 end: 8 subjects (6b380e47-8e4c-5ad9-8e07-2c544d62b2dc .. 6b527ffb-4884-53e9-911f-4b966b990cd2), Some(58) us, 0 findings
Systems effective audit batch 717 end: 8 subjects (6b5a69a8-9eb1-5dc9-9a46-a675810406ad .. 6b7dbc57-7a31-5078-98d2-d999ac46e088), Some(50) us, 0 findings
Systems effective audit batch 718 begin: 8 subjects (6b80ed86-5d51-5a80-b05f-953280018380 .. 6b9e285e-b65b-579a-95b5-486e9c8f0412), None us, 0 findings
Systems effective audit batch 719 begin: 8 subjects (6b9efb10-160f-5aec-ae74-d3b0cbcdb779 .. 6bc32d5c-e70c-5fde-a01e-aa8ba0619dae), None us, 0 findings
Systems effective audit batch 718 end: 8 subjects (6b80ed86-5d51-5a80-b05f-953280018380 .. 6b9e285e-b65b-579a-95b5-486e9c8f0412), Some(63) us, 0 findings
Systems effective audit batch 719 end: 8 subjects (6b9efb10-160f-5aec-ae74-d3b0cbcdb779 .. 6bc32d5c-e70c-5fde-a01e-aa8ba0619dae), Some(2111089) us, 0 findings
Systems effective audit batch 720 begin: 8 subjects (6bc37e23-21c6-59d7-b985-1238eb14a2c4 .. 6bf9467b-f211-537d-9374-77baa9992c37), None us, 0 findings
Systems effective audit batch 721 begin: 8 subjects (6c0eca58-f9b8-550e-8c28-3cb45cb5e3dc .. 6c2989b3-49ac-5497-8f67-17c185e94032), None us, 0 findings
Systems effective audit batch 720 end: 8 subjects (6bc37e23-21c6-59d7-b985-1238eb14a2c4 .. 6bf9467b-f211-537d-9374-77baa9992c37), Some(5219158) us, 0 findings
Systems effective audit batch 721 end: 8 subjects (6c0eca58-f9b8-550e-8c28-3cb45cb5e3dc .. 6c2989b3-49ac-5497-8f67-17c185e94032), Some(1114192) us, 0 findings
Systems effective audit batch 722 begin: 8 subjects (6c2dfea2-c117-50fc-a016-3122d9f678c8 .. 6c576014-2794-5b56-b65e-987384fa1465), None us, 0 findings
Systems effective audit batch 723 begin: 8 subjects (6c580bda-a8d2-588e-8d76-59f76e0fce63 .. 6c7fdd54-2641-5971-b44b-8e4eafaedb98), None us, 0 findings
Systems effective audit batch 722 end: 8 subjects (6c2dfea2-c117-50fc-a016-3122d9f678c8 .. 6c576014-2794-5b56-b65e-987384fa1465), Some(66) us, 0 findings
Systems effective audit batch 723 end: 8 subjects (6c580bda-a8d2-588e-8d76-59f76e0fce63 .. 6c7fdd54-2641-5971-b44b-8e4eafaedb98), Some(753439) us, 0 findings
Systems effective audit batch 724 begin: 8 subjects (6c80a103-11d3-5a52-81cf-24bcb814ddfa .. 6cadc1ad-1f83-5c68-a221-a29b3fe06c1a), None us, 0 findings
Systems effective audit batch 725 begin: 8 subjects (6cb1d6a5-e540-5fdc-8fa1-396b205281bf .. 6cc7626a-53e9-5659-b9e4-cae8bde858cb), None us, 0 findings
Systems effective audit batch 724 end: 8 subjects (6c80a103-11d3-5a52-81cf-24bcb814ddfa .. 6cadc1ad-1f83-5c68-a221-a29b3fe06c1a), Some(67) us, 0 findings
Systems effective audit batch 725 end: 8 subjects (6cb1d6a5-e540-5fdc-8fa1-396b205281bf .. 6cc7626a-53e9-5659-b9e4-cae8bde858cb), Some(58) us, 0 findings
Systems effective audit batch 726 begin: 8 subjects (6cc77c43-595a-5e17-b5f6-3e55088ddc4e .. 6cf55a9c-2b03-5986-bf36-3849a96aeec7), None us, 0 findings
Systems effective audit batch 727 begin: 8 subjects (6cffa7af-d3b0-5852-aa11-b6df62e315df .. 6d1ac90e-40e1-51a9-a5b5-d4cabb49966b), None us, 0 findings
Systems effective audit batch 726 end: 8 subjects (6cc77c43-595a-5e17-b5f6-3e55088ddc4e .. 6cf55a9c-2b03-5986-bf36-3849a96aeec7), Some(1111069) us, 0 findings
Systems effective audit batch 727 end: 8 subjects (6cffa7af-d3b0-5852-aa11-b6df62e315df .. 6d1ac90e-40e1-51a9-a5b5-d4cabb49966b), Some(61) us, 0 findings
Systems effective audit batch 728 begin: 8 subjects (6d247c42-64f5-5ed1-98fb-fac60548bd55 .. 6d49835c-2a14-54cb-af1f-fd450a613476), None us, 0 findings
Systems effective audit batch 729 begin: 8 subjects (6d5061f3-03d6-537f-99ef-24883adfb2bf .. 6d6fd506-1ccc-5eab-bd68-ebf078da5364), None us, 0 findings
Systems effective audit batch 728 end: 8 subjects (6d247c42-64f5-5ed1-98fb-fac60548bd55 .. 6d49835c-2a14-54cb-af1f-fd450a613476), Some(80) us, 0 findings
Systems effective audit batch 729 end: 8 subjects (6d5061f3-03d6-537f-99ef-24883adfb2bf .. 6d6fd506-1ccc-5eab-bd68-ebf078da5364), Some(76) us, 0 findings
Systems effective audit batch 730 begin: 8 subjects (6d72a95e-e22d-5d4a-867b-aa0a876a51a7 .. 6d8f4817-72b3-5318-af8c-c05995b61e70), None us, 0 findings
Systems effective audit batch 731 begin: 8 subjects (6d9153d8-1cde-5568-a097-a5d6c216b113 .. 6dbf1f65-e292-5d3b-83a7-83301c33f6cd), None us, 0 findings
Systems effective audit batch 730 end: 8 subjects (6d72a95e-e22d-5d4a-867b-aa0a876a51a7 .. 6d8f4817-72b3-5318-af8c-c05995b61e70), Some(86) us, 0 findings
Systems effective audit batch 731 end: 8 subjects (6d9153d8-1cde-5568-a097-a5d6c216b113 .. 6dbf1f65-e292-5d3b-83a7-83301c33f6cd), Some(85) us, 0 findings
Systems effective audit batch 732 begin: 8 subjects (6dc1a211-1fe8-5e46-b271-b15c507a496f .. 6e0d007b-4458-5d70-b8d1-f515c09d80a9), None us, 0 findings
Systems effective audit batch 733 begin: 8 subjects (6e11de7d-0366-526f-b8ae-994de5a25806 .. 6e3300c1-4779-5ee9-b0a3-0e8787844e50), None us, 0 findings
Systems effective audit batch 732 end: 8 subjects (6dc1a211-1fe8-5e46-b271-b15c507a496f .. 6e0d007b-4458-5d70-b8d1-f515c09d80a9), Some(62) us, 0 findings
Systems effective audit batch 733 end: 8 subjects (6e11de7d-0366-526f-b8ae-994de5a25806 .. 6e3300c1-4779-5ee9-b0a3-0e8787844e50), Some(56) us, 0 findings
Systems effective audit batch 734 begin: 8 subjects (6e36f334-1e1b-591b-9754-fb1b0fe2e05d .. 6e4cde3a-0f23-5960-a70f-42f137bbe962), None us, 0 findings
Systems effective audit batch 735 begin: 8 subjects (6e525463-8a1b-5bd0-a374-50060f94e9cc .. 6e7aee23-f7db-5540-85e2-02a382f3cb73), None us, 0 findings
Systems effective audit batch 734 end: 8 subjects (6e36f334-1e1b-591b-9754-fb1b0fe2e05d .. 6e4cde3a-0f23-5960-a70f-42f137bbe962), Some(8171338) us, 0 findings
Systems effective audit batch 735 end: 8 subjects (6e525463-8a1b-5bd0-a374-50060f94e9cc .. 6e7aee23-f7db-5540-85e2-02a382f3cb73), Some(85) us, 0 findings
Systems effective audit batch 736 begin: 8 subjects (6e8259cb-36a5-54a7-acf7-76a0f5e1925d .. 6e9d1665-a18c-51c6-9feb-10030a5626b2), None us, 0 findings
Systems effective audit batch 737 begin: 8 subjects (6ea60ecf-54d7-51f2-98f3-d4b17c43a961 .. 6ed2b740-6f5d-56ce-a416-af5db5ec6e64), None us, 0 findings
Systems effective audit batch 736 end: 8 subjects (6e8259cb-36a5-54a7-acf7-76a0f5e1925d .. 6e9d1665-a18c-51c6-9feb-10030a5626b2), Some(80) us, 0 findings
Systems effective audit batch 737 end: 8 subjects (6ea60ecf-54d7-51f2-98f3-d4b17c43a961 .. 6ed2b740-6f5d-56ce-a416-af5db5ec6e64), Some(667943) us, 0 findings
Systems effective audit batch 738 begin: 8 subjects (6edaf652-3812-5d43-8731-325de2f43c5f .. 6f0aaf98-70d8-529a-8943-2dad7d972817), None us, 0 findings
Systems effective audit batch 739 begin: 8 subjects (6f19afc4-2426-580e-bc73-3ebfce8f1ce8 .. 6f2e3ec5-ed23-51ea-b79e-6c3746fc546b), None us, 0 findings
Systems effective audit batch 738 end: 8 subjects (6edaf652-3812-5d43-8731-325de2f43c5f .. 6f0aaf98-70d8-529a-8943-2dad7d972817), Some(72) us, 0 findings
Systems effective audit batch 739 end: 8 subjects (6f19afc4-2426-580e-bc73-3ebfce8f1ce8 .. 6f2e3ec5-ed23-51ea-b79e-6c3746fc546b), Some(1485521) us, 0 findings
Systems effective audit batch 740 begin: 8 subjects (6f345b2b-c20a-5d33-9a4d-420f4dac5b0f .. 6f6b5c3c-3485-574b-b23d-abe6481c67d5), None us, 0 findings
Systems effective audit batch 741 begin: 8 subjects (6f6e70ec-c190-526f-91f9-c414f70c9d2a .. 6f9ae5d7-6026-5c3c-bb06-e18fc208bcd7), None us, 0 findings
Systems effective audit batch 740 end: 8 subjects (6f345b2b-c20a-5d33-9a4d-420f4dac5b0f .. 6f6b5c3c-3485-574b-b23d-abe6481c67d5), Some(1375243) us, 0 findings
Systems effective audit batch 741 end: 8 subjects (6f6e70ec-c190-526f-91f9-c414f70c9d2a .. 6f9ae5d7-6026-5c3c-bb06-e18fc208bcd7), Some(6537592) us, 0 findings
Systems effective audit batch 742 begin: 8 subjects (6fa90eb0-9291-55ea-bd02-5d13a85c7362 .. 6fc178d3-6535-53b4-a471-6f43f09d61bc), None us, 0 findings
Systems effective audit batch 743 begin: 8 subjects (6fc27369-b7f2-5ff3-9809-13c5138bb785 .. 6fda284b-528b-5bcb-a717-1de43c5b3baa), None us, 0 findings
Systems effective audit batch 742 end: 8 subjects (6fa90eb0-9291-55ea-bd02-5d13a85c7362 .. 6fc178d3-6535-53b4-a471-6f43f09d61bc), Some(93) us, 0 findings
Systems effective audit batch 743 end: 8 subjects (6fc27369-b7f2-5ff3-9809-13c5138bb785 .. 6fda284b-528b-5bcb-a717-1de43c5b3baa), Some(67) us, 0 findings
Systems effective audit batch 744 begin: 8 subjects (6fdeff17-ac0d-56eb-8fe9-91c5befce786 .. 700c3e4f-b494-5842-aec8-ee5a1103d052), None us, 0 findings
Systems effective audit batch 745 begin: 8 subjects (7012c9a3-95b4-5d41-ad96-f07e6052aaee .. 703a3b02-c534-5ecf-a1dc-727e8e387626), None us, 0 findings
Systems effective audit batch 744 end: 8 subjects (6fdeff17-ac0d-56eb-8fe9-91c5befce786 .. 700c3e4f-b494-5842-aec8-ee5a1103d052), Some(110) us, 0 findings
Systems effective audit batch 745 end: 8 subjects (7012c9a3-95b4-5d41-ad96-f07e6052aaee .. 703a3b02-c534-5ecf-a1dc-727e8e387626), Some(85) us, 0 findings
Systems effective audit batch 746 begin: 8 subjects (703df7fb-5ee9-5ae8-85e0-813aa5c3b6d2 .. 705e4aea-458c-5658-ba9e-700c186ed69a), None us, 0 findings
Systems effective audit batch 747 begin: 8 subjects (705f3732-6d7e-5633-b385-800ecf17d44e .. 7089f107-2b1f-5067-a933-147668a721ce), None us, 0 findings
Systems effective audit batch 746 end: 8 subjects (703df7fb-5ee9-5ae8-85e0-813aa5c3b6d2 .. 705e4aea-458c-5658-ba9e-700c186ed69a), Some(2596703) us, 0 findings
Systems effective audit batch 747 end: 8 subjects (705f3732-6d7e-5633-b385-800ecf17d44e .. 7089f107-2b1f-5067-a933-147668a721ce), Some(466201) us, 0 findings
Systems effective audit batch 748 begin: 8 subjects (708aa5d3-05c5-5730-8945-63394fdb57f4 .. 70ad5597-a1ce-5707-a48b-89118af5049b), None us, 0 findings
Systems effective audit batch 749 begin: 8 subjects (70bb42d9-fcec-5978-9c76-905f13af6c02 .. 70cc6654-d348-5974-a6cd-0aedc53a59b5), None us, 0 findings
Systems effective audit batch 748 end: 8 subjects (708aa5d3-05c5-5730-8945-63394fdb57f4 .. 70ad5597-a1ce-5707-a48b-89118af5049b), Some(151) us, 0 findings
Systems effective audit batch 749 end: 8 subjects (70bb42d9-fcec-5978-9c76-905f13af6c02 .. 70cc6654-d348-5974-a6cd-0aedc53a59b5), Some(2868217) us, 0 findings
Systems effective audit batch 750 begin: 8 subjects (70cd6bb1-dc13-55bd-9e96-216ffada880a .. 70ee1e6f-8faa-5d4e-9cd3-f9cecc93a2b1), None us, 0 findings
Systems effective audit batch 751 begin: 8 subjects (70f0da2b-42a1-5088-83b8-d16e7481528a .. 710b78e1-30d2-511e-9331-55430592d0c3), None us, 0 findings
Systems effective audit batch 750 end: 8 subjects (70cd6bb1-dc13-55bd-9e96-216ffada880a .. 70ee1e6f-8faa-5d4e-9cd3-f9cecc93a2b1), Some(73) us, 0 findings
Systems effective audit batch 751 end: 8 subjects (70f0da2b-42a1-5088-83b8-d16e7481528a .. 710b78e1-30d2-511e-9331-55430592d0c3), Some(2554865) us, 0 findings
Systems effective audit batch 752 begin: 8 subjects (71142037-7579-5efd-bd34-531996721c9b .. 7127876b-ef40-5045-8181-810350adb567), None us, 0 findings
Systems effective audit batch 753 begin: 8 subjects (71331b14-4b15-56b8-8e13-1c94ee6082f3 .. 715fba6b-4655-5e31-a7f4-d3a63861784e), None us, 0 findings
Systems effective audit batch 752 end: 8 subjects (71142037-7579-5efd-bd34-531996721c9b .. 7127876b-ef40-5045-8181-810350adb567), Some(4582965) us, 0 findings
Systems effective audit batch 753 end: 8 subjects (71331b14-4b15-56b8-8e13-1c94ee6082f3 .. 715fba6b-4655-5e31-a7f4-d3a63861784e), Some(1225132) us, 0 findings
Systems effective audit batch 754 begin: 8 subjects (7160def1-b012-5f3a-a18a-b626922aa23e .. 717a7fba-4d7e-58fa-9fe3-c944e3d64a0b), None us, 0 findings
Systems effective audit batch 755 begin: 8 subjects (717a92c9-880b-5095-8631-f06d553a2e18 .. 7193a7b8-8d1f-5122-911a-fd8481c9a481), None us, 0 findings
Systems effective audit batch 754 end: 8 subjects (7160def1-b012-5f3a-a18a-b626922aa23e .. 717a7fba-4d7e-58fa-9fe3-c944e3d64a0b), Some(76) us, 0 findings
Systems effective audit batch 755 end: 8 subjects (717a92c9-880b-5095-8631-f06d553a2e18 .. 7193a7b8-8d1f-5122-911a-fd8481c9a481), Some(1728818) us, 0 findings
Systems effective audit batch 756 begin: 8 subjects (719862d0-2306-5987-8fc4-0624a7d6bfcc .. 71c14ca8-cc3a-52fe-8555-5fbf76372070), None us, 0 findings
Systems effective audit batch 757 begin: 8 subjects (71d4677a-9433-5ae1-85e7-8a4c85cbe3ac .. 71f269f6-cb89-5c6d-afa0-07e93ffb5991), None us, 0 findings
Systems effective audit batch 756 end: 8 subjects (719862d0-2306-5987-8fc4-0624a7d6bfcc .. 71c14ca8-cc3a-52fe-8555-5fbf76372070), Some(70) us, 0 findings
Systems effective audit batch 757 end: 8 subjects (71d4677a-9433-5ae1-85e7-8a4c85cbe3ac .. 71f269f6-cb89-5c6d-afa0-07e93ffb5991), Some(40759) us, 0 findings
Systems effective audit batch 758 begin: 8 subjects (71f78e4c-d22e-51b0-a62a-3b50ef2a33c7 .. 72218d9d-c319-5b9e-8dfc-6795a9af93a3), None us, 0 findings
Systems effective audit batch 759 begin: 8 subjects (7239038c-65f8-5f36-8efe-9069ec57ea45 .. 72679940-a8b2-5a55-b0e9-9528f47d7c15), None us, 0 findings
Systems effective audit batch 758 end: 8 subjects (71f78e4c-d22e-51b0-a62a-3b50ef2a33c7 .. 72218d9d-c319-5b9e-8dfc-6795a9af93a3), Some(71) us, 0 findings
Systems effective audit batch 759 end: 8 subjects (7239038c-65f8-5f36-8efe-9069ec57ea45 .. 72679940-a8b2-5a55-b0e9-9528f47d7c15), Some(250288) us, 0 findings
Systems effective audit batch 760 begin: 8 subjects (7268fcb2-d18a-5c37-9fd6-77f78eb2f840 .. 728d6a78-a5e2-5396-924d-3c54cb8f47c8), None us, 0 findings
Systems effective audit batch 761 begin: 8 subjects (72995f47-6719-553a-b5b0-92cff6f35453 .. 72b03867-a380-5db3-90f1-30b176a6da37), None us, 0 findings
Systems effective audit batch 760 end: 8 subjects (7268fcb2-d18a-5c37-9fd6-77f78eb2f840 .. 728d6a78-a5e2-5396-924d-3c54cb8f47c8), Some(587109) us, 0 findings
Systems effective audit batch 761 end: 8 subjects (72995f47-6719-553a-b5b0-92cff6f35453 .. 72b03867-a380-5db3-90f1-30b176a6da37), Some(72) us, 0 findings
Systems effective audit batch 762 begin: 8 subjects (72b50c57-9708-547a-b313-9ee4da81f1a1 .. 72d07bdb-f00e-5c2d-a4e0-4b55b0e45b8a), None us, 0 findings
Systems effective audit batch 763 begin: 8 subjects (72dae3d1-4443-57c4-8fef-4739617b4470 .. 72fc70a5-0059-5652-abe5-4f3878a8e544), None us, 0 findings
Systems effective audit batch 762 end: 8 subjects (72b50c57-9708-547a-b313-9ee4da81f1a1 .. 72d07bdb-f00e-5c2d-a4e0-4b55b0e45b8a), Some(75) us, 0 findings
Systems effective audit batch 763 end: 8 subjects (72dae3d1-4443-57c4-8fef-4739617b4470 .. 72fc70a5-0059-5652-abe5-4f3878a8e544), Some(63) us, 0 findings
Systems effective audit batch 764 begin: 8 subjects (72fd3b8d-390b-526c-8cd8-d27f26ba8986 .. 731776eb-9432-5b25-83e1-91db3c0dc3b0), None us, 0 findings
Systems effective audit batch 765 begin: 8 subjects (7319f08d-d166-5c76-9b4d-55bd67538d42 .. 733311ec-aec4-5161-bd38-dd7f4892055a), None us, 0 findings
Systems effective audit batch 764 end: 8 subjects (72fd3b8d-390b-526c-8cd8-d27f26ba8986 .. 731776eb-9432-5b25-83e1-91db3c0dc3b0), Some(62) us, 0 findings
Systems effective audit batch 765 end: 8 subjects (7319f08d-d166-5c76-9b4d-55bd67538d42 .. 733311ec-aec4-5161-bd38-dd7f4892055a), Some(52) us, 0 findings
Systems effective audit batch 766 begin: 8 subjects (7339d655-a77c-5a76-8edb-099e5cfcbfa7 .. 735d8485-286f-54c5-9670-1a78a84c5e2d), None us, 0 findings
Systems effective audit batch 767 begin: 8 subjects (7361ed03-1524-5891-ace6-c5581db53dda .. 737f3fe0-55c8-5f24-9732-3dc0569ff70a), None us, 0 findings
Systems effective audit batch 766 end: 8 subjects (7339d655-a77c-5a76-8edb-099e5cfcbfa7 .. 735d8485-286f-54c5-9670-1a78a84c5e2d), Some(57379) us, 0 findings
Systems effective audit batch 767 end: 8 subjects (7361ed03-1524-5891-ace6-c5581db53dda .. 737f3fe0-55c8-5f24-9732-3dc0569ff70a), Some(64) us, 0 findings
Systems effective audit batch 768 begin: 8 subjects (73819317-96b1-5e6a-846c-9022c6bef209 .. 73a1ad43-4a76-55d9-b62a-0a0965e15fed), None us, 0 findings
Systems effective audit batch 769 begin: 8 subjects (73a6c50d-92cf-5347-9c0f-5232a79ab034 .. 73c87004-832b-5842-a1cb-96bfc3f9a7c8), None us, 0 findings
Systems effective audit batch 768 end: 8 subjects (73819317-96b1-5e6a-846c-9022c6bef209 .. 73a1ad43-4a76-55d9-b62a-0a0965e15fed), Some(67) us, 0 findings
Systems effective audit batch 769 end: 8 subjects (73a6c50d-92cf-5347-9c0f-5232a79ab034 .. 73c87004-832b-5842-a1cb-96bfc3f9a7c8), Some(88) us, 0 findings
Systems effective audit batch 770 begin: 8 subjects (73c97ae5-23ce-5d80-9174-60393d114bb4 .. 73f60451-62f5-506c-b788-175982b68ed3), None us, 0 findings
Systems effective audit batch 771 begin: 8 subjects (73fde755-0076-5fea-b922-213817408e5a .. 741cb6b3-1f3b-5c62-84f2-e050b79e51be), None us, 0 findings
Systems effective audit batch 770 end: 8 subjects (73c97ae5-23ce-5d80-9174-60393d114bb4 .. 73f60451-62f5-506c-b788-175982b68ed3), Some(788226) us, 0 findings
Systems effective audit batch 771 end: 8 subjects (73fde755-0076-5fea-b922-213817408e5a .. 741cb6b3-1f3b-5c62-84f2-e050b79e51be), Some(82) us, 0 findings
Systems effective audit batch 772 begin: 8 subjects (741dbb44-e28d-5249-a17c-2e2649a24826 .. 7440a0df-aef8-59ae-98cf-c1bca6853e53), None us, 0 findings
Systems effective audit batch 773 begin: 8 subjects (74444939-af75-5ff9-b7db-777edc3dee44 .. 74561067-a4db-59cf-be1a-cd2c39a57be4), None us, 0 findings
Systems effective audit batch 772 end: 8 subjects (741dbb44-e28d-5249-a17c-2e2649a24826 .. 7440a0df-aef8-59ae-98cf-c1bca6853e53), Some(73) us, 0 findings
Systems effective audit batch 773 end: 8 subjects (74444939-af75-5ff9-b7db-777edc3dee44 .. 74561067-a4db-59cf-be1a-cd2c39a57be4), Some(67) us, 0 findings
Systems effective audit batch 774 begin: 8 subjects (7457d52d-1301-5c34-abde-3f35244a7c11 .. 7485d997-fa3b-54bb-bfbe-2fe11602059f), None us, 0 findings
Systems effective audit batch 775 begin: 8 subjects (74863ddb-62fd-5142-96ba-0676b1cb9950 .. 74adfd2b-527d-5924-8682-1b55856d115a), None us, 0 findings
Systems effective audit batch 774 end: 8 subjects (7457d52d-1301-5c34-abde-3f35244a7c11 .. 7485d997-fa3b-54bb-bfbe-2fe11602059f), Some(71) us, 0 findings
Systems effective audit batch 775 end: 8 subjects (74863ddb-62fd-5142-96ba-0676b1cb9950 .. 74adfd2b-527d-5924-8682-1b55856d115a), Some(58) us, 0 findings
Systems effective audit batch 776 begin: 8 subjects (74c0c023-bed1-517c-89c3-4a5e834b4381 .. 74f2f9bb-bac9-5e29-a3e0-62a247ad2b76), None us, 0 findings
Systems effective audit batch 777 begin: 8 subjects (74f724c4-50ae-5042-bf2e-53235eeeb8c0 .. 751dbe6b-be36-50c5-88f0-1391c6075008), None us, 0 findings
Systems effective audit batch 776 end: 8 subjects (74c0c023-bed1-517c-89c3-4a5e834b4381 .. 74f2f9bb-bac9-5e29-a3e0-62a247ad2b76), Some(55) us, 0 findings
Systems effective audit batch 777 end: 8 subjects (74f724c4-50ae-5042-bf2e-53235eeeb8c0 .. 751dbe6b-be36-50c5-88f0-1391c6075008), Some(63) us, 0 findings
Systems effective audit batch 778 begin: 8 subjects (751ec2ef-ed79-5ac3-b78f-c3c77c6f667d .. 7543018c-b81e-5884-90f5-a7d48374f1bd), None us, 0 findings
Systems effective audit batch 779 begin: 8 subjects (7548d426-dbb0-5a13-afa8-a70baaa0023e .. 7559b1d3-2e8d-5b09-89f2-736666445ce7), None us, 0 findings
Systems effective audit batch 778 end: 8 subjects (751ec2ef-ed79-5ac3-b78f-c3c77c6f667d .. 7543018c-b81e-5884-90f5-a7d48374f1bd), Some(50) us, 0 findings
Systems effective audit batch 779 end: 8 subjects (7548d426-dbb0-5a13-afa8-a70baaa0023e .. 7559b1d3-2e8d-5b09-89f2-736666445ce7), Some(65) us, 0 findings
Systems effective audit batch 780 begin: 8 subjects (755a0421-860b-53f2-aac5-101083000334 .. 7589e04c-95fe-5bf5-bdb9-4ab0da041738), None us, 0 findings
Systems effective audit batch 781 begin: 8 subjects (7595044b-037c-51b4-a6f5-912213777759 .. 75c114ea-7bfd-5535-a36f-11baaf4799c1), None us, 0 findings
Systems effective audit batch 780 end: 8 subjects (755a0421-860b-53f2-aac5-101083000334 .. 7589e04c-95fe-5bf5-bdb9-4ab0da041738), Some(879175) us, 0 findings
Systems effective audit batch 781 end: 8 subjects (7595044b-037c-51b4-a6f5-912213777759 .. 75c114ea-7bfd-5535-a36f-11baaf4799c1), Some(58) us, 0 findings
Systems effective audit batch 782 begin: 8 subjects (75c12f14-c645-51b3-b32f-e9a99757d430 .. 75e68b57-96e5-5877-879b-c2d35eadfcf9), None us, 0 findings
Systems effective audit batch 783 begin: 8 subjects (75f168b8-9ba4-534f-a28b-580737598e30 .. 7602e97b-674c-5fc2-92a3-b5371ce2b2d1), None us, 0 findings
Systems effective audit batch 782 end: 8 subjects (75c12f14-c645-51b3-b32f-e9a99757d430 .. 75e68b57-96e5-5877-879b-c2d35eadfcf9), Some(1034833) us, 0 findings
Systems effective audit batch 783 end: 8 subjects (75f168b8-9ba4-534f-a28b-580737598e30 .. 7602e97b-674c-5fc2-92a3-b5371ce2b2d1), Some(58) us, 0 findings
Systems effective audit batch 784 begin: 8 subjects (7604803c-edb2-5f9f-9b5b-e13df1767ade .. 7624e3a0-85ec-58b2-af56-eb36e5780333), None us, 0 findings
Systems effective audit batch 785 begin: 8 subjects (762593ad-1ea4-52df-a6e6-d6c018eb9284 .. 764f889e-bea2-5f6b-b3d1-6e9f7b5a56b5), None us, 0 findings
Systems effective audit batch 784 end: 8 subjects (7604803c-edb2-5f9f-9b5b-e13df1767ade .. 7624e3a0-85ec-58b2-af56-eb36e5780333), Some(1332999) us, 0 findings
Systems effective audit batch 785 end: 8 subjects (762593ad-1ea4-52df-a6e6-d6c018eb9284 .. 764f889e-bea2-5f6b-b3d1-6e9f7b5a56b5), Some(65) us, 0 findings
Systems effective audit batch 786 begin: 8 subjects (765ca07c-afa4-56d7-87c6-f766377e7e32 .. 7669a22d-1ee3-59cb-86c8-30255218eb20), None us, 0 findings
Systems effective audit batch 787 begin: 8 subjects (76869817-3a81-57fd-b0fd-51a9def8820e .. 76a63581-781e-5118-9fb2-257b219965db), None us, 0 findings
Systems effective audit batch 786 end: 8 subjects (765ca07c-afa4-56d7-87c6-f766377e7e32 .. 7669a22d-1ee3-59cb-86c8-30255218eb20), Some(3346733) us, 0 findings
Systems effective audit batch 787 end: 8 subjects (76869817-3a81-57fd-b0fd-51a9def8820e .. 76a63581-781e-5118-9fb2-257b219965db), Some(3463920) us, 0 findings
Systems effective audit batch 788 begin: 8 subjects (76b34000-97bd-5c39-865f-317c953123bb .. 76dd3cda-6540-59cb-8af2-1cd821d2192a), None us, 0 findings
Systems effective audit batch 789 begin: 8 subjects (76e0df91-cfe0-5086-97ea-82d40950abff .. 76f0d53c-a811-5416-a368-e7b0ca8ad2c8), None us, 0 findings
Systems effective audit batch 788 end: 8 subjects (76b34000-97bd-5c39-865f-317c953123bb .. 76dd3cda-6540-59cb-8af2-1cd821d2192a), Some(64) us, 0 findings
Systems effective audit batch 789 end: 8 subjects (76e0df91-cfe0-5086-97ea-82d40950abff .. 76f0d53c-a811-5416-a368-e7b0ca8ad2c8), Some(4808030) us, 0 findings
Systems effective audit batch 790 begin: 8 subjects (76f2f7cb-0e9b-51d9-ac44-f01a2fe492f7 .. 770d87fe-6784-5b3c-9ede-1e77139c54f7), None us, 0 findings
Systems effective audit batch 791 begin: 8 subjects (7719b54c-d08f-5932-9157-6224db0fa7fd .. 7743e841-2106-5958-abf6-22c7527333e7), None us, 0 findings
Systems effective audit batch 790 end: 8 subjects (76f2f7cb-0e9b-51d9-ac44-f01a2fe492f7 .. 770d87fe-6784-5b3c-9ede-1e77139c54f7), Some(78) us, 0 findings
Systems effective audit batch 791 end: 8 subjects (7719b54c-d08f-5932-9157-6224db0fa7fd .. 7743e841-2106-5958-abf6-22c7527333e7), Some(62) us, 0 findings
Systems effective audit batch 792 begin: 8 subjects (7756d17d-1252-598d-a63f-e6ad9bcf95df .. 776c1e08-4502-52ac-aa5b-9d3168dd0570), None us, 0 findings
Systems effective audit batch 793 begin: 8 subjects (777091e7-2ea4-5073-8e85-35c8b48249a9 .. 7783e1cb-a3a0-5dcf-85e6-91f064df9c88), None us, 0 findings
Systems effective audit batch 792 end: 8 subjects (7756d17d-1252-598d-a63f-e6ad9bcf95df .. 776c1e08-4502-52ac-aa5b-9d3168dd0570), Some(69) us, 0 findings
Systems effective audit batch 793 end: 8 subjects (777091e7-2ea4-5073-8e85-35c8b48249a9 .. 7783e1cb-a3a0-5dcf-85e6-91f064df9c88), Some(64) us, 0 findings
Systems effective audit batch 794 begin: 8 subjects (778426ad-0b51-5814-9c98-1660d672a9af .. 77a20fb1-4fbd-5f6f-bdd7-d18be9ff2a40), None us, 0 findings
Systems effective audit batch 795 begin: 8 subjects (77a399c9-dda1-56b6-a709-bd4faceff540 .. 77d711ee-c047-505f-914d-e98f419784e2), None us, 0 findings
Systems effective audit batch 794 end: 8 subjects (778426ad-0b51-5814-9c98-1660d672a9af .. 77a20fb1-4fbd-5f6f-bdd7-d18be9ff2a40), Some(75) us, 0 findings
Systems effective audit batch 795 end: 8 subjects (77a399c9-dda1-56b6-a709-bd4faceff540 .. 77d711ee-c047-505f-914d-e98f419784e2), Some(77) us, 0 findings
Systems effective audit batch 796 begin: 8 subjects (77dd9702-0bfd-566c-ad48-7e2adb0ffbf5 .. 780f40bd-9156-51a8-b65b-43f9d381f22a), None us, 0 findings
Systems effective audit batch 797 begin: 8 subjects (78145b16-5c33-5a2a-be5c-fc832713a6d1 .. 7833fcd6-9cdb-5c9f-b6c2-e8316863edd4), None us, 0 findings
Systems effective audit batch 796 end: 8 subjects (77dd9702-0bfd-566c-ad48-7e2adb0ffbf5 .. 780f40bd-9156-51a8-b65b-43f9d381f22a), Some(68) us, 0 findings
Systems effective audit batch 797 end: 8 subjects (78145b16-5c33-5a2a-be5c-fc832713a6d1 .. 7833fcd6-9cdb-5c9f-b6c2-e8316863edd4), Some(1022106) us, 0 findings
Systems effective audit batch 798 begin: 8 subjects (783c1967-7732-5eae-8976-f1753205dd03 .. 785846a8-0943-5440-9b69-2992aa647961), None us, 0 findings
Systems effective audit batch 799 begin: 8 subjects (7871feee-5b08-57a2-96ae-d87dd83dc126 .. 78b8458e-aaa4-5460-ae4e-be18035c2c57), None us, 0 findings
Systems effective audit batch 798 end: 8 subjects (783c1967-7732-5eae-8976-f1753205dd03 .. 785846a8-0943-5440-9b69-2992aa647961), Some(1091734) us, 0 findings
Systems effective audit batch 799 end: 8 subjects (7871feee-5b08-57a2-96ae-d87dd83dc126 .. 78b8458e-aaa4-5460-ae4e-be18035c2c57), Some(87) us, 0 findings
Systems effective audit batch 800 begin: 8 subjects (78c3e5b3-887a-5b3c-a180-bb309448c9a8 .. 78ed66a4-3cd9-5852-bb40-369da94a94a1), None us, 0 findings
Systems effective audit batch 801 begin: 8 subjects (78ee7a44-a9bc-5456-ba63-bccf95070931 .. 79019cb0-6c84-5723-8fa1-2d8457937f30), None us, 0 findings
Systems effective audit batch 800 end: 8 subjects (78c3e5b3-887a-5b3c-a180-bb309448c9a8 .. 78ed66a4-3cd9-5852-bb40-369da94a94a1), Some(67) us, 0 findings
Systems effective audit batch 801 end: 8 subjects (78ee7a44-a9bc-5456-ba63-bccf95070931 .. 79019cb0-6c84-5723-8fa1-2d8457937f30), Some(70) us, 0 findings
Systems effective audit batch 802 begin: 8 subjects (79030d10-ba3c-5f16-8b01-d77bb305b1e7 .. 7926bd2c-8dbb-5219-8983-5028d8f60849), None us, 0 findings
Systems effective audit batch 803 begin: 8 subjects (79271712-fdf1-5a2c-b6f5-44dcf82b2d89 .. 793e4c3a-080d-52ee-aec8-4b467800902e), None us, 0 findings
Systems effective audit batch 802 end: 8 subjects (79030d10-ba3c-5f16-8b01-d77bb305b1e7 .. 7926bd2c-8dbb-5219-8983-5028d8f60849), Some(71) us, 0 findings
Systems effective audit batch 803 end: 8 subjects (79271712-fdf1-5a2c-b6f5-44dcf82b2d89 .. 793e4c3a-080d-52ee-aec8-4b467800902e), Some(322001) us, 0 findings
Systems effective audit batch 804 begin: 8 subjects (793f9542-11e6-56d7-8be3-2d6dfa44f265 .. 796afd78-8aa2-5020-a25a-1b379c73d5ad), None us, 0 findings
Systems effective audit batch 805 begin: 8 subjects (796ca027-460d-57cc-8e08-f3316cf868f0 .. 799bc956-c555-51be-9148-c16f38cfb59d), None us, 0 findings
Systems effective audit batch 804 end: 8 subjects (793f9542-11e6-56d7-8be3-2d6dfa44f265 .. 796afd78-8aa2-5020-a25a-1b379c73d5ad), Some(66) us, 0 findings
Systems effective audit batch 805 end: 8 subjects (796ca027-460d-57cc-8e08-f3316cf868f0 .. 799bc956-c555-51be-9148-c16f38cfb59d), Some(60) us, 0 findings
Systems effective audit batch 806 begin: 8 subjects (79a4de41-293d-5b7e-af78-de975fa2c2ae .. 79bcb05f-a221-5336-9170-b5c8c3f937bb), None us, 0 findings
Systems effective audit batch 807 begin: 8 subjects (79be2c00-93c0-5803-8e73-d27d87d2b5ab .. 79f0cc92-e25c-5bd2-9872-9c0c3e26ca4d), None us, 0 findings
Systems effective audit batch 806 end: 8 subjects (79a4de41-293d-5b7e-af78-de975fa2c2ae .. 79bcb05f-a221-5336-9170-b5c8c3f937bb), Some(185231) us, 0 findings
Systems effective audit batch 807 end: 8 subjects (79be2c00-93c0-5803-8e73-d27d87d2b5ab .. 79f0cc92-e25c-5bd2-9872-9c0c3e26ca4d), Some(83) us, 0 findings
Systems effective audit batch 808 begin: 8 subjects (79f1b13a-84a2-5789-9f55-8b9477a5d34e .. 7a2188b0-b6a0-56d3-98ea-787621ffabe1), None us, 0 findings
Systems effective audit batch 809 begin: 8 subjects (7a225e4c-9885-540d-90e8-e43d178b6279 .. 7a3e3869-8d1e-5d7c-bd4c-eef22dc76d41), None us, 0 findings
Systems effective audit batch 808 end: 8 subjects (79f1b13a-84a2-5789-9f55-8b9477a5d34e .. 7a2188b0-b6a0-56d3-98ea-787621ffabe1), Some(96) us, 0 findings
Systems effective audit batch 809 end: 8 subjects (7a225e4c-9885-540d-90e8-e43d178b6279 .. 7a3e3869-8d1e-5d7c-bd4c-eef22dc76d41), Some(5493278) us, 0 findings
Systems effective audit batch 810 begin: 8 subjects (7a419c4f-3622-53c0-bfb4-c3033dccaa41 .. 7a5c3d00-c5d3-5ea3-ae46-44d81b61288d), None us, 0 findings
Systems effective audit batch 811 begin: 8 subjects (7a5f8468-ea8b-582a-8348-3eae2f99abd9 .. 7a86f5f6-8220-5cc0-8338-af345f512f48), None us, 0 findings
Systems effective audit batch 810 end: 8 subjects (7a419c4f-3622-53c0-bfb4-c3033dccaa41 .. 7a5c3d00-c5d3-5ea3-ae46-44d81b61288d), Some(64) us, 0 findings
Systems effective audit batch 811 end: 8 subjects (7a5f8468-ea8b-582a-8348-3eae2f99abd9 .. 7a86f5f6-8220-5cc0-8338-af345f512f48), Some(82) us, 0 findings
Systems effective audit batch 812 begin: 8 subjects (7a8cfca5-bef8-5c34-bd83-3fe9ea5185d7 .. 7aab709b-9277-5dee-81cd-fd02746459e8), None us, 0 findings
Systems effective audit batch 813 begin: 8 subjects (7ac3031b-364a-5d1c-99c7-040be72281f8 .. 7adba0d7-d10e-5b49-a15b-c6aa3ec6fe03), None us, 0 findings
Systems effective audit batch 812 end: 8 subjects (7a8cfca5-bef8-5c34-bd83-3fe9ea5185d7 .. 7aab709b-9277-5dee-81cd-fd02746459e8), Some(55) us, 0 findings
Systems effective audit batch 813 end: 8 subjects (7ac3031b-364a-5d1c-99c7-040be72281f8 .. 7adba0d7-d10e-5b49-a15b-c6aa3ec6fe03), Some(329780) us, 0 findings
Systems effective audit batch 814 begin: 8 subjects (7ae16892-909d-5a45-b161-e1c1f9d162c3 .. 7afe5a2e-ca85-5f12-90c1-a0ff760b44a6), None us, 0 findings
Systems effective audit batch 815 begin: 8 subjects (7b028832-8fa6-5949-abd7-d6e0b1206af6 .. 7b242b68-e98c-5c08-a15c-bc2f6eb46699), None us, 0 findings
Systems effective audit batch 814 end: 8 subjects (7ae16892-909d-5a45-b161-e1c1f9d162c3 .. 7afe5a2e-ca85-5f12-90c1-a0ff760b44a6), Some(66) us, 0 findings
Systems effective audit batch 815 end: 8 subjects (7b028832-8fa6-5949-abd7-d6e0b1206af6 .. 7b242b68-e98c-5c08-a15c-bc2f6eb46699), Some(3737485) us, 0 findings
Systems effective audit batch 816 begin: 8 subjects (7b2dbc39-3103-5c0e-8fec-53dad333018d .. 7b5e4ada-e468-551d-8ce8-eb2bd44fece7), None us, 0 findings
Systems effective audit batch 817 begin: 8 subjects (7b5eba8b-7cdf-56b7-becc-c7b1590029da .. 7b7d0f4d-f480-5927-bf7b-5ffbc10e5cfd), None us, 0 findings
Systems effective audit batch 816 end: 8 subjects (7b2dbc39-3103-5c0e-8fec-53dad333018d .. 7b5e4ada-e468-551d-8ce8-eb2bd44fece7), Some(69) us, 0 findings
Systems effective audit batch 817 end: 8 subjects (7b5eba8b-7cdf-56b7-becc-c7b1590029da .. 7b7d0f4d-f480-5927-bf7b-5ffbc10e5cfd), Some(56) us, 0 findings
Systems effective audit batch 818 begin: 8 subjects (7b7d4816-51cd-5fdf-a74c-6c7db0118c05 .. 7b85d39b-84dd-5d9e-ba9f-f9cb4aca6e8f), None us, 0 findings
Systems effective audit batch 819 begin: 8 subjects (7b8a0ab4-b101-51fb-b146-1e6c9f711eb3 .. 7bca7604-3b42-5d2b-91bc-209aeaf9ee54), None us, 0 findings
Systems effective audit batch 818 end: 8 subjects (7b7d4816-51cd-5fdf-a74c-6c7db0118c05 .. 7b85d39b-84dd-5d9e-ba9f-f9cb4aca6e8f), Some(71) us, 0 findings
Systems effective audit batch 819 end: 8 subjects (7b8a0ab4-b101-51fb-b146-1e6c9f711eb3 .. 7bca7604-3b42-5d2b-91bc-209aeaf9ee54), Some(68) us, 0 findings
Systems effective audit batch 820 begin: 8 subjects (7bd33926-10a3-5236-b2fd-360fc590b0b6 .. 7beb3295-c7ac-548e-bd2d-5d72c222a9be), None us, 0 findings
Systems effective audit batch 821 begin: 8 subjects (7bf4e771-323e-56d6-8064-f9ae85da7824 .. 7c0f3ff3-98af-56a0-ba52-a1b1b4dafd6f), None us, 0 findings
Systems effective audit batch 820 end: 8 subjects (7bd33926-10a3-5236-b2fd-360fc590b0b6 .. 7beb3295-c7ac-548e-bd2d-5d72c222a9be), Some(612481) us, 0 findings
Systems effective audit batch 821 end: 8 subjects (7bf4e771-323e-56d6-8064-f9ae85da7824 .. 7c0f3ff3-98af-56a0-ba52-a1b1b4dafd6f), Some(58) us, 0 findings
Systems effective audit batch 822 begin: 8 subjects (7c136ba4-070d-592f-9eac-907b7e5cbdc3 .. 7c2eea0c-4773-5414-90fc-49c24121d132), None us, 0 findings
Systems effective audit batch 823 begin: 8 subjects (7c32de5c-9869-541a-8add-a927b77d7f32 .. 7c56fd6f-1ee9-5aa1-b4b9-272e90e165a9), None us, 0 findings
Systems effective audit batch 822 end: 8 subjects (7c136ba4-070d-592f-9eac-907b7e5cbdc3 .. 7c2eea0c-4773-5414-90fc-49c24121d132), Some(91) us, 0 findings
Systems effective audit batch 823 end: 8 subjects (7c32de5c-9869-541a-8add-a927b77d7f32 .. 7c56fd6f-1ee9-5aa1-b4b9-272e90e165a9), Some(59) us, 0 findings
Systems effective audit batch 824 begin: 8 subjects (7c5a1461-bdb8-56dd-955e-cadcd1f4c839 .. 7c8f57ae-75c6-595f-9c12-f38ee2b7a15d), None us, 0 findings
Systems effective audit batch 825 begin: 8 subjects (7c91c87a-1132-5cd6-8618-0686a0167eb0 .. 7cace79a-501a-5cc2-a1b5-ebc339bc57c4), None us, 0 findings
Systems effective audit batch 824 end: 8 subjects (7c5a1461-bdb8-56dd-955e-cadcd1f4c839 .. 7c8f57ae-75c6-595f-9c12-f38ee2b7a15d), Some(67279) us, 0 findings
Systems effective audit batch 825 end: 8 subjects (7c91c87a-1132-5cd6-8618-0686a0167eb0 .. 7cace79a-501a-5cc2-a1b5-ebc339bc57c4), Some(55) us, 0 findings
Systems effective audit batch 826 begin: 8 subjects (7cb46d54-5ca3-5a0e-9782-edcc45794990 .. 7cc3906b-9270-53e7-b1dd-fb1e771eb24b), None us, 0 findings
Systems effective audit batch 827 begin: 8 subjects (7cc8b98f-429c-5823-9158-3a8d26b20676 .. 7cf8c103-97f7-59b0-9f66-8425beaf82d6), None us, 0 findings
Systems effective audit batch 826 end: 8 subjects (7cb46d54-5ca3-5a0e-9782-edcc45794990 .. 7cc3906b-9270-53e7-b1dd-fb1e771eb24b), Some(58) us, 0 findings
Systems effective audit batch 827 end: 8 subjects (7cc8b98f-429c-5823-9158-3a8d26b20676 .. 7cf8c103-97f7-59b0-9f66-8425beaf82d6), Some(62) us, 0 findings
Systems effective audit batch 828 begin: 8 subjects (7cfaa86f-3de5-5ba0-b67e-08853145187d .. 7d237e02-5559-596d-856b-d5beb594c630), None us, 0 findings
Systems effective audit batch 829 begin: 8 subjects (7d23eafd-bcaf-5444-9978-f039181b8528 .. 7d33f49a-9efa-5a61-9118-615c7acf2dec), None us, 0 findings
Systems effective audit batch 828 end: 8 subjects (7cfaa86f-3de5-5ba0-b67e-08853145187d .. 7d237e02-5559-596d-856b-d5beb594c630), Some(62918) us, 0 findings
Systems effective audit batch 829 end: 8 subjects (7d23eafd-bcaf-5444-9978-f039181b8528 .. 7d33f49a-9efa-5a61-9118-615c7acf2dec), Some(1757069) us, 0 findings
Systems effective audit batch 830 begin: 8 subjects (7d367220-1530-5632-ba1e-6d991ca671e3 .. 7d65037c-3033-5cef-a7c5-f91180dd91f5), None us, 0 findings
Systems effective audit batch 831 begin: 8 subjects (7d66cdfb-8c7c-5b14-b2a8-b7057d9b5c0f .. 7d748118-db31-59f8-b9e0-24b90dfd3d0d), None us, 0 findings
Systems effective audit batch 830 end: 8 subjects (7d367220-1530-5632-ba1e-6d991ca671e3 .. 7d65037c-3033-5cef-a7c5-f91180dd91f5), Some(67) us, 0 findings
Systems effective audit batch 831 end: 8 subjects (7d66cdfb-8c7c-5b14-b2a8-b7057d9b5c0f .. 7d748118-db31-59f8-b9e0-24b90dfd3d0d), Some(301399) us, 0 findings
Systems effective audit batch 832 begin: 8 subjects (7d758f78-7716-5bf3-b2b0-edcb1fcee9e2 .. 7db70df8-97d2-5834-8692-223c371a225c), None us, 0 findings
Systems effective audit batch 833 begin: 8 subjects (7dc02369-fe07-566e-add5-971e8f440fd3 .. 7dcc8a80-9686-52be-81a8-797ba05c1f22), None us, 0 findings
Systems effective audit batch 832 end: 8 subjects (7d758f78-7716-5bf3-b2b0-edcb1fcee9e2 .. 7db70df8-97d2-5834-8692-223c371a225c), Some(2524396) us, 0 findings
Systems effective audit batch 833 end: 8 subjects (7dc02369-fe07-566e-add5-971e8f440fd3 .. 7dcc8a80-9686-52be-81a8-797ba05c1f22), Some(78) us, 0 findings
Systems effective audit batch 834 begin: 8 subjects (7dd0705a-3080-51fd-baad-a87c6ef64286 .. 7deb0d8e-8411-53d6-b2b7-2a4bd5435c2a), None us, 0 findings
Systems effective audit batch 835 begin: 8 subjects (7df525d3-2250-5131-9388-68757e73edfb .. 7e136766-4bd5-5c9d-9ddf-a974836b6e30), None us, 0 findings
Systems effective audit batch 834 end: 8 subjects (7dd0705a-3080-51fd-baad-a87c6ef64286 .. 7deb0d8e-8411-53d6-b2b7-2a4bd5435c2a), Some(83) us, 0 findings
Systems effective audit batch 835 end: 8 subjects (7df525d3-2250-5131-9388-68757e73edfb .. 7e136766-4bd5-5c9d-9ddf-a974836b6e30), Some(59) us, 0 findings
Systems effective audit batch 836 begin: 8 subjects (7e160bdc-01e8-5479-8582-a73f7f09687f .. 7e26cc61-c229-5031-ac43-20946f5108b9), None us, 0 findings
Systems effective audit batch 837 begin: 8 subjects (7e283006-ad34-5279-8f0e-52437d6f8b83 .. 7e42df3e-6b95-5706-afb3-cb4444405349), None us, 0 findings
Systems effective audit batch 836 end: 8 subjects (7e160bdc-01e8-5479-8582-a73f7f09687f .. 7e26cc61-c229-5031-ac43-20946f5108b9), Some(13736) us, 0 findings
Systems effective audit batch 837 end: 8 subjects (7e283006-ad34-5279-8f0e-52437d6f8b83 .. 7e42df3e-6b95-5706-afb3-cb4444405349), Some(57) us, 0 findings
Systems effective audit batch 838 begin: 8 subjects (7e4ec5f4-1f85-5f2a-b426-45f49f6c24a0 .. 7e6cd428-ab42-508c-8686-ece378520a22), None us, 0 findings
Systems effective audit batch 839 begin: 8 subjects (7e76a388-f68f-5e9c-9073-908eaa4760c6 .. 7e8cd871-8a1d-57d5-a774-24c1450d95e0), None us, 0 findings
Systems effective audit batch 838 end: 8 subjects (7e4ec5f4-1f85-5f2a-b426-45f49f6c24a0 .. 7e6cd428-ab42-508c-8686-ece378520a22), Some(3564753) us, 0 findings
Systems effective audit batch 839 end: 8 subjects (7e76a388-f68f-5e9c-9073-908eaa4760c6 .. 7e8cd871-8a1d-57d5-a774-24c1450d95e0), Some(725267) us, 0 findings
Systems effective audit batch 840 begin: 8 subjects (7e921c4e-6717-51d9-9b54-11d361500612 .. 7eafb50d-e859-594c-bb17-8910273f2658), None us, 0 findings
Systems effective audit batch 841 begin: 8 subjects (7eb4d793-54ba-5897-b73b-12aa4dc35660 .. 7edb7ab2-5177-523d-a44a-acd3f70731a2), None us, 0 findings
Systems effective audit batch 840 end: 8 subjects (7e921c4e-6717-51d9-9b54-11d361500612 .. 7eafb50d-e859-594c-bb17-8910273f2658), Some(638250) us, 0 findings
Systems effective audit batch 841 end: 8 subjects (7eb4d793-54ba-5897-b73b-12aa4dc35660 .. 7edb7ab2-5177-523d-a44a-acd3f70731a2), Some(63) us, 0 findings
Systems effective audit batch 842 begin: 8 subjects (7ee24180-9c56-5262-a5e1-ac077a9701be .. 7ef64e24-bb33-5311-a3a2-2da6a2bbbbeb), None us, 0 findings
Systems effective audit batch 843 begin: 8 subjects (7ef759ed-149e-5497-82f4-be86b4236a8a .. 7f14fc38-39ce-51ae-81ec-db64bd4fec5c), None us, 0 findings
Systems effective audit batch 842 end: 8 subjects (7ee24180-9c56-5262-a5e1-ac077a9701be .. 7ef64e24-bb33-5311-a3a2-2da6a2bbbbeb), Some(1085633) us, 0 findings
Systems effective audit batch 843 end: 8 subjects (7ef759ed-149e-5497-82f4-be86b4236a8a .. 7f14fc38-39ce-51ae-81ec-db64bd4fec5c), Some(58) us, 0 findings
Systems effective audit batch 844 begin: 8 subjects (7f160b18-4198-54b0-a36d-d64e4424f467 .. 7f3729c3-7391-5034-86ca-5bde5c75efe3), None us, 0 findings
Systems effective audit batch 845 begin: 8 subjects (7f3a157d-5a6b-5102-938b-d6577b20fa9b .. 7f6db3b3-a1f6-5b1a-952c-a1a5fe0710e4), None us, 0 findings
Systems effective audit batch 844 end: 8 subjects (7f160b18-4198-54b0-a36d-d64e4424f467 .. 7f3729c3-7391-5034-86ca-5bde5c75efe3), Some(64) us, 0 findings
Systems effective audit batch 845 end: 8 subjects (7f3a157d-5a6b-5102-938b-d6577b20fa9b .. 7f6db3b3-a1f6-5b1a-952c-a1a5fe0710e4), Some(4275321) us, 0 findings
Systems effective audit batch 846 begin: 8 subjects (7f7316ad-2421-59a3-af63-d6c6bed91898 .. 7f8fce48-77ad-5c32-ac49-002c8f4b1e1a), None us, 0 findings
Systems effective audit batch 847 begin: 8 subjects (7f992331-4fea-5447-8187-f97726bcde83 .. 7fb71317-7a73-582d-ab7d-6d73ab355d66), None us, 0 findings
Systems effective audit batch 846 end: 8 subjects (7f7316ad-2421-59a3-af63-d6c6bed91898 .. 7f8fce48-77ad-5c32-ac49-002c8f4b1e1a), Some(68) us, 0 findings
Systems effective audit batch 847 end: 8 subjects (7f992331-4fea-5447-8187-f97726bcde83 .. 7fb71317-7a73-582d-ab7d-6d73ab355d66), Some(58) us, 0 findings
Systems effective audit batch 848 begin: 8 subjects (7fbfc4a1-3533-5fe7-844a-d0707279b2d6 .. 7fe66940-ef23-5c9a-a834-3c3b0105ea86), None us, 0 findings
Systems effective audit batch 849 begin: 8 subjects (7fe6b75d-6469-5376-bc33-00aa0a6e55ce .. 800c693d-7255-5e3a-9b07-485122a07e23), None us, 0 findings
Systems effective audit batch 848 end: 8 subjects (7fbfc4a1-3533-5fe7-844a-d0707279b2d6 .. 7fe66940-ef23-5c9a-a834-3c3b0105ea86), Some(55) us, 0 findings
Systems effective audit batch 849 end: 8 subjects (7fe6b75d-6469-5376-bc33-00aa0a6e55ce .. 800c693d-7255-5e3a-9b07-485122a07e23), Some(38265) us, 0 findings
Systems effective audit batch 850 begin: 8 subjects (80148a22-f389-5d05-8dad-24376686e25a .. 8037270f-2f5b-5031-b330-20f7b8fa41ec), None us, 0 findings
Systems effective audit batch 851 begin: 8 subjects (8041418f-ec40-5250-9efd-eb52243a526e .. 805ce3ed-dd0c-5f9b-a0a9-a36a561cf078), None us, 0 findings
Systems effective audit batch 850 end: 8 subjects (80148a22-f389-5d05-8dad-24376686e25a .. 8037270f-2f5b-5031-b330-20f7b8fa41ec), Some(73) us, 0 findings
Systems effective audit batch 851 end: 8 subjects (8041418f-ec40-5250-9efd-eb52243a526e .. 805ce3ed-dd0c-5f9b-a0a9-a36a561cf078), Some(78370) us, 0 findings
Systems effective audit batch 852 begin: 8 subjects (806532be-caed-5c67-95d6-608d3abfaaf6 .. 8092e997-089e-55c6-87af-96417e410fb4), None us, 0 findings
Systems effective audit batch 853 begin: 8 subjects (8099c029-f970-59b6-811c-87ea3ca005f3 .. 80bbe64a-af47-505a-97b5-88641d4bf5c1), None us, 0 findings
Systems effective audit batch 852 end: 8 subjects (806532be-caed-5c67-95d6-608d3abfaaf6 .. 8092e997-089e-55c6-87af-96417e410fb4), Some(747921) us, 0 findings
Systems effective audit batch 853 end: 8 subjects (8099c029-f970-59b6-811c-87ea3ca005f3 .. 80bbe64a-af47-505a-97b5-88641d4bf5c1), Some(56) us, 0 findings
Systems effective audit batch 854 begin: 8 subjects (80c383b5-8025-586f-91af-fe6ceb96ab66 .. 80ea68eb-545d-53d2-81a4-33a860f22b60), None us, 0 findings
Systems effective audit batch 855 begin: 8 subjects (80ed6d94-07a7-5296-b3a3-30243668a3ec .. 8115c03e-bd9f-51eb-a547-6e680de721cd), None us, 0 findings
Systems effective audit batch 854 end: 8 subjects (80c383b5-8025-586f-91af-fe6ceb96ab66 .. 80ea68eb-545d-53d2-81a4-33a860f22b60), Some(66) us, 0 findings
Systems effective audit batch 855 end: 8 subjects (80ed6d94-07a7-5296-b3a3-30243668a3ec .. 8115c03e-bd9f-51eb-a547-6e680de721cd), Some(60) us, 0 findings
Systems effective audit batch 856 begin: 8 subjects (811c5d32-e2f2-590c-ba25-917af95c0d76 .. 814b81fd-825f-5d99-a04d-e567ee757a47), None us, 0 findings
Systems effective audit batch 857 begin: 8 subjects (814df56f-62ea-5132-b7a2-7d37e1354c64 .. 816382af-2731-5fda-9d21-48579efae3e7), None us, 0 findings
Systems effective audit batch 856 end: 8 subjects (811c5d32-e2f2-590c-ba25-917af95c0d76 .. 814b81fd-825f-5d99-a04d-e567ee757a47), Some(3946964) us, 0 findings
Systems effective audit batch 857 end: 8 subjects (814df56f-62ea-5132-b7a2-7d37e1354c64 .. 816382af-2731-5fda-9d21-48579efae3e7), Some(56) us, 0 findings
Systems effective audit batch 858 begin: 8 subjects (8163b629-552c-5f1c-ad6f-6106c7d0d3ac .. 818c970d-c3e7-5386-82aa-1f92df6cbd52), None us, 0 findings
Systems effective audit batch 859 begin: 8 subjects (818f190e-b121-570a-a887-d326ed07e960 .. 819aecdd-83c3-5973-8042-a051240a2a71), None us, 0 findings
Systems effective audit batch 858 end: 8 subjects (8163b629-552c-5f1c-ad6f-6106c7d0d3ac .. 818c970d-c3e7-5386-82aa-1f92df6cbd52), Some(90) us, 0 findings
Systems effective audit batch 859 end: 8 subjects (818f190e-b121-570a-a887-d326ed07e960 .. 819aecdd-83c3-5973-8042-a051240a2a71), Some(73) us, 0 findings
Systems effective audit batch 860 begin: 8 subjects (819b153a-028b-5644-a01a-91120df64196 .. 81c58a62-81dc-5807-9698-84746358d9d2), None us, 0 findings
Systems effective audit batch 861 begin: 8 subjects (81c7b51c-7b72-534a-b43a-8041e0c47931 .. 81e72a93-3229-5779-abe1-6addb9994e73), None us, 0 findings
Systems effective audit batch 860 end: 8 subjects (819b153a-028b-5644-a01a-91120df64196 .. 81c58a62-81dc-5807-9698-84746358d9d2), Some(8113735) us, 0 findings
Systems effective audit batch 861 end: 8 subjects (81c7b51c-7b72-534a-b43a-8041e0c47931 .. 81e72a93-3229-5779-abe1-6addb9994e73), Some(7884416) us, 0 findings
Systems effective audit batch 862 begin: 8 subjects (81ef1ad7-fa63-56ec-880a-d12f71a5077b .. 821e5249-0c35-5b45-8920-42dbafe8832d), None us, 0 findings
Systems effective audit batch 863 begin: 8 subjects (821efcf1-461b-5712-9f9d-c788f883fe96 .. 8253ed24-2764-50c9-9a56-d0afa1a25aee), None us, 0 findings
Systems effective audit batch 862 end: 8 subjects (81ef1ad7-fa63-56ec-880a-d12f71a5077b .. 821e5249-0c35-5b45-8920-42dbafe8832d), Some(67) us, 0 findings
Systems effective audit batch 863 end: 8 subjects (821efcf1-461b-5712-9f9d-c788f883fe96 .. 8253ed24-2764-50c9-9a56-d0afa1a25aee), Some(71) us, 0 findings
Systems effective audit batch 864 begin: 8 subjects (8255d9b8-8155-5666-b54c-e7ee2a99d683 .. 827f9dba-0d73-531a-b018-88494f23eaa9), None us, 0 findings
Systems effective audit batch 865 begin: 8 subjects (82832b54-38ca-5287-a8a2-809ee30112ac .. 829d2397-128a-569f-80c2-7b0e12a0b9cf), None us, 0 findings
Systems effective audit batch 864 end: 8 subjects (8255d9b8-8155-5666-b54c-e7ee2a99d683 .. 827f9dba-0d73-531a-b018-88494f23eaa9), Some(459221) us, 0 findings
Systems effective audit batch 865 end: 8 subjects (82832b54-38ca-5287-a8a2-809ee30112ac .. 829d2397-128a-569f-80c2-7b0e12a0b9cf), Some(55) us, 0 findings
Systems effective audit batch 866 begin: 8 subjects (82a1ecc6-b5fb-5843-a39d-e1847b786cc1 .. 82c71e2f-95ff-546a-97d2-e811634cbc5d), None us, 0 findings
Systems effective audit batch 867 begin: 8 subjects (82ce1f30-652c-538f-b523-1989d5b71787 .. 8301a079-c9a8-594a-b0a3-5b342cccf95b), None us, 0 findings
Systems effective audit batch 866 end: 8 subjects (82a1ecc6-b5fb-5843-a39d-e1847b786cc1 .. 82c71e2f-95ff-546a-97d2-e811634cbc5d), Some(73) us, 0 findings
Systems effective audit batch 867 end: 8 subjects (82ce1f30-652c-538f-b523-1989d5b71787 .. 8301a079-c9a8-594a-b0a3-5b342cccf95b), Some(52) us, 0 findings
Systems effective audit batch 868 begin: 8 subjects (8301a531-1681-56df-a7f1-9860c648ffcb .. 83227465-4966-5e90-adc2-a39386e560a5), None us, 0 findings
Systems effective audit batch 869 begin: 8 subjects (8326a711-fc54-5abb-a899-fa241f3edca4 .. 8339aa1f-ee83-51b2-88e4-dc541a74c7bd), None us, 0 findings
Systems effective audit batch 868 end: 8 subjects (8301a531-1681-56df-a7f1-9860c648ffcb .. 83227465-4966-5e90-adc2-a39386e560a5), Some(52) us, 0 findings
Systems effective audit batch 869 end: 8 subjects (8326a711-fc54-5abb-a899-fa241f3edca4 .. 8339aa1f-ee83-51b2-88e4-dc541a74c7bd), Some(65) us, 0 findings
Systems effective audit batch 870 begin: 8 subjects (8341654a-2905-5934-ae10-9306ad623c46 .. 83684b27-5f9a-530c-ba63-fcb3152cc7cd), None us, 0 findings
Systems effective audit batch 871 begin: 8 subjects (83767cfb-cbb2-5574-91f0-b91a4f07ae9d .. 8394f82a-6bd1-5b51-b972-d9ca03d62651), None us, 0 findings
Systems effective audit batch 870 end: 8 subjects (8341654a-2905-5934-ae10-9306ad623c46 .. 83684b27-5f9a-530c-ba63-fcb3152cc7cd), Some(686615) us, 0 findings
Systems effective audit batch 871 end: 8 subjects (83767cfb-cbb2-5574-91f0-b91a4f07ae9d .. 8394f82a-6bd1-5b51-b972-d9ca03d62651), Some(68) us, 0 findings
Systems effective audit batch 872 begin: 8 subjects (8398210d-101a-5217-92e9-3d6f0dfd9d3b .. 83bd23e7-7ebb-5c30-b797-c9301fd74f9f), None us, 0 findings
Systems effective audit batch 873 begin: 8 subjects (83c1208a-6487-5ea8-8247-087a714d85aa .. 83d54be7-8215-5e5a-833a-2efa701979cc), None us, 0 findings
Systems effective audit batch 872 end: 8 subjects (8398210d-101a-5217-92e9-3d6f0dfd9d3b .. 83bd23e7-7ebb-5c30-b797-c9301fd74f9f), Some(144712) us, 0 findings
Systems effective audit batch 873 end: 8 subjects (83c1208a-6487-5ea8-8247-087a714d85aa .. 83d54be7-8215-5e5a-833a-2efa701979cc), Some(62) us, 0 findings
Systems effective audit batch 874 begin: 8 subjects (83db3ad2-2eef-5c56-80db-c827e906475e .. 83f11cc3-c57a-5095-94eb-2f4c903ea5cf), None us, 0 findings
Systems effective audit batch 875 begin: 8 subjects (83f40366-3a52-5d42-9622-f13967fb2bce .. 842e5813-2b62-5ba8-a821-eeecb01fae43), None us, 0 findings
Systems effective audit batch 874 end: 8 subjects (83db3ad2-2eef-5c56-80db-c827e906475e .. 83f11cc3-c57a-5095-94eb-2f4c903ea5cf), Some(69) us, 0 findings
Systems effective audit batch 875 end: 8 subjects (83f40366-3a52-5d42-9622-f13967fb2bce .. 842e5813-2b62-5ba8-a821-eeecb01fae43), Some(58) us, 0 findings
Systems effective audit batch 876 begin: 8 subjects (843109a7-8de3-565c-8b34-0e8fd556c945 .. 844c6ebc-92a5-575c-b340-4b2044382180), None us, 0 findings
Systems effective audit batch 877 begin: 8 subjects (845474a3-0c28-5e05-a4a2-bfa565591992 .. 8485fa58-ccac-5855-b20e-900b86cbd44b), None us, 0 findings
Systems effective audit batch 876 end: 8 subjects (843109a7-8de3-565c-8b34-0e8fd556c945 .. 844c6ebc-92a5-575c-b340-4b2044382180), Some(1036751) us, 0 findings
Systems effective audit batch 877 end: 8 subjects (845474a3-0c28-5e05-a4a2-bfa565591992 .. 8485fa58-ccac-5855-b20e-900b86cbd44b), Some(318510) us, 0 findings
Systems effective audit batch 878 begin: 8 subjects (848dee91-35db-52f7-a671-e80cdf1a6107 .. 84a7ded8-b404-5b2a-ba0e-3aae28f1dd33), None us, 0 findings
Systems effective audit batch 879 begin: 8 subjects (84aa8095-46ba-5d19-a2c2-7b1bfb3782c7 .. 84c6c35a-1c38-5650-bc23-71dc94744672), None us, 0 findings
Systems effective audit batch 878 end: 8 subjects (848dee91-35db-52f7-a671-e80cdf1a6107 .. 84a7ded8-b404-5b2a-ba0e-3aae28f1dd33), Some(71) us, 0 findings
Systems effective audit batch 879 end: 8 subjects (84aa8095-46ba-5d19-a2c2-7b1bfb3782c7 .. 84c6c35a-1c38-5650-bc23-71dc94744672), Some(65) us, 0 findings
Systems effective audit batch 880 begin: 8 subjects (84c83312-25f0-5070-88b8-f0d9174a1512 .. 84fafff4-9956-5ca1-b3b8-c6857fb1b40a), None us, 0 findings
Systems effective audit batch 881 begin: 8 subjects (84ff3cc6-e166-599b-8973-be37bec0bdc9 .. 851a33d0-6390-5bf9-ad3f-ffcc8d0ff0eb), None us, 0 findings
Systems effective audit batch 880 end: 8 subjects (84c83312-25f0-5070-88b8-f0d9174a1512 .. 84fafff4-9956-5ca1-b3b8-c6857fb1b40a), Some(66) us, 0 findings
Systems effective audit batch 881 end: 8 subjects (84ff3cc6-e166-599b-8973-be37bec0bdc9 .. 851a33d0-6390-5bf9-ad3f-ffcc8d0ff0eb), Some(54) us, 0 findings
Systems effective audit batch 882 begin: 8 subjects (851dcfa8-bc38-510f-b039-ac8598d9f656 .. 855b5295-0a98-5c28-add0-b31265503926), None us, 0 findings
Systems effective audit batch 883 begin: 8 subjects (855b7596-d9f0-5c76-8a37-b37d335b2770 .. 85750b68-e3ac-5011-875c-8001e6117f8b), None us, 0 findings
Systems effective audit batch 882 end: 8 subjects (851dcfa8-bc38-510f-b039-ac8598d9f656 .. 855b5295-0a98-5c28-add0-b31265503926), Some(51) us, 0 findings
Systems effective audit batch 883 end: 8 subjects (855b7596-d9f0-5c76-8a37-b37d335b2770 .. 85750b68-e3ac-5011-875c-8001e6117f8b), Some(1539964) us, 0 findings
Systems effective audit batch 884 begin: 8 subjects (857df17d-1279-547c-9989-2eef4106167e .. 859b9f3c-a7cb-5c9f-834e-fb188b479082), None us, 0 findings
Systems effective audit batch 885 begin: 8 subjects (85a4bda8-a524-5077-b7b5-578931dea7dd .. 85d5812b-5d4c-54d0-b0a0-377d2a2e38b0), None us, 0 findings
Systems effective audit batch 884 end: 8 subjects (857df17d-1279-547c-9989-2eef4106167e .. 859b9f3c-a7cb-5c9f-834e-fb188b479082), Some(4253628) us, 0 findings
Systems effective audit batch 885 end: 8 subjects (85a4bda8-a524-5077-b7b5-578931dea7dd .. 85d5812b-5d4c-54d0-b0a0-377d2a2e38b0), Some(62) us, 0 findings
Systems effective audit batch 886 begin: 8 subjects (85d5e887-6356-5214-afb0-3e9b2308ed20 .. 85e48fe6-79ae-5c06-9e15-09a66e7306e9), None us, 0 findings
Systems effective audit batch 887 begin: 8 subjects (85e525c2-bc42-5535-a24c-23d909117b33 .. 861070f9-9b38-5907-9f9f-72aa597849f6), None us, 0 findings
Systems effective audit batch 886 end: 8 subjects (85d5e887-6356-5214-afb0-3e9b2308ed20 .. 85e48fe6-79ae-5c06-9e15-09a66e7306e9), Some(70) us, 0 findings
Systems effective audit batch 887 end: 8 subjects (85e525c2-bc42-5535-a24c-23d909117b33 .. 861070f9-9b38-5907-9f9f-72aa597849f6), Some(2779688) us, 0 findings
Systems effective audit batch 888 begin: 8 subjects (861fdf6e-50ce-51e1-a9a6-19b7f7b73f20 .. 86390711-9fa4-5f36-81ca-50d77ac2412c), None us, 0 findings
Systems effective audit batch 889 begin: 8 subjects (8639106b-2686-590d-b475-58556366266c .. 8668ff03-b1e5-563e-9348-44bd0e0a1493), None us, 0 findings
Systems effective audit batch 888 end: 8 subjects (861fdf6e-50ce-51e1-a9a6-19b7f7b73f20 .. 86390711-9fa4-5f36-81ca-50d77ac2412c), Some(5071992) us, 0 findings
Systems effective audit batch 889 end: 8 subjects (8639106b-2686-590d-b475-58556366266c .. 8668ff03-b1e5-563e-9348-44bd0e0a1493), Some(669024) us, 0 findings
Systems effective audit batch 890 begin: 8 subjects (866d8346-fe02-5a38-883e-434dedf14fcf .. 8684955f-e736-55eb-92cc-1c49ed2563c4), None us, 0 findings
Systems effective audit batch 891 begin: 8 subjects (86865052-45cf-5a34-b288-801614afbcfb .. 86a682ce-052f-5ab1-9bfa-c48fc2a09d18), None us, 0 findings
Systems effective audit batch 890 end: 8 subjects (866d8346-fe02-5a38-883e-434dedf14fcf .. 8684955f-e736-55eb-92cc-1c49ed2563c4), Some(1033452) us, 0 findings
Systems effective audit batch 891 end: 8 subjects (86865052-45cf-5a34-b288-801614afbcfb .. 86a682ce-052f-5ab1-9bfa-c48fc2a09d18), Some(1327526) us, 0 findings
Systems effective audit batch 892 begin: 8 subjects (86ae39d2-2cdc-5d00-a49a-3ab9e1dc3c02 .. 86d387ea-9281-5f26-ab2a-3f9d53c94371), None us, 0 findings
Systems effective audit batch 893 begin: 8 subjects (86ddb7cd-ac22-5322-9aa7-ff4755f00198 .. 86eac82b-6e39-5afb-81bf-90c3f604ef30), None us, 0 findings
Systems effective audit batch 892 end: 8 subjects (86ae39d2-2cdc-5d00-a49a-3ab9e1dc3c02 .. 86d387ea-9281-5f26-ab2a-3f9d53c94371), Some(70) us, 0 findings
Systems effective audit batch 893 end: 8 subjects (86ddb7cd-ac22-5322-9aa7-ff4755f00198 .. 86eac82b-6e39-5afb-81bf-90c3f604ef30), Some(14455368) us, 0 findings
Systems effective audit batch 894 begin: 8 subjects (86f1f1b3-1555-5253-b06d-c9d206b95a3d .. 8717fc79-b17a-52b1-953b-ddb8f5da564a), None us, 0 findings
Systems effective audit batch 895 begin: 8 subjects (871e5180-ca44-5d1f-a1a7-592d77356c1a .. 874acd6a-ded4-58cf-a9c0-d6fd56f32b52), None us, 0 findings
Systems effective audit batch 894 end: 8 subjects (86f1f1b3-1555-5253-b06d-c9d206b95a3d .. 8717fc79-b17a-52b1-953b-ddb8f5da564a), Some(96) us, 0 findings
Systems effective audit batch 895 end: 8 subjects (871e5180-ca44-5d1f-a1a7-592d77356c1a .. 874acd6a-ded4-58cf-a9c0-d6fd56f32b52), Some(87) us, 0 findings
Systems effective audit batch 896 begin: 8 subjects (875425e3-7db9-5e92-ad1b-44a2bbe0270c .. 87713299-eace-50e2-b5ac-c5aea25e3b14), None us, 0 findings
Systems effective audit batch 897 begin: 8 subjects (87744aed-3dbe-53df-acec-624d98c4f69e .. 87853fbc-8718-5d78-841c-f8d90616ba71), None us, 0 findings
Systems effective audit batch 896 end: 8 subjects (875425e3-7db9-5e92-ad1b-44a2bbe0270c .. 87713299-eace-50e2-b5ac-c5aea25e3b14), Some(727020) us, 0 findings
Systems effective audit batch 897 end: 8 subjects (87744aed-3dbe-53df-acec-624d98c4f69e .. 87853fbc-8718-5d78-841c-f8d90616ba71), Some(818752) us, 0 findings
Systems effective audit batch 898 begin: 8 subjects (878903f6-2e33-5c56-a8ef-039e32490e7c .. 8799d8ad-18f7-5677-b61b-950285a47f45), None us, 0 findings
Systems effective audit batch 899 begin: 8 subjects (87a44e48-2c33-5e4a-99b5-33593731279c .. 87bc02f3-8b02-53dc-a397-9a9a4e8311b4), None us, 0 findings
Systems effective audit batch 898 end: 8 subjects (878903f6-2e33-5c56-a8ef-039e32490e7c .. 8799d8ad-18f7-5677-b61b-950285a47f45), Some(68) us, 0 findings
Systems effective audit batch 899 end: 8 subjects (87a44e48-2c33-5e4a-99b5-33593731279c .. 87bc02f3-8b02-53dc-a397-9a9a4e8311b4), Some(56) us, 0 findings
Systems effective audit batch 900 begin: 8 subjects (87d14e2e-3e59-518d-b002-ebb14960a51f .. 87e73c2f-0dd8-5690-97b9-4d273991de81), None us, 0 findings
Systems effective audit batch 901 begin: 8 subjects (87e93913-04da-5cde-9c11-6be3387026a6 .. 881515a6-9b9d-5fa4-90a2-0804b94b7b29), None us, 0 findings
Systems effective audit batch 900 end: 8 subjects (87d14e2e-3e59-518d-b002-ebb14960a51f .. 87e73c2f-0dd8-5690-97b9-4d273991de81), Some(80) us, 0 findings
Systems effective audit batch 901 end: 8 subjects (87e93913-04da-5cde-9c11-6be3387026a6 .. 881515a6-9b9d-5fa4-90a2-0804b94b7b29), Some(83) us, 0 findings
Systems effective audit batch 902 begin: 8 subjects (88155024-cb43-550a-9dc1-be6d98ab09b0 .. 882fa79e-4670-5e28-a36f-1a3a65acfb62), None us, 0 findings
Systems effective audit batch 903 begin: 8 subjects (8833e8a8-c59f-50b9-b5fe-7d01a8592898 .. 88554579-fc03-5fc0-8b6e-521101c84c45), None us, 0 findings
Systems effective audit batch 902 end: 8 subjects (88155024-cb43-550a-9dc1-be6d98ab09b0 .. 882fa79e-4670-5e28-a36f-1a3a65acfb62), Some(98010) us, 0 findings
Systems effective audit batch 903 end: 8 subjects (8833e8a8-c59f-50b9-b5fe-7d01a8592898 .. 88554579-fc03-5fc0-8b6e-521101c84c45), Some(78) us, 0 findings
Systems effective audit batch 904 begin: 8 subjects (885a3e4a-e74e-57ea-8bfd-80bbf0560868 .. 886cfe42-56bb-5141-9345-07852cfd9f1f), None us, 0 findings
Systems effective audit batch 905 begin: 8 subjects (886d91c0-5af6-5a40-a247-ea3c44d4ac90 .. 888cda79-aaa5-5d72-a654-b35603802e37), None us, 0 findings
Systems effective audit batch 904 end: 8 subjects (885a3e4a-e74e-57ea-8bfd-80bbf0560868 .. 886cfe42-56bb-5141-9345-07852cfd9f1f), Some(94) us, 0 findings
Systems effective audit batch 905 end: 8 subjects (886d91c0-5af6-5a40-a247-ea3c44d4ac90 .. 888cda79-aaa5-5d72-a654-b35603802e37), Some(7249483) us, 0 findings
Systems effective audit batch 906 begin: 8 subjects (888d4c4f-bd5a-566c-a8af-d3a4647c5bd3 .. 88c91bed-53fe-55a2-9257-e0693736921a), None us, 0 findings
Systems effective audit batch 907 begin: 8 subjects (88ca055d-9f99-5cf4-b56d-027ab72a19c5 .. 88e92cd1-bc11-5d96-ac3e-39b99765ef20), None us, 0 findings
Systems effective audit batch 906 end: 8 subjects (888d4c4f-bd5a-566c-a8af-d3a4647c5bd3 .. 88c91bed-53fe-55a2-9257-e0693736921a), Some(73) us, 0 findings
Systems effective audit batch 907 end: 8 subjects (88ca055d-9f99-5cf4-b56d-027ab72a19c5 .. 88e92cd1-bc11-5d96-ac3e-39b99765ef20), Some(59) us, 0 findings
Systems effective audit batch 908 begin: 8 subjects (88e96c30-df1a-589f-8b85-3249a88b869d .. 88f6b406-2bef-5f4f-a647-ab611f042970), None us, 0 findings
Systems effective audit batch 909 begin: 8 subjects (88f75aa0-698a-51ae-9874-0f60f0ce47be .. 890d89cd-d037-5c92-95f3-8026017a4960), None us, 0 findings
Systems effective audit batch 908 end: 8 subjects (88e96c30-df1a-589f-8b85-3249a88b869d .. 88f6b406-2bef-5f4f-a647-ab611f042970), Some(57) us, 0 findings
Systems effective audit batch 909 end: 8 subjects (88f75aa0-698a-51ae-9874-0f60f0ce47be .. 890d89cd-d037-5c92-95f3-8026017a4960), Some(59) us, 0 findings
Systems effective audit batch 910 begin: 8 subjects (890fbfce-6dad-5a75-bb77-96a2ca82952e .. 8936982f-708f-52a7-acfe-41e00a98bc6a), None us, 0 findings
Systems effective audit batch 911 begin: 8 subjects (893f454f-8fb4-5526-80e6-188e1010e2de .. 8960eaf6-9574-5377-b124-01252384f8a0), None us, 0 findings
Systems effective audit batch 910 end: 8 subjects (890fbfce-6dad-5a75-bb77-96a2ca82952e .. 8936982f-708f-52a7-acfe-41e00a98bc6a), Some(64) us, 0 findings
Systems effective audit batch 911 end: 8 subjects (893f454f-8fb4-5526-80e6-188e1010e2de .. 8960eaf6-9574-5377-b124-01252384f8a0), Some(60) us, 0 findings
Systems effective audit batch 912 begin: 8 subjects (896446c0-b61d-5b2e-b10f-92854c5860e2 .. 89833cca-20be-5111-a607-e140f420ef8b), None us, 0 findings
Systems effective audit batch 913 begin: 8 subjects (8985020f-ec0e-549c-a116-90fa8c0afdc6 .. 89ca72d2-8089-583f-aafc-c3454c7a43e4), None us, 0 findings
Systems effective audit batch 912 end: 8 subjects (896446c0-b61d-5b2e-b10f-92854c5860e2 .. 89833cca-20be-5111-a607-e140f420ef8b), Some(62) us, 0 findings
Systems effective audit batch 913 end: 8 subjects (8985020f-ec0e-549c-a116-90fa8c0afdc6 .. 89ca72d2-8089-583f-aafc-c3454c7a43e4), Some(1466780) us, 0 findings
Systems effective audit batch 914 begin: 8 subjects (89cc4cdf-ed9c-58e0-840e-c15ae9167040 .. 89ffd127-c1c0-56a9-aac2-4de000369b5c), None us, 0 findings
Systems effective audit batch 915 begin: 8 subjects (8a039102-ddad-5ff1-8da5-ec4ecb041d1a .. 8a25a031-0044-5686-8864-990e8382804d), None us, 0 findings
Systems effective audit batch 914 end: 8 subjects (89cc4cdf-ed9c-58e0-840e-c15ae9167040 .. 89ffd127-c1c0-56a9-aac2-4de000369b5c), Some(3662555) us, 0 findings
Systems effective audit batch 915 end: 8 subjects (8a039102-ddad-5ff1-8da5-ec4ecb041d1a .. 8a25a031-0044-5686-8864-990e8382804d), Some(1963203) us, 0 findings
Systems effective audit batch 916 begin: 8 subjects (8a266cbb-ae20-5092-b19b-d9a5488d5ad8 .. 8a5f3637-117f-57b2-b829-e4b5cff21ea3), None us, 0 findings
Systems effective audit batch 917 begin: 8 subjects (8a666f44-fb74-5db5-bbe9-48b0647c51e5 .. 8a808ffb-e1ce-510b-9ee3-29ab44e495cf), None us, 0 findings
Systems effective audit batch 916 end: 8 subjects (8a266cbb-ae20-5092-b19b-d9a5488d5ad8 .. 8a5f3637-117f-57b2-b829-e4b5cff21ea3), Some(87) us, 0 findings
Systems effective audit batch 917 end: 8 subjects (8a666f44-fb74-5db5-bbe9-48b0647c51e5 .. 8a808ffb-e1ce-510b-9ee3-29ab44e495cf), Some(59) us, 0 findings
Systems effective audit batch 918 begin: 8 subjects (8a80a47d-6efa-5e81-81ee-d349e7e22b94 .. 8a98c338-626f-5ea2-a3d7-56d0231040db), None us, 0 findings
Systems effective audit batch 919 begin: 8 subjects (8a999402-1786-59cd-817f-608a5d8c94d4 .. 8ad08c3b-6872-5a8f-a613-974fff6dbefa), None us, 0 findings
Systems effective audit batch 918 end: 8 subjects (8a80a47d-6efa-5e81-81ee-d349e7e22b94 .. 8a98c338-626f-5ea2-a3d7-56d0231040db), Some(54) us, 0 findings
Systems effective audit batch 919 end: 8 subjects (8a999402-1786-59cd-817f-608a5d8c94d4 .. 8ad08c3b-6872-5a8f-a613-974fff6dbefa), Some(56) us, 0 findings
Systems effective audit batch 920 begin: 8 subjects (8ad9e410-af7d-5e42-b0a6-d0d981be890e .. 8ae6ff46-f8e1-5977-b685-9c8bb0e42a1e), None us, 0 findings
Systems effective audit batch 921 begin: 8 subjects (8aeb9044-e225-5272-960a-388423d2ff97 .. 8b207d38-be4c-5780-81ba-5f82d62f9131), None us, 0 findings
Systems effective audit batch 920 end: 8 subjects (8ad9e410-af7d-5e42-b0a6-d0d981be890e .. 8ae6ff46-f8e1-5977-b685-9c8bb0e42a1e), Some(65) us, 0 findings
Systems effective audit batch 921 end: 8 subjects (8aeb9044-e225-5272-960a-388423d2ff97 .. 8b207d38-be4c-5780-81ba-5f82d62f9131), Some(3222439) us, 0 findings
Systems effective audit batch 922 begin: 8 subjects (8b23518c-f5d9-58c4-9cd7-82c79fb5693c .. 8b3c101d-0d34-52b9-bf5c-ce360ae250e4), None us, 0 findings
Systems effective audit batch 923 begin: 8 subjects (8b3d0b57-73b9-5c23-b83e-e04bcb111a95 .. 8b59b661-ea50-5fc4-affc-d97ba2bf04c4), None us, 0 findings
Systems effective audit batch 922 end: 8 subjects (8b23518c-f5d9-58c4-9cd7-82c79fb5693c .. 8b3c101d-0d34-52b9-bf5c-ce360ae250e4), Some(72) us, 0 findings
Systems effective audit batch 923 end: 8 subjects (8b3d0b57-73b9-5c23-b83e-e04bcb111a95 .. 8b59b661-ea50-5fc4-affc-d97ba2bf04c4), Some(2522542) us, 0 findings
Systems effective audit batch 924 begin: 8 subjects (8b5c7570-a8a3-5e9c-b393-6aea65e016cf .. 8b7c44bb-d611-563a-bb09-dcbbf8714e9e), None us, 0 findings
Systems effective audit batch 925 begin: 8 subjects (8b81048b-a532-50eb-8895-be955671e969 .. 8ba11501-2d17-5374-a1fc-e8a4b381c4ac), None us, 0 findings
Systems effective audit batch 924 end: 8 subjects (8b5c7570-a8a3-5e9c-b393-6aea65e016cf .. 8b7c44bb-d611-563a-bb09-dcbbf8714e9e), Some(66) us, 0 findings
Systems effective audit batch 925 end: 8 subjects (8b81048b-a532-50eb-8895-be955671e969 .. 8ba11501-2d17-5374-a1fc-e8a4b381c4ac), Some(348322) us, 0 findings
Systems effective audit batch 926 begin: 8 subjects (8bb14deb-b284-52a5-a631-1dc729b60777 .. 8bd3e2cc-9e9f-528c-adff-74db639fc560), None us, 0 findings
Systems effective audit batch 927 begin: 8 subjects (8bd41c12-ccb6-544b-9e7b-df71ec36c08e .. 8bf3faef-6bb6-52ed-acc9-aebf32e75783), None us, 0 findings
Systems effective audit batch 926 end: 8 subjects (8bb14deb-b284-52a5-a631-1dc729b60777 .. 8bd3e2cc-9e9f-528c-adff-74db639fc560), Some(100) us, 0 findings
Systems effective audit batch 927 end: 8 subjects (8bd41c12-ccb6-544b-9e7b-df71ec36c08e .. 8bf3faef-6bb6-52ed-acc9-aebf32e75783), Some(1250003) us, 0 findings
Systems effective audit batch 928 begin: 8 subjects (8bf5bd93-2bc1-503f-8e9b-afbfa873c011 .. 8c1d8f42-0155-5632-a7a8-862b4a19f210), None us, 0 findings
Systems effective audit batch 929 begin: 8 subjects (8c1f0657-dbd0-53e6-99e5-61764fd7d944 .. 8c42cde2-6378-5ea3-9828-0068e5fb5799), None us, 0 findings
Systems effective audit batch 928 end: 8 subjects (8bf5bd93-2bc1-503f-8e9b-afbfa873c011 .. 8c1d8f42-0155-5632-a7a8-862b4a19f210), Some(74) us, 0 findings
Systems effective audit batch 929 end: 8 subjects (8c1f0657-dbd0-53e6-99e5-61764fd7d944 .. 8c42cde2-6378-5ea3-9828-0068e5fb5799), Some(3275985) us, 0 findings
Systems effective audit batch 930 begin: 8 subjects (8c448eab-cc37-5335-8a10-aa9d874c5fd5 .. 8c51f823-663a-55ea-9429-a1a0e8ef2e10), None us, 0 findings
Systems effective audit batch 931 begin: 8 subjects (8c53eeda-d8a2-5e09-86e4-f563d2948491 .. 8c659794-adf4-5954-82f3-69c8bf0cce0d), None us, 0 findings
Systems effective audit batch 930 end: 8 subjects (8c448eab-cc37-5335-8a10-aa9d874c5fd5 .. 8c51f823-663a-55ea-9429-a1a0e8ef2e10), Some(2569452) us, 0 findings
Systems effective audit batch 931 end: 8 subjects (8c53eeda-d8a2-5e09-86e4-f563d2948491 .. 8c659794-adf4-5954-82f3-69c8bf0cce0d), Some(60) us, 0 findings
Systems effective audit batch 932 begin: 8 subjects (8c71c61f-3226-5817-80c8-f34d443708af .. 8c8b0be7-49a3-5df0-a552-bab5b763bfaa), None us, 0 findings
Systems effective audit batch 933 begin: 8 subjects (8c8b6b73-eb1a-576a-8578-daf64ef1a24e .. 8ca7fe89-2c3a-560f-95c4-a728b01c0331), None us, 0 findings
Systems effective audit batch 932 end: 8 subjects (8c71c61f-3226-5817-80c8-f34d443708af .. 8c8b0be7-49a3-5df0-a552-bab5b763bfaa), Some(1087862) us, 0 findings
Systems effective audit batch 933 end: 8 subjects (8c8b6b73-eb1a-576a-8578-daf64ef1a24e .. 8ca7fe89-2c3a-560f-95c4-a728b01c0331), Some(2826940) us, 0 findings
Systems effective audit batch 934 begin: 8 subjects (8cae2c00-d76d-5117-a4b4-84b1f260b64b .. 8cc9ea41-6f94-5538-ba88-535e088628ba), None us, 0 findings
Systems effective audit batch 935 begin: 8 subjects (8ccdeeb1-0e06-52c3-8dfd-df22f03432c4 .. 8cde6e12-6ddb-5a5e-8131-e606677b93f4), None us, 0 findings
Systems effective audit batch 934 end: 8 subjects (8cae2c00-d76d-5117-a4b4-84b1f260b64b .. 8cc9ea41-6f94-5538-ba88-535e088628ba), Some(92) us, 0 findings
Systems effective audit batch 935 end: 8 subjects (8ccdeeb1-0e06-52c3-8dfd-df22f03432c4 .. 8cde6e12-6ddb-5a5e-8131-e606677b93f4), Some(82) us, 0 findings
Systems effective audit batch 936 begin: 8 subjects (8ce2362d-75be-5719-98a1-609f217a1c4f .. 8cfe7736-8cc9-5aee-aed4-c8ffaf8240b1), None us, 0 findings
Systems effective audit batch 937 begin: 8 subjects (8cff9c29-3437-5786-acbb-8bc41c5bae5d .. 8d2cf812-dd6d-57da-bea8-7c4ef7de4e1d), None us, 0 findings
Systems effective audit batch 936 end: 8 subjects (8ce2362d-75be-5719-98a1-609f217a1c4f .. 8cfe7736-8cc9-5aee-aed4-c8ffaf8240b1), Some(13453096) us, 0 findings
Systems effective audit batch 937 end: 8 subjects (8cff9c29-3437-5786-acbb-8bc41c5bae5d .. 8d2cf812-dd6d-57da-bea8-7c4ef7de4e1d), Some(67) us, 0 findings
Systems effective audit batch 938 begin: 8 subjects (8d44d5e0-c0f2-53ed-808a-715f7cf4966d .. 8d6db108-c072-5f09-8c04-eeb5b3213259), None us, 0 findings
Systems effective audit batch 939 begin: 8 subjects (8d73b7e2-b905-59c0-8ea8-7fb7d9b4a0c0 .. 8d97a51b-bd25-5a4d-b7e4-56bb0c4b5e5d), None us, 0 findings
Systems effective audit batch 938 end: 8 subjects (8d44d5e0-c0f2-53ed-808a-715f7cf4966d .. 8d6db108-c072-5f09-8c04-eeb5b3213259), Some(66) us, 0 findings
Systems effective audit batch 939 end: 8 subjects (8d73b7e2-b905-59c0-8ea8-7fb7d9b4a0c0 .. 8d97a51b-bd25-5a4d-b7e4-56bb0c4b5e5d), Some(70) us, 0 findings
Systems effective audit batch 940 begin: 8 subjects (8d97c6e6-db4b-5fa8-bfed-e7ecc6fffa72 .. 8dc0b24a-e81f-59ef-af3b-d4359785a236), None us, 0 findings
Systems effective audit batch 941 begin: 8 subjects (8dc0e554-5998-54ff-af9c-d51ecf0de76f .. 8de4f83a-9461-555c-8e82-d8b28514487e), None us, 0 findings
Systems effective audit batch 940 end: 8 subjects (8d97c6e6-db4b-5fa8-bfed-e7ecc6fffa72 .. 8dc0b24a-e81f-59ef-af3b-d4359785a236), Some(56) us, 0 findings
Systems effective audit batch 941 end: 8 subjects (8dc0e554-5998-54ff-af9c-d51ecf0de76f .. 8de4f83a-9461-555c-8e82-d8b28514487e), Some(55) us, 0 findings
Systems effective audit batch 942 begin: 8 subjects (8deddf72-2f26-5dd5-bc1b-1a9689113ab7 .. 8e08b77b-bbb6-57f5-92f6-ed6224d8e170), None us, 0 findings
Systems effective audit batch 943 begin: 8 subjects (8e09a9e0-24d3-5e4e-a3a2-6dc0f4bb0433 .. 8e23ab6d-a156-580d-8c84-f0f1309952b1), None us, 0 findings
Systems effective audit batch 942 end: 8 subjects (8deddf72-2f26-5dd5-bc1b-1a9689113ab7 .. 8e08b77b-bbb6-57f5-92f6-ed6224d8e170), Some(64) us, 0 findings
Systems effective audit batch 943 end: 8 subjects (8e09a9e0-24d3-5e4e-a3a2-6dc0f4bb0433 .. 8e23ab6d-a156-580d-8c84-f0f1309952b1), Some(63) us, 0 findings
Systems effective audit batch 944 begin: 8 subjects (8e28224e-37b9-5cba-9d46-3ffde69e4257 .. 8e50b6c8-d29e-50cd-82b4-6c22f757bf03), None us, 0 findings
Systems effective audit batch 945 begin: 8 subjects (8e5b8074-d91b-54d5-a6e7-a4446da9f2a6 .. 8e8cc061-42f3-50fd-aaff-b21656557c4a), None us, 0 findings
Systems effective audit batch 944 end: 8 subjects (8e28224e-37b9-5cba-9d46-3ffde69e4257 .. 8e50b6c8-d29e-50cd-82b4-6c22f757bf03), Some(68) us, 0 findings
Systems effective audit batch 945 end: 8 subjects (8e5b8074-d91b-54d5-a6e7-a4446da9f2a6 .. 8e8cc061-42f3-50fd-aaff-b21656557c4a), Some(3132040) us, 0 findings
Systems effective audit batch 946 begin: 8 subjects (8e973df8-e797-53ca-ba3b-4c41b5f66abb .. 8eb8a273-8c52-5257-a320-e5ce0bc91566), None us, 0 findings
Systems effective audit batch 947 begin: 8 subjects (8ebc0992-19af-5ae6-a763-98a201fc88c2 .. 8ed3cb47-ffbc-5621-8cb6-36649dae8dd9), None us, 0 findings
Systems effective audit batch 946 end: 8 subjects (8e973df8-e797-53ca-ba3b-4c41b5f66abb .. 8eb8a273-8c52-5257-a320-e5ce0bc91566), Some(5833497) us, 0 findings
Systems effective audit batch 947 end: 8 subjects (8ebc0992-19af-5ae6-a763-98a201fc88c2 .. 8ed3cb47-ffbc-5621-8cb6-36649dae8dd9), Some(97) us, 0 findings
Systems effective audit batch 948 begin: 8 subjects (8ed6e7e8-9685-5ce7-bd8f-f7fcb45149de .. 8ef39761-3cae-5ef3-909e-0970871f52c7), None us, 0 findings
Systems effective audit batch 949 begin: 8 subjects (8ef8d1d1-6d8a-5975-a301-1ddab5b0a025 .. 8f12189e-dce9-522c-8da4-c8579cde7612), None us, 0 findings
Systems effective audit batch 948 end: 8 subjects (8ed6e7e8-9685-5ce7-bd8f-f7fcb45149de .. 8ef39761-3cae-5ef3-909e-0970871f52c7), Some(81) us, 0 findings
Systems effective audit batch 949 end: 8 subjects (8ef8d1d1-6d8a-5975-a301-1ddab5b0a025 .. 8f12189e-dce9-522c-8da4-c8579cde7612), Some(63) us, 0 findings
Systems effective audit batch 950 begin: 8 subjects (8f1404e3-a8e1-5162-ac2c-fd13ac37c17f .. 8f29ce98-a9b8-591c-b212-4a78d3adfb9b), None us, 0 findings
Systems effective audit batch 951 begin: 8 subjects (8f2c82d4-9afd-582e-989e-690b3bb8dce0 .. 8f536c31-ef0d-51bf-a206-8a5477f5ac52), None us, 0 findings
Systems effective audit batch 950 end: 8 subjects (8f1404e3-a8e1-5162-ac2c-fd13ac37c17f .. 8f29ce98-a9b8-591c-b212-4a78d3adfb9b), Some(1149799) us, 0 findings
Systems effective audit batch 951 end: 8 subjects (8f2c82d4-9afd-582e-989e-690b3bb8dce0 .. 8f536c31-ef0d-51bf-a206-8a5477f5ac52), Some(133986) us, 0 findings
Systems effective audit batch 952 begin: 8 subjects (8f57e287-7b90-5b69-9849-ec610b38f4f3 .. 8f6c5624-d2e3-5960-b112-14cfa4ef641f), None us, 0 findings
Systems effective audit batch 953 begin: 8 subjects (8f6dac03-85ce-5ed9-978e-b93084ec3304 .. 8f93dec6-c3cd-52f9-bd34-00f2b543ad79), None us, 0 findings
Systems effective audit batch 952 end: 8 subjects (8f57e287-7b90-5b69-9849-ec610b38f4f3 .. 8f6c5624-d2e3-5960-b112-14cfa4ef641f), Some(72) us, 0 findings
Systems effective audit batch 953 end: 8 subjects (8f6dac03-85ce-5ed9-978e-b93084ec3304 .. 8f93dec6-c3cd-52f9-bd34-00f2b543ad79), Some(12304) us, 0 findings
Systems effective audit batch 954 begin: 8 subjects (8f93f266-ad58-5ce1-9332-59e120bdbcc4 .. 8fbcc2e3-c4bb-5a70-98a8-9d672975f54a), None us, 0 findings
Systems effective audit batch 955 begin: 8 subjects (8fc2647c-e131-51d3-9487-c6b6c641bb7a .. 8fd15048-3877-56f9-a82b-9cfb86c05f38), None us, 0 findings
Systems effective audit batch 954 end: 8 subjects (8f93f266-ad58-5ce1-9332-59e120bdbcc4 .. 8fbcc2e3-c4bb-5a70-98a8-9d672975f54a), Some(914805) us, 0 findings
Systems effective audit batch 955 end: 8 subjects (8fc2647c-e131-51d3-9487-c6b6c641bb7a .. 8fd15048-3877-56f9-a82b-9cfb86c05f38), Some(61) us, 0 findings
Systems effective audit batch 956 begin: 8 subjects (8fd19ccf-dfa1-558d-9f05-f6c8841cc6de .. 8ff6fc65-6d0b-5135-a41a-7de263f92528), None us, 0 findings
Systems effective audit batch 957 begin: 8 subjects (8ff8ab07-f502-5ca7-b8d1-f7cdf6318aa2 .. 902b7f8f-5ec5-59e9-9ac0-2a8d4a906e90), None us, 0 findings
Systems effective audit batch 956 end: 8 subjects (8fd19ccf-dfa1-558d-9f05-f6c8841cc6de .. 8ff6fc65-6d0b-5135-a41a-7de263f92528), Some(67) us, 0 findings
Systems effective audit batch 957 end: 8 subjects (8ff8ab07-f502-5ca7-b8d1-f7cdf6318aa2 .. 902b7f8f-5ec5-59e9-9ac0-2a8d4a906e90), Some(64) us, 0 findings
Systems effective audit batch 958 begin: 8 subjects (902cf884-f001-5a22-af70-dab5fb749db2 .. 903cc40b-7b54-5b02-8608-f9c9f84ac258), None us, 0 findings
Systems effective audit batch 959 begin: 8 subjects (90408498-fc72-5d03-8585-124d0279e2cc .. 905b5aa4-1c98-51be-9ab0-77b1eed86137), None us, 0 findings
Systems effective audit batch 958 end: 8 subjects (902cf884-f001-5a22-af70-dab5fb749db2 .. 903cc40b-7b54-5b02-8608-f9c9f84ac258), Some(3679236) us, 0 findings
Systems effective audit batch 959 end: 8 subjects (90408498-fc72-5d03-8585-124d0279e2cc .. 905b5aa4-1c98-51be-9ab0-77b1eed86137), Some(3679251) us, 0 findings
Systems effective audit batch 960 begin: 8 subjects (9069293a-ff36-53b0-ab3f-ac259c40d1b0 .. 908698ff-b9ff-5efc-b91c-c80c00b9db07), None us, 0 findings
Systems effective audit batch 961 begin: 8 subjects (9086eb1f-f05a-5b07-926c-79faf6b2dcbb .. 90b2300f-1211-573a-8067-17b3ab1c8431), None us, 0 findings
Systems effective audit batch 960 end: 8 subjects (9069293a-ff36-53b0-ab3f-ac259c40d1b0 .. 908698ff-b9ff-5efc-b91c-c80c00b9db07), Some(2646592) us, 0 findings
Systems effective audit batch 961 end: 8 subjects (9086eb1f-f05a-5b07-926c-79faf6b2dcbb .. 90b2300f-1211-573a-8067-17b3ab1c8431), Some(95) us, 0 findings
Systems effective audit batch 962 begin: 8 subjects (90b595c3-66d7-55ed-9258-6718f906d2d9 .. 90da8e6e-9b5b-5a77-9fa9-9f042fc20dd6), None us, 0 findings
Systems effective audit batch 963 begin: 8 subjects (90ea5baa-c65b-5e9d-a937-1afa40df17f2 .. 90fec4a6-b7fb-5428-8d87-ad3174798bed), None us, 0 findings
Systems effective audit batch 962 end: 8 subjects (90b595c3-66d7-55ed-9258-6718f906d2d9 .. 90da8e6e-9b5b-5a77-9fa9-9f042fc20dd6), Some(4186975) us, 0 findings
Systems effective audit batch 963 end: 8 subjects (90ea5baa-c65b-5e9d-a937-1afa40df17f2 .. 90fec4a6-b7fb-5428-8d87-ad3174798bed), Some(57) us, 0 findings
Systems effective audit batch 964 begin: 8 subjects (91011825-2459-501a-a016-423172ee7fee .. 911b84bb-ece3-5e9c-b11c-c797fca4c432), None us, 0 findings
Systems effective audit batch 965 begin: 8 subjects (912238f8-4534-5a1f-9e69-9badb1ea1324 .. 915b595b-f65d-5abd-9b5c-738c90cd9638), None us, 0 findings
Systems effective audit batch 964 end: 8 subjects (91011825-2459-501a-a016-423172ee7fee .. 911b84bb-ece3-5e9c-b11c-c797fca4c432), Some(93) us, 0 findings
Systems effective audit batch 965 end: 8 subjects (912238f8-4534-5a1f-9e69-9badb1ea1324 .. 915b595b-f65d-5abd-9b5c-738c90cd9638), Some(70) us, 0 findings
Systems effective audit batch 966 begin: 8 subjects (915eccba-b092-5f59-84f8-78840289527a .. 918865fe-53ad-5117-9e87-2cf1c7da42da), None us, 0 findings
Systems effective audit batch 967 begin: 8 subjects (918f4841-c2c0-5791-a834-6695e5c91496 .. 91d1e610-91c5-50c7-8a8c-69db6e8eeaf2), None us, 0 findings
Systems effective audit batch 966 end: 8 subjects (915eccba-b092-5f59-84f8-78840289527a .. 918865fe-53ad-5117-9e87-2cf1c7da42da), Some(55) us, 0 findings
Systems effective audit batch 967 end: 8 subjects (918f4841-c2c0-5791-a834-6695e5c91496 .. 91d1e610-91c5-50c7-8a8c-69db6e8eeaf2), Some(56) us, 0 findings
Systems effective audit batch 968 begin: 8 subjects (91d57670-989c-5e3d-ba72-967f67d1a8b5 .. 91f3a4d9-5ee9-5d1d-be36-d4d7016c68c2), None us, 0 findings
Systems effective audit batch 969 begin: 8 subjects (91f47738-6d0f-5539-8be2-9dd81ae88dbc .. 92158608-a251-513d-9c69-12369d5ffa08), None us, 0 findings
Systems effective audit batch 968 end: 8 subjects (91d57670-989c-5e3d-ba72-967f67d1a8b5 .. 91f3a4d9-5ee9-5d1d-be36-d4d7016c68c2), Some(1038616) us, 0 findings
Systems effective audit batch 969 end: 8 subjects (91f47738-6d0f-5539-8be2-9dd81ae88dbc .. 92158608-a251-513d-9c69-12369d5ffa08), Some(94706) us, 0 findings
Systems effective audit batch 970 begin: 8 subjects (92169502-e582-5fdc-9ff2-c7e7a5ece87a .. 923a3397-b026-5f1e-9995-8ee4e000a8ef), None us, 0 findings
Systems effective audit batch 971 begin: 8 subjects (924966dd-801e-5dae-9b8c-67685ace0da8 .. 92644e4d-d95f-5e6b-9519-fd8704bf8c8e), None us, 0 findings
Systems effective audit batch 970 end: 8 subjects (92169502-e582-5fdc-9ff2-c7e7a5ece87a .. 923a3397-b026-5f1e-9995-8ee4e000a8ef), Some(58) us, 0 findings
Systems effective audit batch 971 end: 8 subjects (924966dd-801e-5dae-9b8c-67685ace0da8 .. 92644e4d-d95f-5e6b-9519-fd8704bf8c8e), Some(972772) us, 0 findings
Systems effective audit batch 972 begin: 8 subjects (926e23c3-7a72-525e-a223-9b07991880d7 .. 927faf88-ae57-5e2f-8c53-3a8b3c2da742), None us, 0 findings
Systems effective audit batch 973 begin: 8 subjects (9280757c-7318-520c-b6ad-1304b9e36b3e .. 9299ae63-b106-5bb4-920f-23de12bb2286), None us, 0 findings
Systems effective audit batch 972 end: 8 subjects (926e23c3-7a72-525e-a223-9b07991880d7 .. 927faf88-ae57-5e2f-8c53-3a8b3c2da742), Some(1555133) us, 0 findings
Systems effective audit batch 973 end: 8 subjects (9280757c-7318-520c-b6ad-1304b9e36b3e .. 9299ae63-b106-5bb4-920f-23de12bb2286), Some(1348391) us, 0 findings
Systems effective audit batch 974 begin: 8 subjects (929eb214-8132-5c48-b90d-5fa3ad9c5c8b .. 92cc2ecb-2911-5411-907c-2e1288b7e853), None us, 0 findings
Systems effective audit batch 975 begin: 8 subjects (92cf591d-5b2c-55db-83cd-227b2bc985c2 .. 92f1f2fe-f7fe-58f0-8880-9cf99f1cb55f), None us, 0 findings
Systems effective audit batch 974 end: 8 subjects (929eb214-8132-5c48-b90d-5fa3ad9c5c8b .. 92cc2ecb-2911-5411-907c-2e1288b7e853), Some(70) us, 0 findings
Systems effective audit batch 975 end: 8 subjects (92cf591d-5b2c-55db-83cd-227b2bc985c2 .. 92f1f2fe-f7fe-58f0-8880-9cf99f1cb55f), Some(1391452) us, 0 findings
Systems effective audit batch 976 begin: 8 subjects (92f4a414-822b-52a3-8581-e2a6f0c6eaeb .. 9303c252-3e5d-5630-86d9-de88adc47043), None us, 0 findings
Systems effective audit batch 977 begin: 8 subjects (930e3b85-5815-5233-afc7-4f94442012ac .. 9324f4c7-52e5-5f5d-80ee-65153e87bd7c), None us, 0 findings
Systems effective audit batch 976 end: 8 subjects (92f4a414-822b-52a3-8581-e2a6f0c6eaeb .. 9303c252-3e5d-5630-86d9-de88adc47043), Some(1337599) us, 0 findings
Systems effective audit batch 977 end: 8 subjects (930e3b85-5815-5233-afc7-4f94442012ac .. 9324f4c7-52e5-5f5d-80ee-65153e87bd7c), Some(66) us, 0 findings
Systems effective audit batch 978 begin: 8 subjects (93274bda-c686-5d66-87db-eb34f3e767c1 .. 9352e3a9-2ecd-560d-b6c9-2c4878e70e48), None us, 0 findings
Systems effective audit batch 979 begin: 8 subjects (935c69de-f4b4-548f-8c38-397f230945c6 .. 93844dfc-abcd-5e2d-a33b-4dbef7e522b1), None us, 0 findings
Systems effective audit batch 978 end: 8 subjects (93274bda-c686-5d66-87db-eb34f3e767c1 .. 9352e3a9-2ecd-560d-b6c9-2c4878e70e48), Some(174) us, 0 findings
Systems effective audit batch 979 end: 8 subjects (935c69de-f4b4-548f-8c38-397f230945c6 .. 93844dfc-abcd-5e2d-a33b-4dbef7e522b1), Some(67) us, 0 findings
Systems effective audit batch 980 begin: 8 subjects (93862c4c-8d97-5dad-b1b1-9bd5f571793b .. 93a1893f-2aab-58ab-985e-52b22981faae), None us, 0 findings
Systems effective audit batch 981 begin: 8 subjects (93a2fdc5-2624-5ee4-a0e2-4d6290bad602 .. 93ba4657-aabf-509c-9379-73ff09a1a16e), None us, 0 findings
Systems effective audit batch 980 end: 8 subjects (93862c4c-8d97-5dad-b1b1-9bd5f571793b .. 93a1893f-2aab-58ab-985e-52b22981faae), Some(83) us, 0 findings
Systems effective audit batch 981 end: 8 subjects (93a2fdc5-2624-5ee4-a0e2-4d6290bad602 .. 93ba4657-aabf-509c-9379-73ff09a1a16e), Some(71) us, 0 findings
Systems effective audit batch 982 begin: 8 subjects (93ba9b0d-17fd-5126-8bb0-dcdcb18be3d0 .. 93d13ab6-149e-56d6-9733-c9628294a23a), None us, 0 findings
Systems effective audit batch 983 begin: 8 subjects (93d715c4-c18e-5902-be27-b6bc2367ef8c .. 93f9a909-b22e-56b7-830d-88a507a14e8f), None us, 0 findings
Systems effective audit batch 982 end: 8 subjects (93ba9b0d-17fd-5126-8bb0-dcdcb18be3d0 .. 93d13ab6-149e-56d6-9733-c9628294a23a), Some(52554) us, 0 findings
Systems effective audit batch 983 end: 8 subjects (93d715c4-c18e-5902-be27-b6bc2367ef8c .. 93f9a909-b22e-56b7-830d-88a507a14e8f), Some(52) us, 0 findings
Systems effective audit batch 984 begin: 8 subjects (93fc226a-e684-57e3-b496-92d2bd00bfb0 .. 94156e86-dc5e-575a-9a2d-fcf12ba221c6), None us, 0 findings
Systems effective audit batch 985 begin: 8 subjects (9415acaf-b354-58cd-ab2e-0b58d16261cf .. 9432e64d-d6ab-5f87-a8b6-508edcbcd85f), None us, 0 findings
Systems effective audit batch 984 end: 8 subjects (93fc226a-e684-57e3-b496-92d2bd00bfb0 .. 94156e86-dc5e-575a-9a2d-fcf12ba221c6), Some(38937) us, 0 findings
Systems effective audit batch 985 end: 8 subjects (9415acaf-b354-58cd-ab2e-0b58d16261cf .. 9432e64d-d6ab-5f87-a8b6-508edcbcd85f), Some(58) us, 0 findings
Systems effective audit batch 986 begin: 8 subjects (9433892e-7e8e-5ad1-af37-0932a666024f .. 945c8ac2-4011-51ac-af98-fbcfb37de3a4), None us, 0 findings
Systems effective audit batch 987 begin: 8 subjects (94620b47-c63d-5623-bfe5-4e3660647156 .. 947104fe-290b-5b6b-8b89-d0311ed9255b), None us, 0 findings
Systems effective audit batch 986 end: 8 subjects (9433892e-7e8e-5ad1-af37-0932a666024f .. 945c8ac2-4011-51ac-af98-fbcfb37de3a4), Some(73) us, 0 findings
Systems effective audit batch 987 end: 8 subjects (94620b47-c63d-5623-bfe5-4e3660647156 .. 947104fe-290b-5b6b-8b89-d0311ed9255b), Some(11268389) us, 0 findings
Systems effective audit batch 988 begin: 8 subjects (94714f8a-ec92-5eb0-8293-c3e12f761e09 .. 94926b8d-ac57-5fe8-90a6-30d324c66725), None us, 0 findings
Systems effective audit batch 989 begin: 8 subjects (949e312c-cb12-5206-b64e-e2413777f052 .. 94f03cf1-0783-5f67-92f2-f5fafc7d9fe6), None us, 0 findings
Systems effective audit batch 988 end: 8 subjects (94714f8a-ec92-5eb0-8293-c3e12f761e09 .. 94926b8d-ac57-5fe8-90a6-30d324c66725), Some(14570) us, 0 findings
Systems effective audit batch 989 end: 8 subjects (949e312c-cb12-5206-b64e-e2413777f052 .. 94f03cf1-0783-5f67-92f2-f5fafc7d9fe6), Some(899098) us, 0 findings
Systems effective audit batch 990 begin: 8 subjects (94f119ea-24b8-52e8-baa6-49a9f9717598 .. 950b78e4-3000-5d82-8ef3-4c213dbd49d4), None us, 0 findings
Systems effective audit batch 991 begin: 8 subjects (9513429d-9100-571e-81dc-fbb86d2ce4e7 .. 9529f962-4f8e-52e2-969e-8d56d6ef54c4), None us, 0 findings
Systems effective audit batch 990 end: 8 subjects (94f119ea-24b8-52e8-baa6-49a9f9717598 .. 950b78e4-3000-5d82-8ef3-4c213dbd49d4), Some(79) us, 0 findings
Systems effective audit batch 991 end: 8 subjects (9513429d-9100-571e-81dc-fbb86d2ce4e7 .. 9529f962-4f8e-52e2-969e-8d56d6ef54c4), Some(96) us, 0 findings
Systems effective audit batch 992 begin: 8 subjects (9533cf39-f627-5de4-9abe-792e8c9997ff .. 9557cda5-c239-5be3-b1c6-90d41e6c4911), None us, 0 findings
Systems effective audit batch 993 begin: 8 subjects (955aeb85-0ea3-540e-ae54-eb4f0b38c63f .. 95841f64-89c7-5cfd-974f-97f2f07c3967), None us, 0 findings
Systems effective audit batch 992 end: 8 subjects (9533cf39-f627-5de4-9abe-792e8c9997ff .. 9557cda5-c239-5be3-b1c6-90d41e6c4911), Some(1792345) us, 0 findings
Systems effective audit batch 993 end: 8 subjects (955aeb85-0ea3-540e-ae54-eb4f0b38c63f .. 95841f64-89c7-5cfd-974f-97f2f07c3967), Some(653006) us, 0 findings
Systems effective audit batch 994 begin: 8 subjects (9587ff77-cd19-5ee5-96d1-162dc8408ad7 .. 9595d696-ee3e-52a3-a638-8ce0f753dec7), None us, 0 findings
Systems effective audit batch 995 begin: 8 subjects (959cfb0f-3f1c-51d1-ae96-51e42ba6563c .. 95c477e5-0c92-509c-a296-61a1eeb80252), None us, 0 findings
Systems effective audit batch 994 end: 8 subjects (9587ff77-cd19-5ee5-96d1-162dc8408ad7 .. 9595d696-ee3e-52a3-a638-8ce0f753dec7), Some(1835812) us, 0 findings
Systems effective audit batch 995 end: 8 subjects (959cfb0f-3f1c-51d1-ae96-51e42ba6563c .. 95c477e5-0c92-509c-a296-61a1eeb80252), Some(63) us, 0 findings
Systems effective audit batch 996 begin: 8 subjects (95ccabb8-4431-534e-91be-0b25f3daa046 .. 95e3ee69-0e68-5dfc-a7ed-368fefe2e8e9), None us, 0 findings
Systems effective audit batch 997 begin: 8 subjects (95e41218-653e-5db8-be82-c93fa75b05db .. 95ff1d77-1f23-547a-acf1-1d80bfd74ca6), None us, 0 findings
Systems effective audit batch 996 end: 8 subjects (95ccabb8-4431-534e-91be-0b25f3daa046 .. 95e3ee69-0e68-5dfc-a7ed-368fefe2e8e9), Some(115) us, 0 findings
Systems effective audit batch 997 end: 8 subjects (95e41218-653e-5db8-be82-c93fa75b05db .. 95ff1d77-1f23-547a-acf1-1d80bfd74ca6), Some(2741056) us, 0 findings
Systems effective audit batch 998 begin: 8 subjects (960239c0-c512-5a64-b49f-9dc43f04e927 .. 961e4319-d880-5635-98fe-20df6aedb30f), None us, 0 findings
Systems effective audit batch 999 begin: 8 subjects (961f6234-b279-5c7e-bce0-dcb3a8188175 .. 964f7442-aa73-5297-a694-d9a733889e10), None us, 0 findings
Systems effective audit batch 998 end: 8 subjects (960239c0-c512-5a64-b49f-9dc43f04e927 .. 961e4319-d880-5635-98fe-20df6aedb30f), Some(123) us, 0 findings
Systems effective audit batch 999 end: 8 subjects (961f6234-b279-5c7e-bce0-dcb3a8188175 .. 964f7442-aa73-5297-a694-d9a733889e10), Some(1082142) us, 0 findings
Systems effective audit batch 1000 begin: 8 subjects (96503f69-db05-5217-8b04-cd1b5f2214fb .. 9669b1a0-ac8c-5647-a209-985c81e484f6), None us, 0 findings
Systems effective audit batch 1001 begin: 8 subjects (9671c118-fe1a-5cd0-bba6-3750d1a044fb .. 9688ed02-d943-51ac-9837-58e3d0e5dccf), None us, 0 findings
Systems effective audit batch 1000 end: 8 subjects (96503f69-db05-5217-8b04-cd1b5f2214fb .. 9669b1a0-ac8c-5647-a209-985c81e484f6), Some(856169) us, 0 findings
Systems effective audit batch 1001 end: 8 subjects (9671c118-fe1a-5cd0-bba6-3750d1a044fb .. 9688ed02-d943-51ac-9837-58e3d0e5dccf), Some(343692) us, 0 findings
Systems effective audit batch 1002 begin: 8 subjects (968cc02c-5fe6-5e40-b543-656f7eee05b5 .. 96ab5711-fc9b-5dba-9bdb-8ad59c1ee9c7), None us, 0 findings
Systems effective audit batch 1003 begin: 8 subjects (96afd714-35c1-5dc3-98e4-75db2d09fd9c .. 96d92f3d-d2ac-55b0-bdc1-d6c18322f1e9), None us, 0 findings
Systems effective audit batch 1002 end: 8 subjects (968cc02c-5fe6-5e40-b543-656f7eee05b5 .. 96ab5711-fc9b-5dba-9bdb-8ad59c1ee9c7), Some(72) us, 0 findings
Systems effective audit batch 1003 end: 8 subjects (96afd714-35c1-5dc3-98e4-75db2d09fd9c .. 96d92f3d-d2ac-55b0-bdc1-d6c18322f1e9), Some(63) us, 0 findings
Systems effective audit batch 1004 begin: 8 subjects (96ddb7fb-8f33-579f-8daa-ecd9771ac374 .. 971d0a7c-f7c1-511c-91c9-70f85466798c), None us, 0 findings
Systems effective audit batch 1005 begin: 8 subjects (971fb03a-c5a8-5359-9833-fc005f10daad .. 97409bd9-504c-517f-b688-9ff0f677bb5f), None us, 0 findings
Systems effective audit batch 1004 end: 8 subjects (96ddb7fb-8f33-579f-8daa-ecd9771ac374 .. 971d0a7c-f7c1-511c-91c9-70f85466798c), Some(78) us, 0 findings
Systems effective audit batch 1005 end: 8 subjects (971fb03a-c5a8-5359-9833-fc005f10daad .. 97409bd9-504c-517f-b688-9ff0f677bb5f), Some(1620519) us, 0 findings
Systems effective audit batch 1006 begin: 8 subjects (97449103-846f-514a-833c-1455f0d16835 .. 975d3774-20e5-5f0b-ac66-616b81fa400a), None us, 0 findings
Systems effective audit batch 1007 begin: 8 subjects (975f8cdd-63d6-5d11-a584-097080e1ba37 .. 977c9fae-7fed-541e-9a93-79d60dcd7050), None us, 0 findings
Systems effective audit batch 1006 end: 8 subjects (97449103-846f-514a-833c-1455f0d16835 .. 975d3774-20e5-5f0b-ac66-616b81fa400a), Some(336900) us, 0 findings
Systems effective audit batch 1007 end: 8 subjects (975f8cdd-63d6-5d11-a584-097080e1ba37 .. 977c9fae-7fed-541e-9a93-79d60dcd7050), Some(3041666) us, 0 findings
Systems effective audit batch 1008 begin: 8 subjects (977cdfc3-e598-54e7-b6d3-15f6d73e9c39 .. 97aa0b3c-3379-5339-8aef-38e5b62b25eb), None us, 0 findings
Systems effective audit batch 1009 begin: 8 subjects (97b298b4-c20f-5048-bb7d-abc98ff388d2 .. 97dbd5fa-4134-581f-b32d-7cdd4d12d5e2), None us, 0 findings
Systems effective audit batch 1008 end: 8 subjects (977cdfc3-e598-54e7-b6d3-15f6d73e9c39 .. 97aa0b3c-3379-5339-8aef-38e5b62b25eb), Some(70) us, 0 findings
Systems effective audit batch 1009 end: 8 subjects (97b298b4-c20f-5048-bb7d-abc98ff388d2 .. 97dbd5fa-4134-581f-b32d-7cdd4d12d5e2), Some(73) us, 0 findings
Systems effective audit batch 1010 begin: 8 subjects (97e1e7b2-147a-5efe-abe3-4d199ac2260e .. 98165057-e5c7-5376-bfd6-75cd86516699), None us, 0 findings
Systems effective audit batch 1011 begin: 8 subjects (981b9d76-8f40-52c9-99db-392075c10b8a .. 983852fd-fc3c-55f2-98a4-acd43ac50ca6), None us, 0 findings
Systems effective audit batch 1010 end: 8 subjects (97e1e7b2-147a-5efe-abe3-4d199ac2260e .. 98165057-e5c7-5376-bfd6-75cd86516699), Some(70) us, 0 findings
Systems effective audit batch 1011 end: 8 subjects (981b9d76-8f40-52c9-99db-392075c10b8a .. 983852fd-fc3c-55f2-98a4-acd43ac50ca6), Some(51) us, 0 findings
Systems effective audit batch 1012 begin: 8 subjects (98394672-229d-5c9d-99c3-e7f5f5063415 .. 98623069-d570-5460-bd7a-4a0d0fca0856), None us, 0 findings
Systems effective audit batch 1013 begin: 8 subjects (986404a1-9054-5872-9333-d550972f81c7 .. 988a47e0-66a6-576e-85d5-f5dee6838b28), None us, 0 findings
Systems effective audit batch 1012 end: 8 subjects (98394672-229d-5c9d-99c3-e7f5f5063415 .. 98623069-d570-5460-bd7a-4a0d0fca0856), Some(67) us, 0 findings
Systems effective audit batch 1013 end: 8 subjects (986404a1-9054-5872-9333-d550972f81c7 .. 988a47e0-66a6-576e-85d5-f5dee6838b28), Some(88) us, 0 findings
Systems effective audit batch 1014 begin: 8 subjects (988bdb15-ca6b-5173-8f55-9c3441d225a0 .. 98be8ac5-f664-5ca5-9ffc-11e893887a2f), None us, 0 findings
Systems effective audit batch 1015 begin: 8 subjects (98c30374-e65a-579b-be50-0d23d18160d8 .. 98fd12a3-ed1b-5314-8a06-771951626605), None us, 0 findings
Systems effective audit batch 1014 end: 8 subjects (988bdb15-ca6b-5173-8f55-9c3441d225a0 .. 98be8ac5-f664-5ca5-9ffc-11e893887a2f), Some(1210227) us, 0 findings
Systems effective audit batch 1015 end: 8 subjects (98c30374-e65a-579b-be50-0d23d18160d8 .. 98fd12a3-ed1b-5314-8a06-771951626605), Some(2605532) us, 0 findings
Systems effective audit batch 1016 begin: 8 subjects (9902b4fd-0bb2-5952-9e65-126f4c08c3c0 .. 99175d67-d0a9-529f-82d2-3ac1a1531aa4), None us, 0 findings
Systems effective audit batch 1017 begin: 8 subjects (991b4a66-a94f-5061-911f-3cf6f467fd5d .. 99370345-c2b2-591c-8efa-ca49e8e1948d), None us, 0 findings
Systems effective audit batch 1016 end: 8 subjects (9902b4fd-0bb2-5952-9e65-126f4c08c3c0 .. 99175d67-d0a9-529f-82d2-3ac1a1531aa4), Some(1379230) us, 0 findings
Systems effective audit batch 1017 end: 8 subjects (991b4a66-a94f-5061-911f-3cf6f467fd5d .. 99370345-c2b2-591c-8efa-ca49e8e1948d), Some(70) us, 0 findings
Systems effective audit batch 1018 begin: 8 subjects (9937fb4c-a892-5f29-8024-7f30b77c8219 .. 99549428-cfca-578d-bed2-36caaee7b890), None us, 0 findings
Systems effective audit batch 1019 begin: 8 subjects (9954b108-462d-5882-ae95-6064f520bcdf .. 996679a7-c787-516e-825c-e141778dde33), None us, 0 findings
Systems effective audit batch 1018 end: 8 subjects (9937fb4c-a892-5f29-8024-7f30b77c8219 .. 99549428-cfca-578d-bed2-36caaee7b890), Some(71) us, 0 findings
Systems effective audit batch 1019 end: 8 subjects (9954b108-462d-5882-ae95-6064f520bcdf .. 996679a7-c787-516e-825c-e141778dde33), Some(71) us, 0 findings
Systems effective audit batch 1020 begin: 8 subjects (9966b7ee-ee31-5e79-87d1-ff7f5a7965e5 .. 9986f931-353b-5fc2-add9-12f409f8b5c0), None us, 0 findings
Systems effective audit batch 1021 begin: 8 subjects (9988cd58-3003-5517-8e00-03dbc72392b7 .. 99a4c023-3949-552c-b257-5f1e1f78e031), None us, 0 findings
Systems effective audit batch 1020 end: 8 subjects (9966b7ee-ee31-5e79-87d1-ff7f5a7965e5 .. 9986f931-353b-5fc2-add9-12f409f8b5c0), Some(56) us, 0 findings
Systems effective audit batch 1021 end: 8 subjects (9988cd58-3003-5517-8e00-03dbc72392b7 .. 99a4c023-3949-552c-b257-5f1e1f78e031), Some(68) us, 0 findings
Systems effective audit batch 1022 begin: 8 subjects (99a5fdae-0017-5524-9ac1-a940401522cf .. 99b0ee18-a4bb-5ed5-b1a0-87ad1c9ca805), None us, 0 findings
Systems effective audit batch 1023 begin: 8 subjects (99bf08cc-7154-5a91-bba1-3bb3ceea1bd1 .. 99d39f93-c4f7-5810-a3a7-022d273ef099), None us, 0 findings
Systems effective audit batch 1022 end: 8 subjects (99a5fdae-0017-5524-9ac1-a940401522cf .. 99b0ee18-a4bb-5ed5-b1a0-87ad1c9ca805), Some(273023) us, 0 findings
Systems effective audit batch 1023 end: 8 subjects (99bf08cc-7154-5a91-bba1-3bb3ceea1bd1 .. 99d39f93-c4f7-5810-a3a7-022d273ef099), Some(60) us, 0 findings
Systems effective audit batch 1024 begin: 8 subjects (99d61f4f-f82b-5f4d-bc53-8cc2531bd3db .. 9a0ff9bd-a96b-53cd-ba4a-6d6e2b1b3844), None us, 0 findings
Systems effective audit batch 1025 begin: 8 subjects (9a14cf49-a89f-5ec5-a193-4739456d7d7d .. 9a2a799f-5ad7-558f-a790-b2f928a24eb4), None us, 0 findings
Systems effective audit batch 1024 end: 8 subjects (99d61f4f-f82b-5f4d-bc53-8cc2531bd3db .. 9a0ff9bd-a96b-53cd-ba4a-6d6e2b1b3844), Some(679033) us, 0 findings
Systems effective audit batch 1025 end: 8 subjects (9a14cf49-a89f-5ec5-a193-4739456d7d7d .. 9a2a799f-5ad7-558f-a790-b2f928a24eb4), Some(75) us, 0 findings
Systems effective audit batch 1026 begin: 8 subjects (9a2b4ede-3a3e-5775-a5ec-02a038470d21 .. 9a538b11-e69a-5c09-a637-f54c300f6f7f), None us, 0 findings
Systems effective audit batch 1027 begin: 8 subjects (9a551875-8bae-55f6-b76a-adb25d6ae790 .. 9a841c99-27ed-5758-8962-4ce90f250014), None us, 0 findings
Systems effective audit batch 1026 end: 8 subjects (9a2b4ede-3a3e-5775-a5ec-02a038470d21 .. 9a538b11-e69a-5c09-a637-f54c300f6f7f), Some(3521862) us, 0 findings
Systems effective audit batch 1027 end: 8 subjects (9a551875-8bae-55f6-b76a-adb25d6ae790 .. 9a841c99-27ed-5758-8962-4ce90f250014), Some(652195) us, 0 findings
Systems effective audit batch 1028 begin: 8 subjects (9a8c7e38-2e9f-534e-b0c4-78af3c5c65df .. 9ab85d4d-1d84-516d-b7d9-1dbcc4ec602c), None us, 0 findings
Systems effective audit batch 1029 begin: 8 subjects (9abd4c38-48b9-597d-a8ec-9eb1693f13be .. 9ad6cfa6-90a3-5cca-b141-8af7c282fbd1), None us, 0 findings
Systems effective audit batch 1028 end: 8 subjects (9a8c7e38-2e9f-534e-b0c4-78af3c5c65df .. 9ab85d4d-1d84-516d-b7d9-1dbcc4ec602c), Some(728711) us, 0 findings
Systems effective audit batch 1029 end: 8 subjects (9abd4c38-48b9-597d-a8ec-9eb1693f13be .. 9ad6cfa6-90a3-5cca-b141-8af7c282fbd1), Some(70) us, 0 findings
Systems effective audit batch 1030 begin: 8 subjects (9add6582-756a-5377-a4e3-9a31fb3d32b6 .. 9aed316d-4ac9-5008-bd4a-dd9ce01f1e4f), None us, 0 findings
Systems effective audit batch 1031 begin: 8 subjects (9afb39c4-7f14-5fcd-b5cf-ac70c9182d29 .. 9b121c4a-68a2-512a-90e4-c6189783b0e8), None us, 0 findings
Systems effective audit batch 1030 end: 8 subjects (9add6582-756a-5377-a4e3-9a31fb3d32b6 .. 9aed316d-4ac9-5008-bd4a-dd9ce01f1e4f), Some(68) us, 0 findings
Systems effective audit batch 1031 end: 8 subjects (9afb39c4-7f14-5fcd-b5cf-ac70c9182d29 .. 9b121c4a-68a2-512a-90e4-c6189783b0e8), Some(71) us, 0 findings
Systems effective audit batch 1032 begin: 8 subjects (9b155e86-9a65-512d-beb7-a6346adf4d07 .. 9b42a2b9-6c1e-5f3e-b3e8-d04f88769da2), None us, 0 findings
Systems effective audit batch 1033 begin: 8 subjects (9b44d720-6b55-52bb-b36c-ea199556c375 .. 9b65181b-b16c-5a55-bf84-421ec1dd84d1), None us, 0 findings
Systems effective audit batch 1032 end: 8 subjects (9b155e86-9a65-512d-beb7-a6346adf4d07 .. 9b42a2b9-6c1e-5f3e-b3e8-d04f88769da2), Some(56) us, 0 findings
Systems effective audit batch 1033 end: 8 subjects (9b44d720-6b55-52bb-b36c-ea199556c375 .. 9b65181b-b16c-5a55-bf84-421ec1dd84d1), Some(73) us, 0 findings
Systems effective audit batch 1034 begin: 8 subjects (9b69e9cf-73a9-5931-a1cc-679f1688b954 .. 9b8879d2-d0d7-5959-98f8-fed1a61e68ad), None us, 0 findings
Systems effective audit batch 1035 begin: 8 subjects (9b88b2d2-4b95-52f6-90ee-030e3c98d73e .. 9ba24e37-b3cd-5e9e-b754-15c2b4df13c6), None us, 0 findings
Systems effective audit batch 1034 end: 8 subjects (9b69e9cf-73a9-5931-a1cc-679f1688b954 .. 9b8879d2-d0d7-5959-98f8-fed1a61e68ad), Some(2108014) us, 0 findings
Systems effective audit batch 1035 end: 8 subjects (9b88b2d2-4b95-52f6-90ee-030e3c98d73e .. 9ba24e37-b3cd-5e9e-b754-15c2b4df13c6), Some(2863532) us, 0 findings
Systems effective audit batch 1036 begin: 8 subjects (9baa811f-1fbe-5a60-a175-2bc44987efd1 .. 9bd861a3-591c-5760-a060-e2ebed0ee6b7), None us, 0 findings
Systems effective audit batch 1037 begin: 8 subjects (9be015dd-1cc9-598a-8906-4bc4430d27c2 .. 9c176e30-6f05-5798-bab2-fcea27294e1f), None us, 0 findings
Systems effective audit batch 1036 end: 8 subjects (9baa811f-1fbe-5a60-a175-2bc44987efd1 .. 9bd861a3-591c-5760-a060-e2ebed0ee6b7), Some(43485) us, 0 findings
Systems effective audit batch 1037 end: 8 subjects (9be015dd-1cc9-598a-8906-4bc4430d27c2 .. 9c176e30-6f05-5798-bab2-fcea27294e1f), Some(61) us, 0 findings
Systems effective audit batch 1038 begin: 8 subjects (9c17c90d-94df-54a7-8c99-95b2194782d7 .. 9c40555a-8b14-5050-870b-b8d6c92f7f9d), None us, 0 findings
Systems effective audit batch 1039 begin: 8 subjects (9c432942-2d19-5f52-811d-7c52ad8300fc .. 9c5fef08-26bb-5647-9752-6f01d2132ff4), None us, 0 findings
Systems effective audit batch 1038 end: 8 subjects (9c17c90d-94df-54a7-8c99-95b2194782d7 .. 9c40555a-8b14-5050-870b-b8d6c92f7f9d), Some(58) us, 0 findings
Systems effective audit batch 1039 end: 8 subjects (9c432942-2d19-5f52-811d-7c52ad8300fc .. 9c5fef08-26bb-5647-9752-6f01d2132ff4), Some(65) us, 0 findings
Systems effective audit batch 1040 begin: 8 subjects (9c61d8a5-0e05-548f-9b8b-c9b5f6bbe117 .. 9c7fed27-13cf-5fc8-9462-f814ec804f69), None us, 0 findings
Systems effective audit batch 1041 begin: 8 subjects (9c80e382-6168-5edd-b4d9-76532743daf3 .. 9c96a70b-0d41-5177-aa8c-7549471d80d0), None us, 0 findings
Systems effective audit batch 1040 end: 8 subjects (9c61d8a5-0e05-548f-9b8b-c9b5f6bbe117 .. 9c7fed27-13cf-5fc8-9462-f814ec804f69), Some(58) us, 0 findings
Systems effective audit batch 1041 end: 8 subjects (9c80e382-6168-5edd-b4d9-76532743daf3 .. 9c96a70b-0d41-5177-aa8c-7549471d80d0), Some(56) us, 0 findings
Systems effective audit batch 1042 begin: 8 subjects (9c972321-9579-5141-8acf-617330054281 .. 9cb0fa49-35c5-5b19-87b5-c9f063da9bb2), None us, 0 findings
Systems effective audit batch 1043 begin: 8 subjects (9cb39a28-b7db-59f0-9b72-3580539f07f0 .. 9ce02e88-11d9-5afa-8fb5-8c1e265b4721), None us, 0 findings
Systems effective audit batch 1042 end: 8 subjects (9c972321-9579-5141-8acf-617330054281 .. 9cb0fa49-35c5-5b19-87b5-c9f063da9bb2), Some(1328723) us, 0 findings
Systems effective audit batch 1043 end: 8 subjects (9cb39a28-b7db-59f0-9b72-3580539f07f0 .. 9ce02e88-11d9-5afa-8fb5-8c1e265b4721), Some(9194667) us, 0 findings
Systems effective audit batch 1044 begin: 8 subjects (9ce1947a-5712-532b-9963-b826b48b35a6 .. 9d0de514-6961-5844-8f1d-b1d1edf284dd), None us, 0 findings
Systems effective audit batch 1045 begin: 8 subjects (9d0e0763-e16f-5a24-b75f-b8d8982d1432 .. 9d2a81a9-1ac9-5baf-950f-68b47432dc1e), None us, 0 findings
Systems effective audit batch 1044 end: 8 subjects (9ce1947a-5712-532b-9963-b826b48b35a6 .. 9d0de514-6961-5844-8f1d-b1d1edf284dd), Some(78) us, 0 findings
Systems effective audit batch 1045 end: 8 subjects (9d0e0763-e16f-5a24-b75f-b8d8982d1432 .. 9d2a81a9-1ac9-5baf-950f-68b47432dc1e), Some(61) us, 0 findings
Systems effective audit batch 1046 begin: 8 subjects (9d2b39da-659c-5a7d-9a8a-9e2b68198da1 .. 9d3dba92-f042-58ec-8b71-3514a93bc64f), None us, 0 findings
Systems effective audit batch 1047 begin: 8 subjects (9d3e6fd3-0ea3-5385-86a8-ddf313d00754 .. 9d4f4ba2-a7ce-5b34-a0ee-8e7aad916eb9), None us, 0 findings
Systems effective audit batch 1046 end: 8 subjects (9d2b39da-659c-5a7d-9a8a-9e2b68198da1 .. 9d3dba92-f042-58ec-8b71-3514a93bc64f), Some(52) us, 0 findings
Systems effective audit batch 1047 end: 8 subjects (9d3e6fd3-0ea3-5385-86a8-ddf313d00754 .. 9d4f4ba2-a7ce-5b34-a0ee-8e7aad916eb9), Some(697758) us, 0 findings
Systems effective audit batch 1048 begin: 8 subjects (9d4fd81e-6515-598e-8246-ebd79128d498 .. 9d8242ef-dd72-5640-8e34-2b122df3c6d8), None us, 0 findings
Systems effective audit batch 1049 begin: 8 subjects (9d898d8b-5c1f-5bb5-91ea-75cd03eddf69 .. 9dacf907-0a28-5e2b-a09b-d21f2d584eeb), None us, 0 findings
Systems effective audit batch 1048 end: 8 subjects (9d4fd81e-6515-598e-8246-ebd79128d498 .. 9d8242ef-dd72-5640-8e34-2b122df3c6d8), Some(92) us, 0 findings
Systems effective audit batch 1049 end: 8 subjects (9d898d8b-5c1f-5bb5-91ea-75cd03eddf69 .. 9dacf907-0a28-5e2b-a09b-d21f2d584eeb), Some(77) us, 0 findings
Systems effective audit batch 1050 begin: 8 subjects (9dc5e144-6c45-5be4-a4bd-e73f5cc2f80e .. 9de13275-81be-5988-aca3-3314d9d14fa2), None us, 0 findings
Systems effective audit batch 1051 begin: 8 subjects (9de2e848-8302-5469-ad4f-48d9cf649849 .. 9e1f91bb-18d2-5066-8708-f0d33cf9407d), None us, 0 findings
Systems effective audit batch 1050 end: 8 subjects (9dc5e144-6c45-5be4-a4bd-e73f5cc2f80e .. 9de13275-81be-5988-aca3-3314d9d14fa2), Some(59) us, 0 findings
Systems effective audit batch 1051 end: 8 subjects (9de2e848-8302-5469-ad4f-48d9cf649849 .. 9e1f91bb-18d2-5066-8708-f0d33cf9407d), Some(4307870) us, 0 findings
Systems effective audit batch 1052 begin: 8 subjects (9e2498b0-13ee-50e3-978e-6ef8ee987526 .. 9e4de693-027d-5f6d-be5a-87cd5f6374de), None us, 0 findings
Systems effective audit batch 1053 begin: 8 subjects (9e52545b-6185-510d-911f-e0fde01fd440 .. 9e5e7a13-eb65-5c1c-b708-fc5c75d8b01c), None us, 0 findings
Systems effective audit batch 1052 end: 8 subjects (9e2498b0-13ee-50e3-978e-6ef8ee987526 .. 9e4de693-027d-5f6d-be5a-87cd5f6374de), Some(77) us, 0 findings
Systems effective audit batch 1053 end: 8 subjects (9e52545b-6185-510d-911f-e0fde01fd440 .. 9e5e7a13-eb65-5c1c-b708-fc5c75d8b01c), Some(770861) us, 0 findings
Systems effective audit batch 1054 begin: 8 subjects (9e619003-56aa-5d9b-83c8-3171a033ce1c .. 9e76a282-9419-5a65-8768-0aac4b6f1d17), None us, 0 findings
Systems effective audit batch 1055 begin: 8 subjects (9e81539e-5e01-55f9-bf8b-5c904709aeeb .. 9e95ab2e-1c1c-53d6-aabf-ffe96766dc59), None us, 0 findings
Systems effective audit batch 1054 end: 8 subjects (9e619003-56aa-5d9b-83c8-3171a033ce1c .. 9e76a282-9419-5a65-8768-0aac4b6f1d17), Some(98) us, 0 findings
Systems effective audit batch 1055 end: 8 subjects (9e81539e-5e01-55f9-bf8b-5c904709aeeb .. 9e95ab2e-1c1c-53d6-aabf-ffe96766dc59), Some(64) us, 0 findings
Systems effective audit batch 1056 begin: 8 subjects (9e969890-dfe1-59df-927b-2a157fabde12 .. 9ecdac10-7ef2-5943-a1ce-9dfd358f7322), None us, 0 findings
Systems effective audit batch 1057 begin: 8 subjects (9ed6415d-5455-5747-9010-28d81c696363 .. 9ef9813c-4b6b-5d37-ac89-d02d71a1c050), None us, 0 findings
Systems effective audit batch 1056 end: 8 subjects (9e969890-dfe1-59df-927b-2a157fabde12 .. 9ecdac10-7ef2-5943-a1ce-9dfd358f7322), Some(76) us, 0 findings
Systems effective audit batch 1057 end: 8 subjects (9ed6415d-5455-5747-9010-28d81c696363 .. 9ef9813c-4b6b-5d37-ac89-d02d71a1c050), Some(550617) us, 0 findings
Systems effective audit batch 1058 begin: 8 subjects (9f022438-20b7-55f6-8280-6bfcfc1ec602 .. 9f1e190d-ef6c-5e4f-8e75-fc428abca65b), None us, 0 findings
Systems effective audit batch 1059 begin: 8 subjects (9f20eed9-f475-51a4-97c7-62ae35784265 .. 9f4217f5-8f61-546d-85b5-423f2a2ec87d), None us, 0 findings
Systems effective audit batch 1058 end: 8 subjects (9f022438-20b7-55f6-8280-6bfcfc1ec602 .. 9f1e190d-ef6c-5e4f-8e75-fc428abca65b), Some(3748809) us, 0 findings
Systems effective audit batch 1059 end: 8 subjects (9f20eed9-f475-51a4-97c7-62ae35784265 .. 9f4217f5-8f61-546d-85b5-423f2a2ec87d), Some(500220) us, 0 findings
Systems effective audit batch 1060 begin: 8 subjects (9f42dad9-930d-5cdb-b4a3-551dcffdcfc2 .. 9f52f70f-1c36-5189-8226-83595cdcc824), None us, 0 findings
Systems effective audit batch 1061 begin: 8 subjects (9f57fe7c-ec4a-5eae-aafa-83ea76fee6f1 .. 9f6faf55-da5e-57a5-ae1b-77b4bfb93e8e), None us, 0 findings
Systems effective audit batch 1060 end: 8 subjects (9f42dad9-930d-5cdb-b4a3-551dcffdcfc2 .. 9f52f70f-1c36-5189-8226-83595cdcc824), Some(71) us, 0 findings
Systems effective audit batch 1061 end: 8 subjects (9f57fe7c-ec4a-5eae-aafa-83ea76fee6f1 .. 9f6faf55-da5e-57a5-ae1b-77b4bfb93e8e), Some(63) us, 0 findings
Systems effective audit batch 1062 begin: 8 subjects (9f75b2df-c2e0-57e7-9285-1952683bfa52 .. 9fa4be95-986f-557d-9a79-ea7ef1bf8d70), None us, 0 findings
Systems effective audit batch 1063 begin: 8 subjects (9faa0db4-f47e-5bfa-b1a6-98eded3f4734 .. 9fd16df9-9aa3-54f6-96b6-ff58537afa37), None us, 0 findings
Systems effective audit batch 1062 end: 8 subjects (9f75b2df-c2e0-57e7-9285-1952683bfa52 .. 9fa4be95-986f-557d-9a79-ea7ef1bf8d70), Some(6292292) us, 0 findings
Systems effective audit batch 1063 end: 8 subjects (9faa0db4-f47e-5bfa-b1a6-98eded3f4734 .. 9fd16df9-9aa3-54f6-96b6-ff58537afa37), Some(61) us, 0 findings
Systems effective audit batch 1064 begin: 8 subjects (9fd69990-c5b5-5b06-8fdc-479365315835 .. 9fe74672-8465-5dd6-b8db-b4defadf4a0a), None us, 0 findings
Systems effective audit batch 1065 begin: 8 subjects (9fe8a175-e24f-53c4-8feb-64e9c4e450b6 .. 9fff07a1-61bb-500f-8235-56774fafefbb), None us, 0 findings
Systems effective audit batch 1064 end: 8 subjects (9fd69990-c5b5-5b06-8fdc-479365315835 .. 9fe74672-8465-5dd6-b8db-b4defadf4a0a), Some(77) us, 0 findings
Systems effective audit batch 1065 end: 8 subjects (9fe8a175-e24f-53c4-8feb-64e9c4e450b6 .. 9fff07a1-61bb-500f-8235-56774fafefbb), Some(62) us, 0 findings
Systems effective audit batch 1066 begin: 8 subjects (9fff9b16-8977-57c5-8335-0a53914c3e95 .. a02f7cd6-0ae0-5038-b09a-4c8269b94b8a), None us, 0 findings
Systems effective audit batch 1067 begin: 8 subjects (a0363088-c22b-5887-92f3-5a02d68a0361 .. a057aa10-ac17-525f-9579-a0ba008c5527), None us, 0 findings
Systems effective audit batch 1066 end: 8 subjects (9fff9b16-8977-57c5-8335-0a53914c3e95 .. a02f7cd6-0ae0-5038-b09a-4c8269b94b8a), Some(1004888) us, 0 findings
Systems effective audit batch 1067 end: 8 subjects (a0363088-c22b-5887-92f3-5a02d68a0361 .. a057aa10-ac17-525f-9579-a0ba008c5527), Some(1629017) us, 0 findings
Systems effective audit batch 1068 begin: 8 subjects (a06971e7-dd0b-5786-9ec2-778647d09553 .. a0867e24-1732-564e-b27d-e58b70e203bd), None us, 0 findings
Systems effective audit batch 1069 begin: 8 subjects (a086a94c-e620-5f70-a41e-d707c6726286 .. a09ce1cd-9483-583e-acd2-a9742f20a413), None us, 0 findings
Systems effective audit batch 1068 end: 8 subjects (a06971e7-dd0b-5786-9ec2-778647d09553 .. a0867e24-1732-564e-b27d-e58b70e203bd), Some(2988001) us, 0 findings
Systems effective audit batch 1069 end: 8 subjects (a086a94c-e620-5f70-a41e-d707c6726286 .. a09ce1cd-9483-583e-acd2-a9742f20a413), Some(1122504) us, 0 findings
Systems effective audit batch 1070 begin: 8 subjects (a0b2f301-17bf-595e-8671-1943c08ad42c .. a0d71eb1-e9f7-51e3-b20f-a541bcd3f34f), None us, 0 findings
Systems effective audit batch 1071 begin: 8 subjects (a0daa45e-2583-5ffb-8749-aeefffc99d25 .. a0fe6713-cc89-5dd2-b066-54fb4ad599d4), None us, 0 findings
Systems effective audit batch 1070 end: 8 subjects (a0b2f301-17bf-595e-8671-1943c08ad42c .. a0d71eb1-e9f7-51e3-b20f-a541bcd3f34f), Some(1039146) us, 0 findings
Systems effective audit batch 1071 end: 8 subjects (a0daa45e-2583-5ffb-8749-aeefffc99d25 .. a0fe6713-cc89-5dd2-b066-54fb4ad599d4), Some(58) us, 0 findings
Systems effective audit batch 1072 begin: 8 subjects (a10e5bef-9d2f-57c3-b1d8-b8c97117fab5 .. a121564b-b770-517c-a2b4-5f4c282ce674), None us, 0 findings
Systems effective audit batch 1073 begin: 8 subjects (a1293483-7a61-5701-9e69-aaf5901cfce7 .. a1407aa5-acee-500f-a73f-b43560243151), None us, 0 findings
Systems effective audit batch 1072 end: 8 subjects (a10e5bef-9d2f-57c3-b1d8-b8c97117fab5 .. a121564b-b770-517c-a2b4-5f4c282ce674), Some(66) us, 0 findings
Systems effective audit batch 1073 end: 8 subjects (a1293483-7a61-5701-9e69-aaf5901cfce7 .. a1407aa5-acee-500f-a73f-b43560243151), Some(58) us, 0 findings
Systems effective audit batch 1074 begin: 8 subjects (a1433e22-893c-561f-bed5-b436439cccda .. a158791a-27c3-5b14-96bb-ec7ad8cc09df), None us, 0 findings
Systems effective audit batch 1075 begin: 8 subjects (a159fcc1-2079-5b3f-81f5-fc61c9430f92 .. a1789fad-cc3a-5683-8d0d-ed9ca2f7d2e1), None us, 0 findings
Systems effective audit batch 1074 end: 8 subjects (a1433e22-893c-561f-bed5-b436439cccda .. a158791a-27c3-5b14-96bb-ec7ad8cc09df), Some(611828) us, 0 findings
Systems effective audit batch 1075 end: 8 subjects (a159fcc1-2079-5b3f-81f5-fc61c9430f92 .. a1789fad-cc3a-5683-8d0d-ed9ca2f7d2e1), Some(58) us, 0 findings
Systems effective audit batch 1076 begin: 8 subjects (a18277ce-9ce9-552a-a004-a5e81e7f288a .. a1aae324-c5fb-5d9e-bac7-093bb48a5c3b), None us, 0 findings
Systems effective audit batch 1077 begin: 8 subjects (a1af31f2-5430-5c90-a928-090d2ac8b382 .. a1c1e9c2-6879-5eb8-8563-be840cc4ff30), None us, 0 findings
Systems effective audit batch 1076 end: 8 subjects (a18277ce-9ce9-552a-a004-a5e81e7f288a .. a1aae324-c5fb-5d9e-bac7-093bb48a5c3b), Some(66) us, 0 findings
Systems effective audit batch 1077 end: 8 subjects (a1af31f2-5430-5c90-a928-090d2ac8b382 .. a1c1e9c2-6879-5eb8-8563-be840cc4ff30), Some(1510003) us, 0 findings
Systems effective audit batch 1078 begin: 8 subjects (a1d0fbde-c97a-5284-8903-ea6839f9aca9 .. a1dc6ed8-5bdc-5718-9ac4-a90965774c7b), None us, 0 findings
Systems effective audit batch 1079 begin: 8 subjects (a1e1b85e-a456-5616-bf5e-50aeaf7fa013 .. a1fd4c67-b47d-5670-8a3d-fc47bdd330eb), None us, 0 findings
Systems effective audit batch 1078 end: 8 subjects (a1d0fbde-c97a-5284-8903-ea6839f9aca9 .. a1dc6ed8-5bdc-5718-9ac4-a90965774c7b), Some(68) us, 0 findings
Systems effective audit batch 1079 end: 8 subjects (a1e1b85e-a456-5616-bf5e-50aeaf7fa013 .. a1fd4c67-b47d-5670-8a3d-fc47bdd330eb), Some(96) us, 0 findings
Systems effective audit batch 1080 begin: 8 subjects (a1fe29f0-1591-5cf3-b081-e20da4e83ae3 .. a2119528-2e45-5c59-82c5-25828219bcde), None us, 0 findings
Systems effective audit batch 1081 begin: 8 subjects (a2172c35-fef7-5493-b30b-fb823e401819 .. a229aefb-1f6a-58c4-9723-c007353af673), None us, 0 findings
Systems effective audit batch 1080 end: 8 subjects (a1fe29f0-1591-5cf3-b081-e20da4e83ae3 .. a2119528-2e45-5c59-82c5-25828219bcde), Some(2423065) us, 0 findings
Systems effective audit batch 1081 end: 8 subjects (a2172c35-fef7-5493-b30b-fb823e401819 .. a229aefb-1f6a-58c4-9723-c007353af673), Some(95) us, 0 findings
Systems effective audit batch 1082 begin: 8 subjects (a22d70c7-1f38-5f37-a176-acf1eec6720d .. a2494502-185d-5bf1-8ff3-c923b05b85a0), None us, 0 findings
Systems effective audit batch 1083 begin: 8 subjects (a24a3d61-b82c-5486-a208-c43d56d4dccf .. a275eda5-d0d3-5a0d-abb9-90d2dfd21ad5), None us, 0 findings
Systems effective audit batch 1082 end: 8 subjects (a22d70c7-1f38-5f37-a176-acf1eec6720d .. a2494502-185d-5bf1-8ff3-c923b05b85a0), Some(85) us, 0 findings
Systems effective audit batch 1083 end: 8 subjects (a24a3d61-b82c-5486-a208-c43d56d4dccf .. a275eda5-d0d3-5a0d-abb9-90d2dfd21ad5), Some(56) us, 0 findings
Systems effective audit batch 1084 begin: 8 subjects (a276ff53-aa65-5d1b-8a7a-04b6cb83f237 .. a2a8bf70-251a-5868-817c-2b0411ea0726), None us, 0 findings
Systems effective audit batch 1085 begin: 8 subjects (a2af9a9c-66e2-52d0-a96b-e29c64f006d6 .. a2d19675-01ce-5a1a-83dc-ff1cc74ead6c), None us, 0 findings
Systems effective audit batch 1084 end: 8 subjects (a276ff53-aa65-5d1b-8a7a-04b6cb83f237 .. a2a8bf70-251a-5868-817c-2b0411ea0726), Some(2699142) us, 0 findings
Systems effective audit batch 1085 end: 8 subjects (a2af9a9c-66e2-52d0-a96b-e29c64f006d6 .. a2d19675-01ce-5a1a-83dc-ff1cc74ead6c), Some(66) us, 0 findings
Systems effective audit batch 1086 begin: 8 subjects (a2d55ec5-11a0-51e1-856d-ae67654070d0 .. a2e4b3fa-ecc2-5efe-8237-3bbc4684bea2), None us, 0 findings
Systems effective audit batch 1087 begin: 8 subjects (a2eab5c7-09fc-5ede-9f55-be84fe3b00f5 .. a3137e05-98e2-5dca-b068-ef70b19df43b), None us, 0 findings
Systems effective audit batch 1086 end: 8 subjects (a2d55ec5-11a0-51e1-856d-ae67654070d0 .. a2e4b3fa-ecc2-5efe-8237-3bbc4684bea2), Some(60531) us, 0 findings
Systems effective audit batch 1087 end: 8 subjects (a2eab5c7-09fc-5ede-9f55-be84fe3b00f5 .. a3137e05-98e2-5dca-b068-ef70b19df43b), Some(93) us, 0 findings
Systems effective audit batch 1088 begin: 8 subjects (a31c1278-1339-5873-bffa-1f66e87ea518 .. a32f1057-46c9-54ec-abef-0970c5b1b5ce), None us, 0 findings
Systems effective audit batch 1089 begin: 8 subjects (a33b9c88-8872-5c17-98f7-4d2756c5d88a .. a357fd4c-bac8-556f-98b1-d87ff0124a6d), None us, 0 findings
Systems effective audit batch 1088 end: 8 subjects (a31c1278-1339-5873-bffa-1f66e87ea518 .. a32f1057-46c9-54ec-abef-0970c5b1b5ce), Some(1621954) us, 0 findings
Systems effective audit batch 1089 end: 8 subjects (a33b9c88-8872-5c17-98f7-4d2756c5d88a .. a357fd4c-bac8-556f-98b1-d87ff0124a6d), Some(77) us, 0 findings
Systems effective audit batch 1090 begin: 8 subjects (a35a8ee9-e325-5e0c-ae22-48d115c37003 .. a37ba36a-af87-5c6a-aef7-3570624e393f), None us, 0 findings
Systems effective audit batch 1091 begin: 8 subjects (a384d5c1-f441-51b9-811c-7cfd2fa71577 .. a39f2c25-4fac-5356-948d-b7fe09212208), None us, 0 findings
Systems effective audit batch 1090 end: 8 subjects (a35a8ee9-e325-5e0c-ae22-48d115c37003 .. a37ba36a-af87-5c6a-aef7-3570624e393f), Some(65) us, 0 findings
Systems effective audit batch 1091 end: 8 subjects (a384d5c1-f441-51b9-811c-7cfd2fa71577 .. a39f2c25-4fac-5356-948d-b7fe09212208), Some(65) us, 0 findings
Systems effective audit batch 1092 begin: 8 subjects (a3a34caf-e232-5d8b-9d6a-5ebf0387e214 .. a3ae6374-064d-508a-8256-1ac8dfc4cded), None us, 0 findings
Systems effective audit batch 1093 begin: 8 subjects (a3ae8337-7178-5e79-a409-b31e451fdecb .. a3cd01a5-aaeb-5878-ac61-3c028874b902), None us, 0 findings
Systems effective audit batch 1092 end: 8 subjects (a3a34caf-e232-5d8b-9d6a-5ebf0387e214 .. a3ae6374-064d-508a-8256-1ac8dfc4cded), Some(157886) us, 0 findings
Systems effective audit batch 1093 end: 8 subjects (a3ae8337-7178-5e79-a409-b31e451fdecb .. a3cd01a5-aaeb-5878-ac61-3c028874b902), Some(75) us, 0 findings
Systems effective audit batch 1094 begin: 8 subjects (a3e12e45-6fe3-593d-ac31-c5a6a97d0bad .. a41815ba-1cd4-514b-a25a-0291af52c852), None us, 0 findings
Systems effective audit batch 1095 begin: 8 subjects (a41caf5d-46fb-579b-a13b-041fb895ad51 .. a42b78ec-d493-5e0f-a2c5-c10bc6169f72), None us, 0 findings
Systems effective audit batch 1094 end: 8 subjects (a3e12e45-6fe3-593d-ac31-c5a6a97d0bad .. a41815ba-1cd4-514b-a25a-0291af52c852), Some(68) us, 0 findings
Systems effective audit batch 1095 end: 8 subjects (a41caf5d-46fb-579b-a13b-041fb895ad51 .. a42b78ec-d493-5e0f-a2c5-c10bc6169f72), Some(58) us, 0 findings
Systems effective audit batch 1096 begin: 8 subjects (a42d5a65-817f-5fbb-9534-eb2d4ed0af4c .. a46c4746-cdab-5046-9629-395f13baa5b0), None us, 0 findings
Systems effective audit batch 1097 begin: 8 subjects (a46f31b6-9f00-58f5-a1d6-a926dc689462 .. a4b52dad-8314-53fe-accb-c83baee47616), None us, 0 findings
Systems effective audit batch 1096 end: 8 subjects (a42d5a65-817f-5fbb-9534-eb2d4ed0af4c .. a46c4746-cdab-5046-9629-395f13baa5b0), Some(135651) us, 0 findings
Systems effective audit batch 1097 end: 8 subjects (a46f31b6-9f00-58f5-a1d6-a926dc689462 .. a4b52dad-8314-53fe-accb-c83baee47616), Some(53) us, 0 findings
Systems effective audit batch 1098 begin: 8 subjects (a4b774b7-2b7c-5688-af7f-17295315dcea .. a5097cf2-7598-5427-bb6a-ca67871dc92d), None us, 0 findings
Systems effective audit batch 1099 begin: 8 subjects (a50b6ea6-5250-5c66-9679-e51c501be4d6 .. a51d267d-1901-5077-9a08-8c4748eaaccb), None us, 0 findings
Systems effective audit batch 1098 end: 8 subjects (a4b774b7-2b7c-5688-af7f-17295315dcea .. a5097cf2-7598-5427-bb6a-ca67871dc92d), Some(2789903) us, 0 findings
Systems effective audit batch 1099 end: 8 subjects (a50b6ea6-5250-5c66-9679-e51c501be4d6 .. a51d267d-1901-5077-9a08-8c4748eaaccb), Some(61) us, 0 findings
Systems effective audit batch 1100 begin: 8 subjects (a51d884f-e1d0-5118-a1ee-b124f85d5b88 .. a52ed4b9-6fe6-5c84-a3c2-1b2f11bb72b1), None us, 0 findings
Systems effective audit batch 1101 begin: 8 subjects (a5302213-35b2-564f-825d-7983dc39c84e .. a55cc16d-5828-59f2-84f2-9edefc6ae253), None us, 0 findings
Systems effective audit batch 1100 end: 8 subjects (a51d884f-e1d0-5118-a1ee-b124f85d5b88 .. a52ed4b9-6fe6-5c84-a3c2-1b2f11bb72b1), Some(5364601) us, 0 findings
Systems effective audit batch 1101 end: 8 subjects (a5302213-35b2-564f-825d-7983dc39c84e .. a55cc16d-5828-59f2-84f2-9edefc6ae253), Some(60) us, 0 findings
Systems effective audit batch 1102 begin: 8 subjects (a561cbed-6e51-5dc3-90c7-6641126344e4 .. a57a169b-4312-542a-9b5b-c81b88493b83), None us, 0 findings
Systems effective audit batch 1103 begin: 8 subjects (a583993e-a321-5c09-a5a1-5b23845df367 .. a5af04ba-a457-5f08-b2b7-2fd3ccbeeb24), None us, 0 findings
Systems effective audit batch 1102 end: 8 subjects (a561cbed-6e51-5dc3-90c7-6641126344e4 .. a57a169b-4312-542a-9b5b-c81b88493b83), Some(990565) us, 0 findings
Systems effective audit batch 1103 end: 8 subjects (a583993e-a321-5c09-a5a1-5b23845df367 .. a5af04ba-a457-5f08-b2b7-2fd3ccbeeb24), Some(66) us, 0 findings
Systems effective audit batch 1104 begin: 8 subjects (a5af79f8-f17d-5e7d-b850-623a8a8460df .. a5e1b417-5b42-50e2-9593-e99ef008edd8), None us, 0 findings
Systems effective audit batch 1105 begin: 8 subjects (a5f72384-d9d1-56d6-aa86-b7ff6d067cf1 .. a60b64fe-224c-564a-a5b2-d9a1e2b1cf3d), None us, 0 findings
Systems effective audit batch 1104 end: 8 subjects (a5af79f8-f17d-5e7d-b850-623a8a8460df .. a5e1b417-5b42-50e2-9593-e99ef008edd8), Some(63) us, 0 findings
Systems effective audit batch 1105 end: 8 subjects (a5f72384-d9d1-56d6-aa86-b7ff6d067cf1 .. a60b64fe-224c-564a-a5b2-d9a1e2b1cf3d), Some(58161) us, 0 findings
Systems effective audit batch 1106 begin: 8 subjects (a60fe34b-028b-507f-b5b4-50368eea98ae .. a62e46bd-128c-5aa1-892d-6e974393431a), None us, 0 findings
Systems effective audit batch 1107 begin: 8 subjects (a63850dc-c5ba-5f94-912d-e897000197ac .. a657bc3a-2571-51db-b8ac-b1e02bd45d7f), None us, 0 findings
Systems effective audit batch 1106 end: 8 subjects (a60fe34b-028b-507f-b5b4-50368eea98ae .. a62e46bd-128c-5aa1-892d-6e974393431a), Some(152918) us, 0 findings
Systems effective audit batch 1107 end: 8 subjects (a63850dc-c5ba-5f94-912d-e897000197ac .. a657bc3a-2571-51db-b8ac-b1e02bd45d7f), Some(63) us, 0 findings
Systems effective audit batch 1108 begin: 8 subjects (a668e1d7-27b7-58a0-8622-d8706586b218 .. a685c2a8-6568-5909-9f7f-822eaa3995b5), None us, 0 findings
Systems effective audit batch 1109 begin: 8 subjects (a6867b34-a262-51ef-a939-c0ee18d773ba .. a69f0b30-9d0d-556d-a388-91f2316ac784), None us, 0 findings
Systems effective audit batch 1108 end: 8 subjects (a668e1d7-27b7-58a0-8622-d8706586b218 .. a685c2a8-6568-5909-9f7f-822eaa3995b5), Some(65) us, 0 findings
Systems effective audit batch 1109 end: 8 subjects (a6867b34-a262-51ef-a939-c0ee18d773ba .. a69f0b30-9d0d-556d-a388-91f2316ac784), Some(4413771) us, 0 findings
Systems effective audit batch 1110 begin: 8 subjects (a6a63b29-e6ae-5632-b3f3-ca826e32232e .. a6cb4b54-267b-5a2f-bde7-719f68426985), None us, 0 findings
Systems effective audit batch 1111 begin: 8 subjects (a6ccb0a9-ce78-53ad-8de2-f56bbaccc61d .. a707e24d-a33b-5725-a0ea-2486e19d9a4e), None us, 0 findings
Systems effective audit batch 1110 end: 8 subjects (a6a63b29-e6ae-5632-b3f3-ca826e32232e .. a6cb4b54-267b-5a2f-bde7-719f68426985), Some(831628) us, 0 findings
Systems effective audit batch 1111 end: 8 subjects (a6ccb0a9-ce78-53ad-8de2-f56bbaccc61d .. a707e24d-a33b-5725-a0ea-2486e19d9a4e), Some(728254) us, 0 findings
Systems effective audit batch 1112 begin: 8 subjects (a70b223f-d5cf-52f0-a1ea-ded6a522782f .. a72e2101-4928-5e93-acca-1fd4db205fd9), None us, 0 findings
Systems effective audit batch 1113 begin: 8 subjects (a72e4bab-3c46-5d3d-b7a5-3e93154c5d10 .. a74843f4-a638-52e4-a8e3-c17d80e7feeb), None us, 0 findings
Systems effective audit batch 1112 end: 8 subjects (a70b223f-d5cf-52f0-a1ea-ded6a522782f .. a72e2101-4928-5e93-acca-1fd4db205fd9), Some(88) us, 0 findings
Systems effective audit batch 1113 end: 8 subjects (a72e4bab-3c46-5d3d-b7a5-3e93154c5d10 .. a74843f4-a638-52e4-a8e3-c17d80e7feeb), Some(998308) us, 0 findings
Systems effective audit batch 1114 begin: 8 subjects (a748c4b2-cf01-508b-b1bc-472ef625184d .. a76948bf-34a1-572f-aa2d-184678679ea7), None us, 0 findings
Systems effective audit batch 1115 begin: 8 subjects (a76ad787-2a17-5b04-8c26-dd4b90ee2495 .. a77a07b7-6157-52d6-8659-22ae06e9c537), None us, 0 findings
Systems effective audit batch 1114 end: 8 subjects (a748c4b2-cf01-508b-b1bc-472ef625184d .. a76948bf-34a1-572f-aa2d-184678679ea7), Some(3099711) us, 0 findings
Systems effective audit batch 1115 end: 8 subjects (a76ad787-2a17-5b04-8c26-dd4b90ee2495 .. a77a07b7-6157-52d6-8659-22ae06e9c537), Some(62) us, 0 findings
Systems effective audit batch 1116 begin: 8 subjects (a77c8926-62d3-552c-ac49-a6ef4d60f133 .. a7a222d6-264f-5b10-921d-c1d6963719cf), None us, 0 findings
Systems effective audit batch 1117 begin: 8 subjects (a7b37e39-07ee-5cf7-91e2-bf5b52a0a052 .. a7d71e9a-fce1-5e5c-a246-75f6dc6abad3), None us, 0 findings
Systems effective audit batch 1116 end: 8 subjects (a77c8926-62d3-552c-ac49-a6ef4d60f133 .. a7a222d6-264f-5b10-921d-c1d6963719cf), Some(4540295) us, 0 findings
Systems effective audit batch 1117 end: 8 subjects (a7b37e39-07ee-5cf7-91e2-bf5b52a0a052 .. a7d71e9a-fce1-5e5c-a246-75f6dc6abad3), Some(61) us, 0 findings
Systems effective audit batch 1118 begin: 8 subjects (a7ea5e8c-aff8-57cb-be06-eed3bf42be5b .. a7fb36b4-b372-5cbc-b6ec-077d8f5c3219), None us, 0 findings
Systems effective audit batch 1119 begin: 8 subjects (a80139c7-9a91-50fb-a51f-2d4d1952588c .. a81a13f7-7763-5152-95ea-59c90bb7c8f9), None us, 0 findings
Systems effective audit batch 1118 end: 8 subjects (a7ea5e8c-aff8-57cb-be06-eed3bf42be5b .. a7fb36b4-b372-5cbc-b6ec-077d8f5c3219), Some(73) us, 0 findings
Systems effective audit batch 1119 end: 8 subjects (a80139c7-9a91-50fb-a51f-2d4d1952588c .. a81a13f7-7763-5152-95ea-59c90bb7c8f9), Some(73) us, 0 findings
Systems effective audit batch 1120 begin: 8 subjects (a825abdb-b4ab-55d7-a4d0-2642b83df37a .. a844b2a1-4042-5028-a9bd-3eb2d1e78d03), None us, 0 findings
Systems effective audit batch 1121 begin: 8 subjects (a848c1d8-65c1-501b-b376-1bbaaa024c0b .. a85dac7e-59bd-57ac-b5cc-b333ced63227), None us, 0 findings
Systems effective audit batch 1120 end: 8 subjects (a825abdb-b4ab-55d7-a4d0-2642b83df37a .. a844b2a1-4042-5028-a9bd-3eb2d1e78d03), Some(3932577) us, 0 findings
Systems effective audit batch 1121 end: 8 subjects (a848c1d8-65c1-501b-b376-1bbaaa024c0b .. a85dac7e-59bd-57ac-b5cc-b333ced63227), Some(926367) us, 0 findings
Systems effective audit batch 1122 begin: 8 subjects (a85f219d-cb74-5084-a5d9-07f73808a67a .. a883998a-bcba-5997-b807-9d8576e3d66e), None us, 0 findings
Systems effective audit batch 1123 begin: 8 subjects (a8866426-cb88-5d58-9d96-68b538dea563 .. a8976b2a-f905-5eb0-b8df-56ef44e2e6ae), None us, 0 findings
Systems effective audit batch 1122 end: 8 subjects (a85f219d-cb74-5084-a5d9-07f73808a67a .. a883998a-bcba-5997-b807-9d8576e3d66e), Some(1576949) us, 0 findings
Systems effective audit batch 1123 end: 8 subjects (a8866426-cb88-5d58-9d96-68b538dea563 .. a8976b2a-f905-5eb0-b8df-56ef44e2e6ae), Some(3740800) us, 0 findings
Systems effective audit batch 1124 begin: 8 subjects (a89966c1-345e-599f-924a-9a520c94939b .. a8a7e159-d8e3-5368-bbd9-adf2253e23ad), None us, 0 findings
Systems effective audit batch 1125 begin: 8 subjects (a8a8a416-8e25-5dba-bee9-49e246717ef4 .. a8cb7232-3fe2-5674-8148-543bd6207d84), None us, 0 findings
Systems effective audit batch 1124 end: 8 subjects (a89966c1-345e-599f-924a-9a520c94939b .. a8a7e159-d8e3-5368-bbd9-adf2253e23ad), Some(71) us, 0 findings
Systems effective audit batch 1125 end: 8 subjects (a8a8a416-8e25-5dba-bee9-49e246717ef4 .. a8cb7232-3fe2-5674-8148-543bd6207d84), Some(5207811) us, 0 findings
Systems effective audit batch 1126 begin: 8 subjects (a8d00e87-bdb4-57d7-a472-afb31b89dd27 .. a8ee0247-9335-52ab-9803-48e555c774bc), None us, 0 findings
Systems effective audit batch 1127 begin: 8 subjects (a8f1ede3-1972-5fa3-86fc-031ec0d7878d .. a930f593-9582-5455-acf6-da5540628507), None us, 0 findings
Systems effective audit batch 1126 end: 8 subjects (a8d00e87-bdb4-57d7-a472-afb31b89dd27 .. a8ee0247-9335-52ab-9803-48e555c774bc), Some(68) us, 0 findings
Systems effective audit batch 1127 end: 8 subjects (a8f1ede3-1972-5fa3-86fc-031ec0d7878d .. a930f593-9582-5455-acf6-da5540628507), Some(62) us, 0 findings
Systems effective audit batch 1128 begin: 8 subjects (a9314d70-1320-5670-8d95-b9bd99e48fbe .. a94a0f09-e4d9-5e71-8974-4c3f791b026a), None us, 0 findings
Systems effective audit batch 1129 begin: 8 subjects (a94adc62-b970-5f5d-97b5-f8678f35c600 .. a96c2527-6150-5c62-b917-099619e56432), None us, 0 findings
Systems effective audit batch 1128 end: 8 subjects (a9314d70-1320-5670-8d95-b9bd99e48fbe .. a94a0f09-e4d9-5e71-8974-4c3f791b026a), Some(61) us, 0 findings
Systems effective audit batch 1129 end: 8 subjects (a94adc62-b970-5f5d-97b5-f8678f35c600 .. a96c2527-6150-5c62-b917-099619e56432), Some(67) us, 0 findings
Systems effective audit batch 1130 begin: 8 subjects (a9847f36-8c6c-5b43-b0b5-098cb9828010 .. a9b04f99-b64a-5bee-9a8d-a1c421898dd5), None us, 0 findings
Systems effective audit batch 1131 begin: 8 subjects (a9bbb777-c67e-53b7-a889-68238ce23da4 .. a9d9c5b7-f31f-5092-ac75-4b90afd3d53f), None us, 0 findings
Systems effective audit batch 1130 end: 8 subjects (a9847f36-8c6c-5b43-b0b5-098cb9828010 .. a9b04f99-b64a-5bee-9a8d-a1c421898dd5), Some(85) us, 0 findings
Systems effective audit batch 1131 end: 8 subjects (a9bbb777-c67e-53b7-a889-68238ce23da4 .. a9d9c5b7-f31f-5092-ac75-4b90afd3d53f), Some(82) us, 0 findings
Systems effective audit batch 1132 begin: 8 subjects (a9da220a-c9ae-53ea-81cc-d2968b121eaf .. aa06ff65-1bcf-5ea4-839b-10d0d092f5d4), None us, 0 findings
Systems effective audit batch 1133 begin: 8 subjects (aa0fba66-a981-5deb-8634-5e2e610a8a62 .. aa307c71-b7dc-599a-8327-eb8e8a1ff842), None us, 0 findings
Systems effective audit batch 1132 end: 8 subjects (a9da220a-c9ae-53ea-81cc-d2968b121eaf .. aa06ff65-1bcf-5ea4-839b-10d0d092f5d4), Some(92) us, 0 findings
Systems effective audit batch 1133 end: 8 subjects (aa0fba66-a981-5deb-8634-5e2e610a8a62 .. aa307c71-b7dc-599a-8327-eb8e8a1ff842), Some(70) us, 0 findings
Systems effective audit batch 1134 begin: 8 subjects (aa340bc5-30b9-51a8-86cb-5f81c3c32a07 .. aa499f3f-8e06-5353-a0b1-3d646b41caf0), None us, 0 findings
Systems effective audit batch 1135 begin: 8 subjects (aa4b66b2-6000-538c-b772-df20956e0fc5 .. aa62b503-5371-5715-b75a-8cb748e66003), None us, 0 findings
Systems effective audit batch 1134 end: 8 subjects (aa340bc5-30b9-51a8-86cb-5f81c3c32a07 .. aa499f3f-8e06-5353-a0b1-3d646b41caf0), Some(3149122) us, 0 findings
Systems effective audit batch 1135 end: 8 subjects (aa4b66b2-6000-538c-b772-df20956e0fc5 .. aa62b503-5371-5715-b75a-8cb748e66003), Some(63) us, 0 findings
Systems effective audit batch 1136 begin: 8 subjects (aa62d39c-d5d8-5275-b542-1c7f2b3b8601 .. aa908db8-fc63-5ba4-b440-e2a0c5a6c400), None us, 0 findings
Systems effective audit batch 1137 begin: 8 subjects (aa93f8b9-3dfd-5fe3-95f4-b5f0cf93d053 .. aac894c5-5d84-5c72-a166-fd9fce8465b5), None us, 0 findings
Systems effective audit batch 1136 end: 8 subjects (aa62d39c-d5d8-5275-b542-1c7f2b3b8601 .. aa908db8-fc63-5ba4-b440-e2a0c5a6c400), Some(73) us, 0 findings
Systems effective audit batch 1137 end: 8 subjects (aa93f8b9-3dfd-5fe3-95f4-b5f0cf93d053 .. aac894c5-5d84-5c72-a166-fd9fce8465b5), Some(87) us, 0 findings
Systems effective audit batch 1138 begin: 8 subjects (aac8a5c2-28c0-50d8-803c-0cb9dd0f3d96 .. aae5c45c-22f0-506f-9dab-3a66c0d32109), None us, 0 findings
Systems effective audit batch 1139 begin: 8 subjects (aaea96a7-c8ba-5be6-beee-0598d770aa0a .. ab0d2a03-85c5-581e-8710-1fab18a4043d), None us, 0 findings
Systems effective audit batch 1138 end: 8 subjects (aac8a5c2-28c0-50d8-803c-0cb9dd0f3d96 .. aae5c45c-22f0-506f-9dab-3a66c0d32109), Some(65) us, 0 findings
Systems effective audit batch 1139 end: 8 subjects (aaea96a7-c8ba-5be6-beee-0598d770aa0a .. ab0d2a03-85c5-581e-8710-1fab18a4043d), Some(1655238) us, 0 findings
Systems effective audit batch 1140 begin: 8 subjects (ab0e3cb6-9969-5102-8720-e1be47ae187c .. ab55d769-bcd2-5c88-a029-1c8510fe6dcf), None us, 0 findings
Systems effective audit batch 1141 begin: 8 subjects (ab5ea479-4684-59c1-a3a2-40ac58f8da8b .. ab797fcb-b77e-50b0-96da-0b8704d5d416), None us, 0 findings
Systems effective audit batch 1140 end: 8 subjects (ab0e3cb6-9969-5102-8720-e1be47ae187c .. ab55d769-bcd2-5c88-a029-1c8510fe6dcf), Some(90) us, 0 findings
Systems effective audit batch 1141 end: 8 subjects (ab5ea479-4684-59c1-a3a2-40ac58f8da8b .. ab797fcb-b77e-50b0-96da-0b8704d5d416), Some(2925549) us, 0 findings
Systems effective audit batch 1142 begin: 8 subjects (ab7c67e1-966a-53c6-b07f-79655cb6fcb7 .. ab901c78-1cf4-5b98-8376-21844386a5b5), None us, 0 findings
Systems effective audit batch 1143 begin: 8 subjects (ab964950-1963-53da-9042-8fececb9ddba .. abb4fde1-d55d-566b-8d61-529920d48da5), None us, 0 findings
Systems effective audit batch 1142 end: 8 subjects (ab7c67e1-966a-53c6-b07f-79655cb6fcb7 .. ab901c78-1cf4-5b98-8376-21844386a5b5), Some(69) us, 0 findings
Systems effective audit batch 1143 end: 8 subjects (ab964950-1963-53da-9042-8fececb9ddba .. abb4fde1-d55d-566b-8d61-529920d48da5), Some(63) us, 0 findings
Systems effective audit batch 1144 begin: 8 subjects (abb60ddf-a8e7-54cf-82e0-7faf77e44931 .. abf234f9-f3f5-55a8-9602-778181d28096), None us, 0 findings
Systems effective audit batch 1145 begin: 8 subjects (abfd9353-29df-50a3-b919-450294a6ebc6 .. ac2ac927-d4cc-5c17-a042-3b342758b238), None us, 0 findings
Systems effective audit batch 1144 end: 8 subjects (abb60ddf-a8e7-54cf-82e0-7faf77e44931 .. abf234f9-f3f5-55a8-9602-778181d28096), Some(62) us, 0 findings
Systems effective audit batch 1145 end: 8 subjects (abfd9353-29df-50a3-b919-450294a6ebc6 .. ac2ac927-d4cc-5c17-a042-3b342758b238), Some(62) us, 0 findings
Systems effective audit batch 1146 begin: 8 subjects (ac37dedf-5dcf-514c-8422-1e8be7692fe4 .. ac62488f-c516-5195-890b-9213a570cea0), None us, 0 findings
Systems effective audit batch 1147 begin: 8 subjects (ac6a7110-3c10-5d57-b1e4-0c6c8402b5f5 .. ac9fa6fc-93a8-5489-ba91-c19eb7148f6e), None us, 0 findings
Systems effective audit batch 1146 end: 8 subjects (ac37dedf-5dcf-514c-8422-1e8be7692fe4 .. ac62488f-c516-5195-890b-9213a570cea0), Some(2800852) us, 0 findings
Systems effective audit batch 1147 end: 8 subjects (ac6a7110-3c10-5d57-b1e4-0c6c8402b5f5 .. ac9fa6fc-93a8-5489-ba91-c19eb7148f6e), Some(99) us, 0 findings
Systems effective audit batch 1148 begin: 8 subjects (aca16a41-c5c1-5822-adb8-f37b25bffc6f .. acc357af-9620-572c-8274-6d60d7857c1b), None us, 0 findings
Systems effective audit batch 1149 begin: 8 subjects (acc62d64-0e3a-5b05-8aa4-498bf1c49056 .. ace97d88-cb11-59d2-b258-25e16dea0504), None us, 0 findings
Systems effective audit batch 1148 end: 8 subjects (aca16a41-c5c1-5822-adb8-f37b25bffc6f .. acc357af-9620-572c-8274-6d60d7857c1b), Some(75) us, 0 findings
Systems effective audit batch 1149 end: 8 subjects (acc62d64-0e3a-5b05-8aa4-498bf1c49056 .. ace97d88-cb11-59d2-b258-25e16dea0504), Some(58) us, 0 findings
Systems effective audit batch 1150 begin: 8 subjects (acee72aa-3e0c-5447-bde4-f464ed2d028c .. ad1a84a0-369c-515f-b16e-afaaab22f804), None us, 0 findings
Systems effective audit batch 1151 begin: 8 subjects (ad1f3a81-b4e3-5082-b032-ab6617c2a665 .. ad3e46cc-197c-5846-8ae9-0a957f620c0e), None us, 0 findings
Systems effective audit batch 1150 end: 8 subjects (acee72aa-3e0c-5447-bde4-f464ed2d028c .. ad1a84a0-369c-515f-b16e-afaaab22f804), Some(534388) us, 0 findings
Systems effective audit batch 1151 end: 8 subjects (ad1f3a81-b4e3-5082-b032-ab6617c2a665 .. ad3e46cc-197c-5846-8ae9-0a957f620c0e), Some(57) us, 0 findings
Systems effective audit batch 1152 begin: 8 subjects (ad3ed59c-5ad7-574f-9487-5e5c4b1dd080 .. ad5457af-9006-5505-9fce-d006a727ee8b), None us, 0 findings
Systems effective audit batch 1153 begin: 8 subjects (ad56996e-e660-57e8-8cdc-61282cd51689 .. ad733351-e7fe-58f5-85c8-9253d906b5b4), None us, 0 findings
Systems effective audit batch 1152 end: 8 subjects (ad3ed59c-5ad7-574f-9487-5e5c4b1dd080 .. ad5457af-9006-5505-9fce-d006a727ee8b), Some(73) us, 0 findings
Systems effective audit batch 1153 end: 8 subjects (ad56996e-e660-57e8-8cdc-61282cd51689 .. ad733351-e7fe-58f5-85c8-9253d906b5b4), Some(2932662) us, 0 findings
Systems effective audit batch 1154 begin: 8 subjects (ad77b952-b587-59cc-9fa6-794b2b33a82d .. ad96b6cf-e314-56a6-ad7d-a24b2e457688), None us, 0 findings
Systems effective audit batch 1155 begin: 8 subjects (ad9e0b8e-232f-5a20-b424-5456dda56d2f .. ada65de7-a649-5201-a340-608686ce23d2), None us, 0 findings
Systems effective audit batch 1154 end: 8 subjects (ad77b952-b587-59cc-9fa6-794b2b33a82d .. ad96b6cf-e314-56a6-ad7d-a24b2e457688), Some(561262) us, 0 findings
Systems effective audit batch 1155 end: 8 subjects (ad9e0b8e-232f-5a20-b424-5456dda56d2f .. ada65de7-a649-5201-a340-608686ce23d2), Some(690643) us, 0 findings
Systems effective audit batch 1156 begin: 8 subjects (ada6adc2-f803-52ae-92ec-e4494ecf8dab .. adcb130e-db11-54f5-8bc6-c02aab789a72), None us, 0 findings
Systems effective audit batch 1157 begin: 8 subjects (add0dfcf-d24f-5db5-944d-1fbcc05c5dce .. ae00ce79-28c5-576f-bd0c-dac7322423b9), None us, 0 findings
Systems effective audit batch 1156 end: 8 subjects (ada6adc2-f803-52ae-92ec-e4494ecf8dab .. adcb130e-db11-54f5-8bc6-c02aab789a72), Some(63) us, 0 findings
Systems effective audit batch 1157 end: 8 subjects (add0dfcf-d24f-5db5-944d-1fbcc05c5dce .. ae00ce79-28c5-576f-bd0c-dac7322423b9), Some(1919711) us, 0 findings
Systems effective audit batch 1158 begin: 8 subjects (ae0733fb-d1bf-5223-aa3d-04302d554b42 .. ae2304da-06ca-5490-a622-5210660d8949), None us, 0 findings
Systems effective audit batch 1159 begin: 8 subjects (ae24dcd8-5517-5cec-a36b-772127f12eec .. ae4026b3-9e43-50f4-8bc4-91f82eb1ad64), None us, 0 findings
Systems effective audit batch 1158 end: 8 subjects (ae0733fb-d1bf-5223-aa3d-04302d554b42 .. ae2304da-06ca-5490-a622-5210660d8949), Some(66) us, 0 findings
Systems effective audit batch 1159 end: 8 subjects (ae24dcd8-5517-5cec-a36b-772127f12eec .. ae4026b3-9e43-50f4-8bc4-91f82eb1ad64), Some(62) us, 0 findings
Systems effective audit batch 1160 begin: 8 subjects (ae41b8fb-d2bc-583f-82d7-eee00ba2fe2a .. ae59f4b9-10c3-57f5-a06b-047d8a400a06), None us, 0 findings
Systems effective audit batch 1161 begin: 8 subjects (ae5b89ab-be6e-5b21-9662-9eccfab366c0 .. ae7f4ea1-120b-547e-851b-04eeefa68ff9), None us, 0 findings
Systems effective audit batch 1160 end: 8 subjects (ae41b8fb-d2bc-583f-82d7-eee00ba2fe2a .. ae59f4b9-10c3-57f5-a06b-047d8a400a06), Some(66) us, 0 findings
Systems effective audit batch 1161 end: 8 subjects (ae5b89ab-be6e-5b21-9662-9eccfab366c0 .. ae7f4ea1-120b-547e-851b-04eeefa68ff9), Some(47) us, 0 findings
Systems effective audit batch 1162 begin: 8 subjects (ae7fa8b6-8fa6-58f3-9298-9bea9b78a0b1 .. ae8e6aa7-2927-5263-9530-c5c54980ff35), None us, 0 findings
Systems effective audit batch 1163 begin: 8 subjects (ae8f4c4c-00b4-5f39-a408-4e4376bb3e68 .. aeacd4e6-11c1-53a1-ad5d-e699676597f1), None us, 0 findings
Systems effective audit batch 1162 end: 8 subjects (ae7fa8b6-8fa6-58f3-9298-9bea9b78a0b1 .. ae8e6aa7-2927-5263-9530-c5c54980ff35), Some(64) us, 0 findings
Systems effective audit batch 1163 end: 8 subjects (ae8f4c4c-00b4-5f39-a408-4e4376bb3e68 .. aeacd4e6-11c1-53a1-ad5d-e699676597f1), Some(60) us, 0 findings
Systems effective audit batch 1164 begin: 8 subjects (aebe9894-b2e5-5503-a297-2b46940f63ea .. aed1e851-1d59-53d7-90cc-486ad3cd8db5), None us, 0 findings
Systems effective audit batch 1165 begin: 8 subjects (aedeff00-54a1-55fd-bdbc-30a65ade8234 .. aeebe197-0d68-51fe-9bb0-f0664cb3b6db), None us, 0 findings
Systems effective audit batch 1164 end: 8 subjects (aebe9894-b2e5-5503-a297-2b46940f63ea .. aed1e851-1d59-53d7-90cc-486ad3cd8db5), Some(4803303) us, 0 findings
Systems effective audit batch 1165 end: 8 subjects (aedeff00-54a1-55fd-bdbc-30a65ade8234 .. aeebe197-0d68-51fe-9bb0-f0664cb3b6db), Some(64) us, 0 findings
Systems effective audit batch 1166 begin: 8 subjects (aeee5a7d-9d6c-51d6-9892-1c912ebb9f8e .. af00972e-b395-5acc-ae46-e6f11a0efa3a), None us, 0 findings
Systems effective audit batch 1167 begin: 8 subjects (af017d38-b8cc-5193-8a59-454bcc216104 .. af2a02dc-4089-5390-9f8a-76455292e22d), None us, 0 findings
Systems effective audit batch 1166 end: 8 subjects (aeee5a7d-9d6c-51d6-9892-1c912ebb9f8e .. af00972e-b395-5acc-ae46-e6f11a0efa3a), Some(74) us, 0 findings
Systems effective audit batch 1167 end: 8 subjects (af017d38-b8cc-5193-8a59-454bcc216104 .. af2a02dc-4089-5390-9f8a-76455292e22d), Some(383255) us, 0 findings
Systems effective audit batch 1168 begin: 8 subjects (af2a3fdd-b565-5336-a540-0216269d021f .. af4a9dda-4ae9-53b4-87a0-c08bf3fabac9), None us, 0 findings
Systems effective audit batch 1169 begin: 8 subjects (af4beb75-05ff-5e6e-8c10-e1ac5aecb0d4 .. af6004fe-6fef-5d75-ac84-729798049970), None us, 0 findings
Systems effective audit batch 1168 end: 8 subjects (af2a3fdd-b565-5336-a540-0216269d021f .. af4a9dda-4ae9-53b4-87a0-c08bf3fabac9), Some(73) us, 0 findings
Systems effective audit batch 1169 end: 8 subjects (af4beb75-05ff-5e6e-8c10-e1ac5aecb0d4 .. af6004fe-6fef-5d75-ac84-729798049970), Some(104) us, 0 findings
Systems effective audit batch 1170 begin: 8 subjects (af61344a-480a-5500-a65e-40e41c9eb1a9 .. af746275-9216-5776-a2fe-cc6cce1c905e), None us, 0 findings
Systems effective audit batch 1171 begin: 8 subjects (af7acbc1-8279-5d64-9b43-8561c8789067 .. af8b7210-2f10-59bf-adba-ed51628b3cad), None us, 0 findings
Systems effective audit batch 1170 end: 8 subjects (af61344a-480a-5500-a65e-40e41c9eb1a9 .. af746275-9216-5776-a2fe-cc6cce1c905e), Some(2951711) us, 0 findings
Systems effective audit batch 1171 end: 8 subjects (af7acbc1-8279-5d64-9b43-8561c8789067 .. af8b7210-2f10-59bf-adba-ed51628b3cad), Some(57) us, 0 findings
Systems effective audit batch 1172 begin: 8 subjects (af8c893c-8533-51df-a087-27618f124df0 .. afa6b683-8a7d-55a1-a5ad-a29f760ccb85), None us, 0 findings
Systems effective audit batch 1173 begin: 8 subjects (afaf94bb-2bac-5843-bdb1-db281532cc7d .. afcb0d8e-7d44-5196-9087-2511355c106e), None us, 0 findings
Systems effective audit batch 1172 end: 8 subjects (af8c893c-8533-51df-a087-27618f124df0 .. afa6b683-8a7d-55a1-a5ad-a29f760ccb85), Some(75) us, 0 findings
Systems effective audit batch 1173 end: 8 subjects (afaf94bb-2bac-5843-bdb1-db281532cc7d .. afcb0d8e-7d44-5196-9087-2511355c106e), Some(61) us, 0 findings
Systems effective audit batch 1174 begin: 8 subjects (afcc7bf5-fa62-578e-bb29-a65745e4a105 .. b000e35f-8eaa-5914-82e4-b27097855761), None us, 0 findings
Systems effective audit batch 1175 begin: 8 subjects (b0096a91-e9fd-50bc-a70c-7276f240cf55 .. b0204e2a-15fd-5f71-98be-652d4b515eab), None us, 0 findings
Systems effective audit batch 1174 end: 8 subjects (afcc7bf5-fa62-578e-bb29-a65745e4a105 .. b000e35f-8eaa-5914-82e4-b27097855761), Some(62) us, 0 findings
Systems effective audit batch 1175 end: 8 subjects (b0096a91-e9fd-50bc-a70c-7276f240cf55 .. b0204e2a-15fd-5f71-98be-652d4b515eab), Some(60) us, 0 findings
Systems effective audit batch 1176 begin: 8 subjects (b030258b-3b10-57ce-947d-04132c68d925 .. b0459d8b-623a-5a6f-a322-44e71404eaf9), None us, 0 findings
Systems effective audit batch 1177 begin: 8 subjects (b05b702b-5176-5d9d-a781-0668cf621fbe .. b08faa39-a702-5132-a833-792d1ed7ed23), None us, 0 findings
Systems effective audit batch 1176 end: 8 subjects (b030258b-3b10-57ce-947d-04132c68d925 .. b0459d8b-623a-5a6f-a322-44e71404eaf9), Some(2855) us, 0 findings
Systems effective audit batch 1177 end: 8 subjects (b05b702b-5176-5d9d-a781-0668cf621fbe .. b08faa39-a702-5132-a833-792d1ed7ed23), Some(58) us, 0 findings
Systems effective audit batch 1178 begin: 8 subjects (b09187f6-a3af-52e3-b75f-cc45d9f60afb .. b0abb8f7-45f8-5602-94a9-3c6c3bc81b59), None us, 0 findings
Systems effective audit batch 1179 begin: 8 subjects (b0ad047a-b0f3-5514-b985-66fb255a3d29 .. b0cd442e-327d-53c3-9123-ee2f680b30f4), None us, 0 findings
Systems effective audit batch 1178 end: 8 subjects (b09187f6-a3af-52e3-b75f-cc45d9f60afb .. b0abb8f7-45f8-5602-94a9-3c6c3bc81b59), Some(1184496) us, 0 findings
Systems effective audit batch 1179 end: 8 subjects (b0ad047a-b0f3-5514-b985-66fb255a3d29 .. b0cd442e-327d-53c3-9123-ee2f680b30f4), Some(49) us, 0 findings
Systems effective audit batch 1180 begin: 8 subjects (b0d13480-7f76-5c89-9510-d5502dfd84fd .. b0f4cc9b-cdda-5694-acbe-64eaeda3109f), None us, 0 findings
Systems effective audit batch 1181 begin: 8 subjects (b0fbf43b-d7e0-51d1-947a-7e6e20edac94 .. b11bcecd-1e08-5446-bef8-3aeb6737e6cb), None us, 0 findings
Systems effective audit batch 1180 end: 8 subjects (b0d13480-7f76-5c89-9510-d5502dfd84fd .. b0f4cc9b-cdda-5694-acbe-64eaeda3109f), Some(78) us, 0 findings
Systems effective audit batch 1181 end: 8 subjects (b0fbf43b-d7e0-51d1-947a-7e6e20edac94 .. b11bcecd-1e08-5446-bef8-3aeb6737e6cb), Some(59) us, 0 findings
Systems effective audit batch 1182 begin: 8 subjects (b11e85e4-72a5-56b4-bf9c-319cadf705f8 .. b13df71f-77b2-54dc-b213-40871ebcc967), None us, 0 findings
Systems effective audit batch 1183 begin: 8 subjects (b13e7205-fb6d-5a22-a84b-8cb3adb38265 .. b17a5563-9c87-5117-9566-d3852631d1bf), None us, 0 findings
Systems effective audit batch 1182 end: 8 subjects (b11e85e4-72a5-56b4-bf9c-319cadf705f8 .. b13df71f-77b2-54dc-b213-40871ebcc967), Some(75) us, 0 findings
Systems effective audit batch 1183 end: 8 subjects (b13e7205-fb6d-5a22-a84b-8cb3adb38265 .. b17a5563-9c87-5117-9566-d3852631d1bf), Some(57) us, 0 findings
Systems effective audit batch 1184 begin: 8 subjects (b198d0bb-7ad9-5be2-888c-3819ef0bfbd0 .. b1ab6d4a-778c-55e4-b330-8f5da44e2350), None us, 0 findings
Systems effective audit batch 1185 begin: 8 subjects (b1b0685b-f04f-5a70-92ec-3d832e1039ea .. b1cf8382-739f-50d0-ae70-6230b5e6da50), None us, 0 findings
Systems effective audit batch 1184 end: 8 subjects (b198d0bb-7ad9-5be2-888c-3819ef0bfbd0 .. b1ab6d4a-778c-55e4-b330-8f5da44e2350), Some(63) us, 0 findings
Systems effective audit batch 1185 end: 8 subjects (b1b0685b-f04f-5a70-92ec-3d832e1039ea .. b1cf8382-739f-50d0-ae70-6230b5e6da50), Some(54) us, 0 findings
Systems effective audit batch 1186 begin: 8 subjects (b1d3440c-cc9e-5cf8-bcf6-b8df845175ed .. b1fb2edc-364e-52a6-b4dd-57fc84c3ac58), None us, 0 findings
Systems effective audit batch 1187 begin: 8 subjects (b200e1e8-4a99-5d32-aa89-fa18671972da .. b22d50a9-d74c-5cf3-9cfd-c6dd44a65291), None us, 0 findings
Systems effective audit batch 1186 end: 8 subjects (b1d3440c-cc9e-5cf8-bcf6-b8df845175ed .. b1fb2edc-364e-52a6-b4dd-57fc84c3ac58), Some(150659) us, 0 findings
Systems effective audit batch 1187 end: 8 subjects (b200e1e8-4a99-5d32-aa89-fa18671972da .. b22d50a9-d74c-5cf3-9cfd-c6dd44a65291), Some(52) us, 0 findings
Systems effective audit batch 1188 begin: 8 subjects (b23ebef1-fc9a-56ad-ac95-68ba0279cde7 .. b269c9a9-c168-57ca-bb1e-7de2462caa89), None us, 0 findings
Systems effective audit batch 1189 begin: 8 subjects (b26b917e-b4ce-5e6a-917f-8d56899d1e69 .. b277d8ba-019e-5500-af71-bb96a9ef2f7f), None us, 0 findings
Systems effective audit batch 1188 end: 8 subjects (b23ebef1-fc9a-56ad-ac95-68ba0279cde7 .. b269c9a9-c168-57ca-bb1e-7de2462caa89), Some(398439) us, 0 findings
Systems effective audit batch 1189 end: 8 subjects (b26b917e-b4ce-5e6a-917f-8d56899d1e69 .. b277d8ba-019e-5500-af71-bb96a9ef2f7f), Some(13024) us, 0 findings
Systems effective audit batch 1190 begin: 8 subjects (b27a1ab6-2946-54e5-8e3f-12fe47c002c3 .. b2adcbcb-85fd-5f90-b10a-dc826a016d00), None us, 0 findings
Systems effective audit batch 1191 begin: 8 subjects (b2b71a7e-8e27-576b-94c3-7e8d916924ba .. b2dfdf85-4fd4-5e62-b007-1ce48a1d4cc3), None us, 0 findings
Systems effective audit batch 1190 end: 8 subjects (b27a1ab6-2946-54e5-8e3f-12fe47c002c3 .. b2adcbcb-85fd-5f90-b10a-dc826a016d00), Some(2571647) us, 0 findings
Systems effective audit batch 1191 end: 8 subjects (b2b71a7e-8e27-576b-94c3-7e8d916924ba .. b2dfdf85-4fd4-5e62-b007-1ce48a1d4cc3), Some(58) us, 0 findings
Systems effective audit batch 1192 begin: 8 subjects (b2eaf41d-8e59-517b-9185-d3febeae79d0 .. b31dec05-f19f-59ca-b8d5-43cacf8e2a0b), None us, 0 findings
Systems effective audit batch 1193 begin: 8 subjects (b32ad3e4-b459-5c5c-98eb-90d597250261 .. b3402784-e835-58a9-a3a3-0f9212e7839b), None us, 0 findings
Systems effective audit batch 1192 end: 8 subjects (b2eaf41d-8e59-517b-9185-d3febeae79d0 .. b31dec05-f19f-59ca-b8d5-43cacf8e2a0b), Some(4457675) us, 0 findings
Systems effective audit batch 1193 end: 8 subjects (b32ad3e4-b459-5c5c-98eb-90d597250261 .. b3402784-e835-58a9-a3a3-0f9212e7839b), Some(70) us, 0 findings
Systems effective audit batch 1194 begin: 8 subjects (b3406c93-a1b8-5a77-873d-3479d00ff8eb .. b36a384d-368c-5d87-895e-6fa54fc1757f), None us, 0 findings
Systems effective audit batch 1195 begin: 8 subjects (b36c2311-81b8-555f-a5e6-fd09978d2063 .. b38e8fea-96cc-5c7e-96d2-7f55100f9a4c), None us, 0 findings
Systems effective audit batch 1194 end: 8 subjects (b3406c93-a1b8-5a77-873d-3479d00ff8eb .. b36a384d-368c-5d87-895e-6fa54fc1757f), Some(1045116) us, 0 findings
Systems effective audit batch 1195 end: 8 subjects (b36c2311-81b8-555f-a5e6-fd09978d2063 .. b38e8fea-96cc-5c7e-96d2-7f55100f9a4c), Some(60) us, 0 findings
Systems effective audit batch 1196 begin: 8 subjects (b38ec3aa-80df-5746-bbea-f4bc25cf0bf1 .. b3b13a92-4a07-50a3-9bd4-b10930f88c95), None us, 0 findings
Systems effective audit batch 1197 begin: 8 subjects (b3b62daf-b551-5be7-86f9-33747de44d91 .. b3c8625c-b249-567e-b294-d4a137910e40), None us, 0 findings
Systems effective audit batch 1196 end: 8 subjects (b38ec3aa-80df-5746-bbea-f4bc25cf0bf1 .. b3b13a92-4a07-50a3-9bd4-b10930f88c95), Some(4478697) us, 0 findings
Systems effective audit batch 1197 end: 8 subjects (b3b62daf-b551-5be7-86f9-33747de44d91 .. b3c8625c-b249-567e-b294-d4a137910e40), Some(661913) us, 0 findings
Systems effective audit batch 1198 begin: 8 subjects (b3ca6c4d-7f4d-5b60-a230-a40a270c9ba0 .. b3e23dc9-e42d-5900-8fa7-e551a7dd7a8d), None us, 0 findings
Systems effective audit batch 1199 begin: 8 subjects (b3f691b5-a97e-5bdf-8ad9-a0bbf6ca8781 .. b41ae818-1347-5d69-a91f-16d4ebce0f6b), None us, 0 findings
Systems effective audit batch 1198 end: 8 subjects (b3ca6c4d-7f4d-5b60-a230-a40a270c9ba0 .. b3e23dc9-e42d-5900-8fa7-e551a7dd7a8d), Some(73) us, 0 findings
Systems effective audit batch 1199 end: 8 subjects (b3f691b5-a97e-5bdf-8ad9-a0bbf6ca8781 .. b41ae818-1347-5d69-a91f-16d4ebce0f6b), Some(61) us, 0 findings
Systems effective audit batch 1200 begin: 8 subjects (b42106be-1c37-5847-ad8d-7e2c3fb5573f .. b43846e6-c4dc-5600-89e8-303799c49765), None us, 0 findings
Systems effective audit batch 1201 begin: 8 subjects (b43b8210-75d1-513d-b6a1-199a1a1a4de2 .. b461c65b-3908-57c9-8aa9-206eb9b453f4), None us, 0 findings
Systems effective audit batch 1200 end: 8 subjects (b42106be-1c37-5847-ad8d-7e2c3fb5573f .. b43846e6-c4dc-5600-89e8-303799c49765), Some(55) us, 0 findings
Systems effective audit batch 1201 end: 8 subjects (b43b8210-75d1-513d-b6a1-199a1a1a4de2 .. b461c65b-3908-57c9-8aa9-206eb9b453f4), Some(1587044) us, 0 findings
Systems effective audit batch 1202 begin: 8 subjects (b468cc53-b0fd-5b13-96f4-f7a843f1ef22 .. b486f3cd-4636-56c7-8be5-473a1237cddc), None us, 0 findings
Systems effective audit batch 1203 begin: 8 subjects (b489a6c6-f434-5285-878c-2ddba52ea351 .. b49e75bb-2893-52e4-b8ab-cad6c664cd62), None us, 0 findings
Systems effective audit batch 1202 end: 8 subjects (b468cc53-b0fd-5b13-96f4-f7a843f1ef22 .. b486f3cd-4636-56c7-8be5-473a1237cddc), Some(1442942) us, 0 findings
Systems effective audit batch 1203 end: 8 subjects (b489a6c6-f434-5285-878c-2ddba52ea351 .. b49e75bb-2893-52e4-b8ab-cad6c664cd62), Some(394736) us, 0 findings
Systems effective audit batch 1204 begin: 8 subjects (b4a13f28-6400-500b-93a4-c0a9717afbd3 .. b4bd4017-d4cf-568a-be77-30f5b54c9047), None us, 0 findings
Systems effective audit batch 1205 begin: 8 subjects (b4beaaca-5e50-587d-9cd5-335ab0b9bd0a .. b4f43d42-902b-5369-ba10-fefc4196e9fb), None us, 0 findings
Systems effective audit batch 1204 end: 8 subjects (b4a13f28-6400-500b-93a4-c0a9717afbd3 .. b4bd4017-d4cf-568a-be77-30f5b54c9047), Some(77) us, 0 findings
Systems effective audit batch 1205 end: 8 subjects (b4beaaca-5e50-587d-9cd5-335ab0b9bd0a .. b4f43d42-902b-5369-ba10-fefc4196e9fb), Some(1579625) us, 0 findings
Systems effective audit batch 1206 begin: 8 subjects (b4f7b808-c38d-5dbf-86be-edf437b4d6b4 .. b5276922-55c9-5112-ba5c-d0484ddacf02), None us, 0 findings
Systems effective audit batch 1207 begin: 8 subjects (b52be55c-63d8-54d2-a0d9-ab56a6cb4ed0 .. b55df17f-8c6a-5d5c-82a2-0c030e003438), None us, 0 findings
Systems effective audit batch 1206 end: 8 subjects (b4f7b808-c38d-5dbf-86be-edf437b4d6b4 .. b5276922-55c9-5112-ba5c-d0484ddacf02), Some(12099) us, 0 findings
Systems effective audit batch 1207 end: 8 subjects (b52be55c-63d8-54d2-a0d9-ab56a6cb4ed0 .. b55df17f-8c6a-5d5c-82a2-0c030e003438), Some(61) us, 0 findings
Systems effective audit batch 1208 begin: 8 subjects (b5655f58-56df-5e34-871a-8c73696f517d .. b589e7b7-1bf4-5085-a657-9b56fc10e9e0), None us, 0 findings
Systems effective audit batch 1209 begin: 8 subjects (b5959cdf-7d36-5e34-b236-38aa65256f0a .. b5c5b6b4-4413-5a08-92bb-5d9a85244d6d), None us, 0 findings
Systems effective audit batch 1208 end: 8 subjects (b5655f58-56df-5e34-871a-8c73696f517d .. b589e7b7-1bf4-5085-a657-9b56fc10e9e0), Some(72) us, 0 findings
Systems effective audit batch 1209 end: 8 subjects (b5959cdf-7d36-5e34-b236-38aa65256f0a .. b5c5b6b4-4413-5a08-92bb-5d9a85244d6d), Some(620918) us, 0 findings
Systems effective audit batch 1210 begin: 8 subjects (b5c72d9a-3565-584c-abdb-9714d8835974 .. b6226930-2678-5994-8bb0-d5bada3b662e), None us, 0 findings
Systems effective audit batch 1211 begin: 8 subjects (b623f655-e2d4-5af9-866f-9531b78b345b .. b631a163-3d16-5180-9858-4cd809f0e3fe), None us, 0 findings
Systems effective audit batch 1210 end: 8 subjects (b5c72d9a-3565-584c-abdb-9714d8835974 .. b6226930-2678-5994-8bb0-d5bada3b662e), Some(70) us, 0 findings
Systems effective audit batch 1211 end: 8 subjects (b623f655-e2d4-5af9-866f-9531b78b345b .. b631a163-3d16-5180-9858-4cd809f0e3fe), Some(1505608) us, 0 findings
Systems effective audit batch 1212 begin: 8 subjects (b6331b20-180e-5ce7-8906-5472f80db80d .. b6542aa8-d35d-545d-8f6f-2b9c74a3371c), None us, 0 findings
Systems effective audit batch 1213 begin: 8 subjects (b6575ebf-b027-5a06-9124-da0b9343e4fa .. b66e329f-9dc0-5e17-81c7-4dd87531a17c), None us, 0 findings
Systems effective audit batch 1212 end: 8 subjects (b6331b20-180e-5ce7-8906-5472f80db80d .. b6542aa8-d35d-545d-8f6f-2b9c74a3371c), Some(100431) us, 0 findings
Systems effective audit batch 1213 end: 8 subjects (b6575ebf-b027-5a06-9124-da0b9343e4fa .. b66e329f-9dc0-5e17-81c7-4dd87531a17c), Some(58) us, 0 findings
Systems effective audit batch 1214 begin: 8 subjects (b66fce35-5f67-5fd2-94dc-307206a5c674 .. b68ba12c-d494-5d62-ad0f-104795ec759f), None us, 0 findings
Systems effective audit batch 1215 begin: 8 subjects (b68dd5ae-55ee-505a-8e0e-d3bdcad491be .. b6bb4e4e-22b4-5a09-9b55-16af9873a953), None us, 0 findings
Systems effective audit batch 1214 end: 8 subjects (b66fce35-5f67-5fd2-94dc-307206a5c674 .. b68ba12c-d494-5d62-ad0f-104795ec759f), Some(71) us, 0 findings
Systems effective audit batch 1215 end: 8 subjects (b68dd5ae-55ee-505a-8e0e-d3bdcad491be .. b6bb4e4e-22b4-5a09-9b55-16af9873a953), Some(3618882) us, 0 findings
Systems effective audit batch 1216 begin: 8 subjects (b6bdd601-599f-545e-ad21-8632fc3672fc .. b6e3b3bc-3f9b-5f3f-af9b-81a89f1fad60), None us, 0 findings
Systems effective audit batch 1217 begin: 8 subjects (b6e424ca-d0dc-5fd1-a601-cd50c6997d57 .. b71488f0-9062-52cb-87b2-fbcf3fd2031e), None us, 0 findings
Systems effective audit batch 1216 end: 8 subjects (b6bdd601-599f-545e-ad21-8632fc3672fc .. b6e3b3bc-3f9b-5f3f-af9b-81a89f1fad60), Some(2714950) us, 0 findings
Systems effective audit batch 1217 end: 8 subjects (b6e424ca-d0dc-5fd1-a601-cd50c6997d57 .. b71488f0-9062-52cb-87b2-fbcf3fd2031e), Some(192803) us, 0 findings
Systems effective audit batch 1218 begin: 8 subjects (b71f6d03-2a73-59d3-8bed-ce5d0102ef19 .. b73a653a-c4db-566b-831c-41341641742d), None us, 0 findings
Systems effective audit batch 1219 begin: 8 subjects (b73c3d30-e7fd-55a6-bbb6-c4e5bd1eabdb .. b75e7bc7-c96e-56a8-8acc-9027f425f9fe), None us, 0 findings
Systems effective audit batch 1218 end: 8 subjects (b71f6d03-2a73-59d3-8bed-ce5d0102ef19 .. b73a653a-c4db-566b-831c-41341641742d), Some(67) us, 0 findings
Systems effective audit batch 1219 end: 8 subjects (b73c3d30-e7fd-55a6-bbb6-c4e5bd1eabdb .. b75e7bc7-c96e-56a8-8acc-9027f425f9fe), Some(4579086) us, 0 findings
Systems effective audit batch 1220 begin: 8 subjects (b7623591-219a-5264-9433-88b6bb7a930a .. b782703d-facb-593a-b748-beb4b240286b), None us, 0 findings
Systems effective audit batch 1221 begin: 8 subjects (b7845e11-a005-5279-b76d-bc0a466516b2 .. b7b1f75a-331d-56b9-8e03-7a87fe9ee033), None us, 0 findings
Systems effective audit batch 1220 end: 8 subjects (b7623591-219a-5264-9433-88b6bb7a930a .. b782703d-facb-593a-b748-beb4b240286b), Some(86) us, 0 findings
Systems effective audit batch 1221 end: 8 subjects (b7845e11-a005-5279-b76d-bc0a466516b2 .. b7b1f75a-331d-56b9-8e03-7a87fe9ee033), Some(2868405) us, 0 findings
Systems effective audit batch 1222 begin: 8 subjects (b7b86df4-8805-553a-bc23-6100f616573c .. b7d9aae3-74c7-58ec-a4c7-a58a67494595), None us, 0 findings
Systems effective audit batch 1223 begin: 8 subjects (b7e19bb7-35a7-5de3-826d-cd3769acc3d6 .. b821e957-e62d-51f5-b248-baeaf6bf3ee1), None us, 0 findings
Systems effective audit batch 1222 end: 8 subjects (b7b86df4-8805-553a-bc23-6100f616573c .. b7d9aae3-74c7-58ec-a4c7-a58a67494595), Some(666488) us, 0 findings
Systems effective audit batch 1223 end: 8 subjects (b7e19bb7-35a7-5de3-826d-cd3769acc3d6 .. b821e957-e62d-51f5-b248-baeaf6bf3ee1), Some(80802) us, 0 findings
Systems effective audit batch 1224 begin: 8 subjects (b825b4bf-48e8-597c-9ba5-b5159da73ec5 .. b847b21a-b3b6-54fa-907a-1c48a79ca0bf), None us, 0 findings
Systems effective audit batch 1225 begin: 8 subjects (b84b6c48-a73d-58fa-b430-64ec441dc847 .. b865975f-6b88-5a7b-a5db-22233aae2b56), None us, 0 findings
Systems effective audit batch 1224 end: 8 subjects (b825b4bf-48e8-597c-9ba5-b5159da73ec5 .. b847b21a-b3b6-54fa-907a-1c48a79ca0bf), Some(86) us, 0 findings
Systems effective audit batch 1225 end: 8 subjects (b84b6c48-a73d-58fa-b430-64ec441dc847 .. b865975f-6b88-5a7b-a5db-22233aae2b56), Some(844454) us, 0 findings
Systems effective audit batch 1226 begin: 8 subjects (b8669f02-30be-5219-9bb9-53be40ab50a2 .. b89c421a-f4f3-5561-ad4a-40622935aa88), None us, 0 findings
Systems effective audit batch 1227 begin: 8 subjects (b8a4ee88-7de6-55b7-ac29-ec6cc9bc2c17 .. b8bd70a3-76f9-5785-8cbe-77aabf3f11e4), None us, 0 findings
Systems effective audit batch 1226 end: 8 subjects (b8669f02-30be-5219-9bb9-53be40ab50a2 .. b89c421a-f4f3-5561-ad4a-40622935aa88), Some(74) us, 0 findings
Systems effective audit batch 1227 end: 8 subjects (b8a4ee88-7de6-55b7-ac29-ec6cc9bc2c17 .. b8bd70a3-76f9-5785-8cbe-77aabf3f11e4), Some(65) us, 0 findings
Systems effective audit batch 1228 begin: 8 subjects (b8c04f38-501e-5616-977f-017a3d092167 .. b8ecbd45-c889-540f-aabb-0d2cc4e08e3c), None us, 0 findings
Systems effective audit batch 1229 begin: 8 subjects (b8f8bfc7-9876-52e6-ae8e-637f85a4212f .. b91592f3-b2cf-5e9e-9153-667065755b59), None us, 0 findings
Systems effective audit batch 1228 end: 8 subjects (b8c04f38-501e-5616-977f-017a3d092167 .. b8ecbd45-c889-540f-aabb-0d2cc4e08e3c), Some(72) us, 0 findings
Systems effective audit batch 1229 end: 8 subjects (b8f8bfc7-9876-52e6-ae8e-637f85a4212f .. b91592f3-b2cf-5e9e-9153-667065755b59), Some(58) us, 0 findings
Systems effective audit batch 1230 begin: 8 subjects (b915e4f7-b06c-5b60-81c0-32e9e92802fb .. b931d4b8-af95-528c-8219-0a335d20d4b6), None us, 0 findings
Systems effective audit batch 1231 begin: 8 subjects (b9324c63-1011-5c35-aa77-5d2d756731b1 .. b9816d04-21ea-5540-b119-ddb3a69965ad), None us, 0 findings
Systems effective audit batch 1230 end: 8 subjects (b915e4f7-b06c-5b60-81c0-32e9e92802fb .. b931d4b8-af95-528c-8219-0a335d20d4b6), Some(90) us, 0 findings
Systems effective audit batch 1231 end: 8 subjects (b9324c63-1011-5c35-aa77-5d2d756731b1 .. b9816d04-21ea-5540-b119-ddb3a69965ad), Some(1783266) us, 0 findings
Systems effective audit batch 1232 begin: 8 subjects (b9822c40-2377-5cee-a560-719d1d7651de .. b9a8f6b1-3d7b-5180-b389-04f707276932), None us, 0 findings
Systems effective audit batch 1233 begin: 8 subjects (b9add6c0-a566-5351-a737-4b69ff140364 .. b9d6c7a2-5428-5c8f-ba69-a8c28629449f), None us, 0 findings
Systems effective audit batch 1232 end: 8 subjects (b9822c40-2377-5cee-a560-719d1d7651de .. b9a8f6b1-3d7b-5180-b389-04f707276932), Some(2945053) us, 0 findings
Systems effective audit batch 1233 end: 8 subjects (b9add6c0-a566-5351-a737-4b69ff140364 .. b9d6c7a2-5428-5c8f-ba69-a8c28629449f), Some(52122) us, 0 findings
Systems effective audit batch 1234 begin: 8 subjects (b9d86d61-7683-5a41-b607-d6cbe3ad024a .. b9f00767-c7b0-579d-b7c7-25bad66b3ac1), None us, 0 findings
Systems effective audit batch 1235 begin: 8 subjects (b9f1e5df-80bb-52f8-805a-777680371b2d .. ba1181b5-1eb5-570a-89d8-d86c4ab76117), None us, 0 findings
Systems effective audit batch 1234 end: 8 subjects (b9d86d61-7683-5a41-b607-d6cbe3ad024a .. b9f00767-c7b0-579d-b7c7-25bad66b3ac1), Some(85) us, 0 findings
Systems effective audit batch 1235 end: 8 subjects (b9f1e5df-80bb-52f8-805a-777680371b2d .. ba1181b5-1eb5-570a-89d8-d86c4ab76117), Some(57) us, 0 findings
Systems effective audit batch 1236 begin: 8 subjects (ba17e046-6259-54d4-b105-7aa02b63754d .. ba41389b-d366-5d57-8663-3e8a1b04ebdd), None us, 0 findings
Systems effective audit batch 1237 begin: 8 subjects (ba44e7dc-4ae2-5688-8db8-82aeb4289e2b .. ba5b1715-15b7-58c6-a963-67d27d679689), None us, 0 findings
Systems effective audit batch 1236 end: 8 subjects (ba17e046-6259-54d4-b105-7aa02b63754d .. ba41389b-d366-5d57-8663-3e8a1b04ebdd), Some(490159) us, 0 findings
Systems effective audit batch 1237 end: 8 subjects (ba44e7dc-4ae2-5688-8db8-82aeb4289e2b .. ba5b1715-15b7-58c6-a963-67d27d679689), Some(4720169) us, 0 findings
Systems effective audit batch 1238 begin: 8 subjects (ba5e2b6c-44d6-5656-a3d4-0e2d16cedf0d .. ba6fd422-0929-5b2b-9933-e9089615f3ce), None us, 0 findings
Systems effective audit batch 1239 begin: 8 subjects (ba864ead-85a7-5bb3-ab66-4c6eb077eb41 .. baa8b058-9c7d-53d7-b473-df6da4ea6e53), None us, 0 findings
Systems effective audit batch 1238 end: 8 subjects (ba5e2b6c-44d6-5656-a3d4-0e2d16cedf0d .. ba6fd422-0929-5b2b-9933-e9089615f3ce), Some(5481573) us, 0 findings
Systems effective audit batch 1239 end: 8 subjects (ba864ead-85a7-5bb3-ab66-4c6eb077eb41 .. baa8b058-9c7d-53d7-b473-df6da4ea6e53), Some(3759047) us, 0 findings
Systems effective audit batch 1240 begin: 8 subjects (baac9fba-d631-5f38-ad07-0a659638179b .. bab61ebc-4f8f-533f-b3b1-c98846aa40e7), None us, 0 findings
Systems effective audit batch 1241 begin: 8 subjects (bab755fe-a46e-5e5c-8123-a19a26fcfccf .. bad864eb-296d-57a5-a52d-683ba189b3f0), None us, 0 findings
Systems effective audit batch 1240 end: 8 subjects (baac9fba-d631-5f38-ad07-0a659638179b .. bab61ebc-4f8f-533f-b3b1-c98846aa40e7), Some(4565906) us, 0 findings
Systems effective audit batch 1241 end: 8 subjects (bab755fe-a46e-5e5c-8123-a19a26fcfccf .. bad864eb-296d-57a5-a52d-683ba189b3f0), Some(1375014) us, 0 findings
Systems effective audit batch 1242 begin: 8 subjects (bad9b324-1f77-54a0-a8a3-6fc834d0dbed .. baf12800-b066-51d3-bcd6-bd241be03c5a), None us, 0 findings
Systems effective audit batch 1243 begin: 8 subjects (baf27fee-8fcb-5df9-ab33-e118983656ea .. bb0c4aad-6b0b-59d8-a03a-989e8ba0268c), None us, 0 findings
Systems effective audit batch 1242 end: 8 subjects (bad9b324-1f77-54a0-a8a3-6fc834d0dbed .. baf12800-b066-51d3-bcd6-bd241be03c5a), Some(65) us, 0 findings
Systems effective audit batch 1243 end: 8 subjects (baf27fee-8fcb-5df9-ab33-e118983656ea .. bb0c4aad-6b0b-59d8-a03a-989e8ba0268c), Some(73) us, 0 findings
Systems effective audit batch 1244 begin: 8 subjects (bb147b2d-efc5-5d4e-a1bc-02a533ff9f18 .. bb3989af-a9e9-58a7-b5f3-1db9b074f170), None us, 0 findings
Systems effective audit batch 1245 begin: 8 subjects (bb3a45fb-f311-5939-98f9-646ad6ad93eb .. bb462c57-4466-5a2c-ae6a-d6880af86146), None us, 0 findings
Systems effective audit batch 1244 end: 8 subjects (bb147b2d-efc5-5d4e-a1bc-02a533ff9f18 .. bb3989af-a9e9-58a7-b5f3-1db9b074f170), Some(57) us, 0 findings
Systems effective audit batch 1245 end: 8 subjects (bb3a45fb-f311-5939-98f9-646ad6ad93eb .. bb462c57-4466-5a2c-ae6a-d6880af86146), Some(7964448) us, 0 findings
Systems effective audit batch 1246 begin: 8 subjects (bb4eb636-d2c3-57c8-bb34-c88b26384e3e .. bb6d125a-ae84-578e-880c-447b5d78cf76), None us, 0 findings
Systems effective audit batch 1247 begin: 8 subjects (bb6e21e0-9e50-5a1a-a5ed-fddf057c9f0f .. bb98c7d5-b297-54fb-90f1-d6b08546f528), None us, 0 findings
Systems effective audit batch 1246 end: 8 subjects (bb4eb636-d2c3-57c8-bb34-c88b26384e3e .. bb6d125a-ae84-578e-880c-447b5d78cf76), Some(298180) us, 0 findings
Systems effective audit batch 1247 end: 8 subjects (bb6e21e0-9e50-5a1a-a5ed-fddf057c9f0f .. bb98c7d5-b297-54fb-90f1-d6b08546f528), Some(66) us, 0 findings
Systems effective audit batch 1248 begin: 8 subjects (bb9c65eb-5eea-55f5-ac86-bd6b0bff23fc .. bbca09b6-de17-52bd-91fd-4fc1fc12d432), None us, 0 findings
Systems effective audit batch 1249 begin: 8 subjects (bbcb6d21-708d-5738-be80-749b13c64b4c .. bbf93869-d798-597d-918d-be4f482b2064), None us, 0 findings
Systems effective audit batch 1248 end: 8 subjects (bb9c65eb-5eea-55f5-ac86-bd6b0bff23fc .. bbca09b6-de17-52bd-91fd-4fc1fc12d432), Some(71) us, 0 findings
Systems effective audit batch 1249 end: 8 subjects (bbcb6d21-708d-5738-be80-749b13c64b4c .. bbf93869-d798-597d-918d-be4f482b2064), Some(57) us, 0 findings
Systems effective audit batch 1250 begin: 8 subjects (bbfa3b46-c596-55aa-818c-341c2a85c619 .. bc1bd6b7-7b47-52dd-86a9-2ddf09dff18b), None us, 0 findings
Systems effective audit batch 1251 begin: 8 subjects (bc267646-b433-5d66-b1ee-a7979a95af31 .. bc461107-099c-5a44-b13f-9689cff11580), None us, 0 findings
Systems effective audit batch 1250 end: 8 subjects (bbfa3b46-c596-55aa-818c-341c2a85c619 .. bc1bd6b7-7b47-52dd-86a9-2ddf09dff18b), Some(52) us, 0 findings
Systems effective audit batch 1251 end: 8 subjects (bc267646-b433-5d66-b1ee-a7979a95af31 .. bc461107-099c-5a44-b13f-9689cff11580), Some(69) us, 0 findings
Systems effective audit batch 1252 begin: 8 subjects (bc4d9ed2-a276-59eb-a968-bb88dcb935da .. bc828edf-6549-5155-93d3-a04f6c45cb2a), None us, 0 findings
Systems effective audit batch 1253 begin: 8 subjects (bc8611c3-8fcc-5b5f-a8cc-fc728a4fc66f .. bcb9a0d4-e9ec-572a-a99d-1bbc450c1450), None us, 0 findings
Systems effective audit batch 1252 end: 8 subjects (bc4d9ed2-a276-59eb-a968-bb88dcb935da .. bc828edf-6549-5155-93d3-a04f6c45cb2a), Some(82071) us, 0 findings
Systems effective audit batch 1253 end: 8 subjects (bc8611c3-8fcc-5b5f-a8cc-fc728a4fc66f .. bcb9a0d4-e9ec-572a-a99d-1bbc450c1450), Some(61) us, 0 findings
Systems effective audit batch 1254 begin: 8 subjects (bcbab047-03f0-5487-86c6-ff12b73e0cf3 .. bcd08575-87cc-519d-8d53-53bf303ad825), None us, 0 findings
Systems effective audit batch 1255 begin: 8 subjects (bcd55e96-4453-5c1f-ace9-65dd4e7385ea .. bcf80b68-e976-55af-b15e-4a49b2958fd8), None us, 0 findings
Systems effective audit batch 1254 end: 8 subjects (bcbab047-03f0-5487-86c6-ff12b73e0cf3 .. bcd08575-87cc-519d-8d53-53bf303ad825), Some(86) us, 0 findings
Systems effective audit batch 1255 end: 8 subjects (bcd55e96-4453-5c1f-ace9-65dd4e7385ea .. bcf80b68-e976-55af-b15e-4a49b2958fd8), Some(734905) us, 0 findings
Systems effective audit batch 1256 begin: 8 subjects (bd087cd7-12b9-536c-9d63-7183da17c138 .. bd2eb64d-0996-5ee9-a813-e3e3a37d6520), None us, 0 findings
Systems effective audit batch 1257 begin: 8 subjects (bd30e269-a8d7-555c-8672-533af9bb5a92 .. bd4acc48-03c2-55ee-beb3-e81e6e47f449), None us, 0 findings
Systems effective audit batch 1256 end: 8 subjects (bd087cd7-12b9-536c-9d63-7183da17c138 .. bd2eb64d-0996-5ee9-a813-e3e3a37d6520), Some(91634) us, 0 findings
Systems effective audit batch 1257 end: 8 subjects (bd30e269-a8d7-555c-8672-533af9bb5a92 .. bd4acc48-03c2-55ee-beb3-e81e6e47f449), Some(1899424) us, 0 findings
Systems effective audit batch 1258 begin: 8 subjects (bd4b2bb6-848e-58e3-9f09-f85d9bda0a23 .. bd694e72-cf6b-578d-93ab-970690c3337a), None us, 0 findings
Systems effective audit batch 1259 begin: 8 subjects (bd7038f4-0f72-5762-ba1f-a14588865277 .. bd811543-b687-507e-b3ae-b5b77c9542f1), None us, 0 findings
Systems effective audit batch 1258 end: 8 subjects (bd4b2bb6-848e-58e3-9f09-f85d9bda0a23 .. bd694e72-cf6b-578d-93ab-970690c3337a), Some(66) us, 0 findings
Systems effective audit batch 1259 end: 8 subjects (bd7038f4-0f72-5762-ba1f-a14588865277 .. bd811543-b687-507e-b3ae-b5b77c9542f1), Some(62) us, 0 findings
Systems effective audit batch 1260 begin: 8 subjects (bd831c6b-3389-5c5a-9d92-fb017f98b95a .. bd9d6b2a-40f8-593d-84d3-cff8e8d713cf), None us, 0 findings
Systems effective audit batch 1261 begin: 8 subjects (bd9f1df7-6734-5db0-904f-1c8a3466d661 .. bdc08b41-f95e-50f1-8343-e8000d89b859), None us, 0 findings
Systems effective audit batch 1260 end: 8 subjects (bd831c6b-3389-5c5a-9d92-fb017f98b95a .. bd9d6b2a-40f8-593d-84d3-cff8e8d713cf), Some(60) us, 0 findings
Systems effective audit batch 1261 end: 8 subjects (bd9f1df7-6734-5db0-904f-1c8a3466d661 .. bdc08b41-f95e-50f1-8343-e8000d89b859), Some(58) us, 0 findings
Systems effective audit batch 1262 begin: 8 subjects (bdc6f7ed-f28d-50f7-ae13-a057bc9efda9 .. bddf7374-b92e-5433-b346-3c24be699a57), None us, 0 findings
Systems effective audit batch 1263 begin: 8 subjects (bde364be-d5ef-5ca9-90ab-b13e0a4d65d4 .. be0a73b3-6dcd-5e78-a09f-23348f2297ee), None us, 0 findings
Systems effective audit batch 1262 end: 8 subjects (bdc6f7ed-f28d-50f7-ae13-a057bc9efda9 .. bddf7374-b92e-5433-b346-3c24be699a57), Some(87) us, 0 findings
Systems effective audit batch 1263 end: 8 subjects (bde364be-d5ef-5ca9-90ab-b13e0a4d65d4 .. be0a73b3-6dcd-5e78-a09f-23348f2297ee), Some(77) us, 0 findings
Systems effective audit batch 1264 begin: 8 subjects (be0b5818-8c95-59e0-95b5-384502fe8848 .. be347c91-5ccc-52fb-83b3-9f32f6f89c72), None us, 0 findings
Systems effective audit batch 1265 begin: 8 subjects (be38b6d9-f7f4-542a-87b0-7b3432734a5e .. be5be063-7d9f-551f-a1f3-681a048cbf99), None us, 0 findings
Systems effective audit batch 1264 end: 8 subjects (be0b5818-8c95-59e0-95b5-384502fe8848 .. be347c91-5ccc-52fb-83b3-9f32f6f89c72), Some(1189129) us, 0 findings
Systems effective audit batch 1265 end: 8 subjects (be38b6d9-f7f4-542a-87b0-7b3432734a5e .. be5be063-7d9f-551f-a1f3-681a048cbf99), Some(57) us, 0 findings
Systems effective audit batch 1266 begin: 8 subjects (be613f4b-2def-5feb-bf53-8c06b3d2df0d .. be89fc7b-a329-51ae-9943-c0fb39b88a9d), None us, 0 findings
Systems effective audit batch 1267 begin: 8 subjects (be8b8a00-674f-57b0-a064-f74a83fa664a .. beb1f149-c662-5cc2-ae8d-0d71db40a234), None us, 0 findings
Systems effective audit batch 1266 end: 8 subjects (be613f4b-2def-5feb-bf53-8c06b3d2df0d .. be89fc7b-a329-51ae-9943-c0fb39b88a9d), Some(1454326) us, 0 findings
Systems effective audit batch 1267 end: 8 subjects (be8b8a00-674f-57b0-a064-f74a83fa664a .. beb1f149-c662-5cc2-ae8d-0d71db40a234), Some(72) us, 0 findings
Systems effective audit batch 1268 begin: 8 subjects (bebad1b1-49e0-52de-ad01-8089ba1bb84e .. beedebb5-b1d1-5d6c-8bee-dfa32f9bd8fe), None us, 0 findings
Systems effective audit batch 1269 begin: 8 subjects (beefd78d-809b-539f-b15f-b704e8c8c0a7 .. bf158161-e9b0-57b6-bb77-a484f5b0f3bd), None us, 0 findings
Systems effective audit batch 1268 end: 8 subjects (bebad1b1-49e0-52de-ad01-8089ba1bb84e .. beedebb5-b1d1-5d6c-8bee-dfa32f9bd8fe), Some(64) us, 0 findings
Systems effective audit batch 1269 end: 8 subjects (beefd78d-809b-539f-b15f-b704e8c8c0a7 .. bf158161-e9b0-57b6-bb77-a484f5b0f3bd), Some(71) us, 0 findings
Systems effective audit batch 1270 begin: 8 subjects (bf166048-3dfe-58a0-a9bc-cf3e43b3c2f2 .. bf3cc66d-24a2-57a8-a87e-cdcdbbc87db8), None us, 0 findings
Systems effective audit batch 1271 begin: 8 subjects (bf43f593-c0a4-557f-8a60-1e49b7f2f95e .. bf5fd9c6-d8dd-5e93-8f67-cd095e0c15bd), None us, 0 findings
Systems effective audit batch 1270 end: 8 subjects (bf166048-3dfe-58a0-a9bc-cf3e43b3c2f2 .. bf3cc66d-24a2-57a8-a87e-cdcdbbc87db8), Some(66689) us, 0 findings
Systems effective audit batch 1271 end: 8 subjects (bf43f593-c0a4-557f-8a60-1e49b7f2f95e .. bf5fd9c6-d8dd-5e93-8f67-cd095e0c15bd), Some(60) us, 0 findings
Systems effective audit batch 1272 begin: 8 subjects (bf66d8cf-9f4f-5c49-be29-0f3e0a5732ea .. bf7939fb-5850-539e-8f63-f482f3013ebd), None us, 0 findings
Systems effective audit batch 1273 begin: 8 subjects (bf7cd30a-6d2e-5bca-85e0-2f2ba88e1018 .. bfa00257-4386-5bc7-b2d6-f793e50165a7), None us, 0 findings
Systems effective audit batch 1272 end: 8 subjects (bf66d8cf-9f4f-5c49-be29-0f3e0a5732ea .. bf7939fb-5850-539e-8f63-f482f3013ebd), Some(98) us, 0 findings
Systems effective audit batch 1273 end: 8 subjects (bf7cd30a-6d2e-5bca-85e0-2f2ba88e1018 .. bfa00257-4386-5bc7-b2d6-f793e50165a7), Some(3238502) us, 0 findings
Systems effective audit batch 1274 begin: 8 subjects (bfa23f49-0369-5241-94ce-2e27c6864f3b .. bfc59d96-e6bd-55b8-90e6-7c1bca48dbd0), None us, 0 findings
Systems effective audit batch 1275 begin: 8 subjects (bfc8467f-3d06-5444-90c9-6d7b8a1ef017 .. bfe25552-5075-5ef4-9e1e-645e17010e0a), None us, 0 findings
Systems effective audit batch 1274 end: 8 subjects (bfa23f49-0369-5241-94ce-2e27c6864f3b .. bfc59d96-e6bd-55b8-90e6-7c1bca48dbd0), Some(951958) us, 0 findings
Systems effective audit batch 1275 end: 8 subjects (bfc8467f-3d06-5444-90c9-6d7b8a1ef017 .. bfe25552-5075-5ef4-9e1e-645e17010e0a), Some(2546806) us, 0 findings
Systems effective audit batch 1276 begin: 8 subjects (bfe42109-3ca8-58ca-98e2-a187557ca232 .. c006e52c-e6a5-5855-bd11-3faca64a41a8), None us, 0 findings
Systems effective audit batch 1277 begin: 8 subjects (c0090ec4-3e1f-50f1-99c0-276aca5bdb2b .. c02a9bbf-164e-5c59-92e4-4fec9f49322e), None us, 0 findings
Systems effective audit batch 1276 end: 8 subjects (bfe42109-3ca8-58ca-98e2-a187557ca232 .. c006e52c-e6a5-5855-bd11-3faca64a41a8), Some(965753) us, 0 findings
Systems effective audit batch 1277 end: 8 subjects (c0090ec4-3e1f-50f1-99c0-276aca5bdb2b .. c02a9bbf-164e-5c59-92e4-4fec9f49322e), Some(84) us, 0 findings
Systems effective audit batch 1278 begin: 8 subjects (c02b9ef1-568e-507a-8f1a-35325ad24cc6 .. c04b9c1a-9d52-53db-94d8-03924a499d2f), None us, 0 findings
Systems effective audit batch 1279 begin: 8 subjects (c051eb5c-7bdd-56da-8b20-f6de16f269c5 .. c099b0ca-236f-5802-8b6d-696cbe93533c), None us, 0 findings
Systems effective audit batch 1278 end: 8 subjects (c02b9ef1-568e-507a-8f1a-35325ad24cc6 .. c04b9c1a-9d52-53db-94d8-03924a499d2f), Some(62) us, 0 findings
Systems effective audit batch 1279 end: 8 subjects (c051eb5c-7bdd-56da-8b20-f6de16f269c5 .. c099b0ca-236f-5802-8b6d-696cbe93533c), Some(823123) us, 0 findings
Systems effective audit batch 1280 begin: 8 subjects (c09f7146-45a2-59e4-96c8-38e4df2ab7f4 .. c0b93763-4f35-505e-bbb2-1c8630a5a374), None us, 0 findings
Systems effective audit batch 1281 begin: 8 subjects (c0bcf1f9-f58d-5cb7-a452-0be6d8742972 .. c0eca71a-4c41-5d64-adac-69a81318aef0), None us, 0 findings
Systems effective audit batch 1280 end: 8 subjects (c09f7146-45a2-59e4-96c8-38e4df2ab7f4 .. c0b93763-4f35-505e-bbb2-1c8630a5a374), Some(4920435) us, 0 findings
Systems effective audit batch 1281 end: 8 subjects (c0bcf1f9-f58d-5cb7-a452-0be6d8742972 .. c0eca71a-4c41-5d64-adac-69a81318aef0), Some(5992326) us, 0 findings
Systems effective audit batch 1282 begin: 8 subjects (c0f3c5dc-0174-5008-b799-920570442c77 .. c13c4d19-51c0-584b-899d-cde26f236a45), None us, 0 findings
Systems effective audit batch 1283 begin: 8 subjects (c13c6903-3dbd-5b4a-a16e-e22980e19e21 .. c1531b31-8140-5665-999b-89ed1ac62939), None us, 0 findings
Systems effective audit batch 1282 end: 8 subjects (c0f3c5dc-0174-5008-b799-920570442c77 .. c13c4d19-51c0-584b-899d-cde26f236a45), Some(73) us, 0 findings
Systems effective audit batch 1283 end: 8 subjects (c13c6903-3dbd-5b4a-a16e-e22980e19e21 .. c1531b31-8140-5665-999b-89ed1ac62939), Some(2806883) us, 0 findings
Systems effective audit batch 1284 begin: 8 subjects (c15a643f-1997-58f8-91ec-1a5728904350 .. c173c290-4568-537b-b6c3-6220f1e7dbb3), None us, 0 findings
Systems effective audit batch 1285 begin: 8 subjects (c17c60fa-8e09-591f-b810-7c653ae9b40a .. c19459d4-f6b5-50e0-b3b2-2d211e354170), None us, 0 findings
Systems effective audit batch 1284 end: 8 subjects (c15a643f-1997-58f8-91ec-1a5728904350 .. c173c290-4568-537b-b6c3-6220f1e7dbb3), Some(70) us, 0 findings
Systems effective audit batch 1285 end: 8 subjects (c17c60fa-8e09-591f-b810-7c653ae9b40a .. c19459d4-f6b5-50e0-b3b2-2d211e354170), Some(60) us, 0 findings
Systems effective audit batch 1286 begin: 8 subjects (c1964582-13b8-51bf-bd06-1aef27a6be89 .. c1b1f977-f428-5c79-b214-24dd5928cd90), None us, 0 findings
Systems effective audit batch 1287 begin: 8 subjects (c1b419f0-bd9b-5dbe-9e1d-dbae7df77156 .. c1e1c2cb-4d90-5162-b626-66419e677df3), None us, 0 findings
Systems effective audit batch 1286 end: 8 subjects (c1964582-13b8-51bf-bd06-1aef27a6be89 .. c1b1f977-f428-5c79-b214-24dd5928cd90), Some(7377640) us, 0 findings
Systems effective audit batch 1287 end: 8 subjects (c1b419f0-bd9b-5dbe-9e1d-dbae7df77156 .. c1e1c2cb-4d90-5162-b626-66419e677df3), Some(60) us, 0 findings
Systems effective audit batch 1288 begin: 8 subjects (c1eca06d-ac44-542b-a026-a044770dc89b .. c2141413-daa0-5af5-b25e-221d647b114c), None us, 0 findings
Systems effective audit batch 1289 begin: 8 subjects (c2151f54-6836-5c67-a742-b853b0d28074 .. c2367db2-ac67-50d3-83eb-78841ad75898), None us, 0 findings
Systems effective audit batch 1288 end: 8 subjects (c1eca06d-ac44-542b-a026-a044770dc89b .. c2141413-daa0-5af5-b25e-221d647b114c), Some(78) us, 0 findings
Systems effective audit batch 1289 end: 8 subjects (c2151f54-6836-5c67-a742-b853b0d28074 .. c2367db2-ac67-50d3-83eb-78841ad75898), Some(740824) us, 0 findings
Systems effective audit batch 1290 begin: 8 subjects (c237781d-22fe-535a-a265-9bec1b10883c .. c259849e-5463-5a71-b1d6-e3c7168d76d4), None us, 0 findings
Systems effective audit batch 1291 begin: 8 subjects (c26099b7-8902-5cb4-a6e7-b4c87665f5bb .. c2815275-f8b9-5dab-b0e8-a756198e0275), None us, 0 findings
Systems effective audit batch 1290 end: 8 subjects (c237781d-22fe-535a-a265-9bec1b10883c .. c259849e-5463-5a71-b1d6-e3c7168d76d4), Some(4869176) us, 0 findings
Systems effective audit batch 1291 end: 8 subjects (c26099b7-8902-5cb4-a6e7-b4c87665f5bb .. c2815275-f8b9-5dab-b0e8-a756198e0275), Some(57) us, 0 findings
Systems effective audit batch 1292 begin: 8 subjects (c28168ff-b0e0-54a7-8b97-024db93c645f .. c2c0df2d-4f1f-5169-ac1c-f731b4423fcc), None us, 0 findings
Systems effective audit batch 1293 begin: 8 subjects (c2c95bb8-92bb-5600-af02-4bbe8f3a30a4 .. c2e97c9f-46c7-5c9f-8e01-36bdc5b0ae49), None us, 0 findings
Systems effective audit batch 1292 end: 8 subjects (c28168ff-b0e0-54a7-8b97-024db93c645f .. c2c0df2d-4f1f-5169-ac1c-f731b4423fcc), Some(71) us, 0 findings
Systems effective audit batch 1293 end: 8 subjects (c2c95bb8-92bb-5600-af02-4bbe8f3a30a4 .. c2e97c9f-46c7-5c9f-8e01-36bdc5b0ae49), Some(60) us, 0 findings
Systems effective audit batch 1294 begin: 8 subjects (c2eb0145-0e64-5bbe-a4b5-2bcb93076ab9 .. c3102878-0bc1-53c0-8b38-26ce476ed534), None us, 0 findings
Systems effective audit batch 1295 begin: 8 subjects (c310f52f-6f27-533e-a21c-3d3d1cebca5c .. c32c6b2a-d865-50e4-adec-1a8e1f3926d2), None us, 0 findings
Systems effective audit batch 1294 end: 8 subjects (c2eb0145-0e64-5bbe-a4b5-2bcb93076ab9 .. c3102878-0bc1-53c0-8b38-26ce476ed534), Some(6969927) us, 0 findings
Systems effective audit batch 1295 end: 8 subjects (c310f52f-6f27-533e-a21c-3d3d1cebca5c .. c32c6b2a-d865-50e4-adec-1a8e1f3926d2), Some(58) us, 0 findings
Systems effective audit batch 1296 begin: 8 subjects (c32e086e-74ef-5e8a-ab34-314feb436310 .. c34839e4-30eb-5e97-b46e-081310130e56), None us, 0 findings
Systems effective audit batch 1297 begin: 8 subjects (c349ddbc-16a4-52a1-bcb9-852740e0e2c3 .. c35fec51-0dc2-5dd3-91a6-b1494b751381), None us, 0 findings
Systems effective audit batch 1296 end: 8 subjects (c32e086e-74ef-5e8a-ab34-314feb436310 .. c34839e4-30eb-5e97-b46e-081310130e56), Some(68) us, 0 findings
Systems effective audit batch 1297 end: 8 subjects (c349ddbc-16a4-52a1-bcb9-852740e0e2c3 .. c35fec51-0dc2-5dd3-91a6-b1494b751381), Some(73) us, 0 findings
Systems effective audit batch 1298 begin: 8 subjects (c360746d-d8fd-5c39-94cf-215550a55e59 .. c381acb0-774e-58a9-8adc-52a90045f9bb), None us, 0 findings
Systems effective audit batch 1299 begin: 8 subjects (c384b2de-7f61-51ce-a5f8-70334407208a .. c39d2687-b871-53b4-933f-d1f7bb280c13), None us, 0 findings
Systems effective audit batch 1298 end: 8 subjects (c360746d-d8fd-5c39-94cf-215550a55e59 .. c381acb0-774e-58a9-8adc-52a90045f9bb), Some(2044526) us, 0 findings
Systems effective audit batch 1299 end: 8 subjects (c384b2de-7f61-51ce-a5f8-70334407208a .. c39d2687-b871-53b4-933f-d1f7bb280c13), Some(286648) us, 0 findings
Systems effective audit batch 1300 begin: 8 subjects (c39f2b9d-6f66-5c6e-82e6-02885ec24b4a .. c3c2c6db-0495-5383-aa7f-bba59f51f452), None us, 0 findings
Systems effective audit batch 1301 begin: 8 subjects (c3c30037-d413-5225-bcc5-2f08eeaff373 .. c3f35517-f292-5886-a467-cf796f0d2121), None us, 0 findings
Systems effective audit batch 1300 end: 8 subjects (c39f2b9d-6f66-5c6e-82e6-02885ec24b4a .. c3c2c6db-0495-5383-aa7f-bba59f51f452), Some(89) us, 0 findings
Systems effective audit batch 1301 end: 8 subjects (c3c30037-d413-5225-bcc5-2f08eeaff373 .. c3f35517-f292-5886-a467-cf796f0d2121), Some(198876) us, 0 findings
Systems effective audit batch 1302 begin: 8 subjects (c3f515a5-262f-5497-a40f-886052783440 .. c42501ce-1041-59c7-a143-e26e92d78901), None us, 0 findings
Systems effective audit batch 1303 begin: 8 subjects (c429b8a3-9949-58da-b7c4-18b4b867b12f .. c4430b2c-8c31-56b9-ba40-a408d9ba2ec4), None us, 0 findings
Systems effective audit batch 1302 end: 8 subjects (c3f515a5-262f-5497-a40f-886052783440 .. c42501ce-1041-59c7-a143-e26e92d78901), Some(63) us, 0 findings
Systems effective audit batch 1303 end: 8 subjects (c429b8a3-9949-58da-b7c4-18b4b867b12f .. c4430b2c-8c31-56b9-ba40-a408d9ba2ec4), Some(3926419) us, 0 findings
Systems effective audit batch 1304 begin: 8 subjects (c448777b-ef71-591d-ae9e-7de13c2b9675 .. c471e310-9e3d-5119-8ef7-b2ff4e43ded2), None us, 0 findings
Systems effective audit batch 1305 begin: 8 subjects (c47227c1-d5b5-529a-9c1a-2368abbadd78 .. c48db909-a27a-5317-aa71-a01ab0f29a71), None us, 0 findings
Systems effective audit batch 1304 end: 8 subjects (c448777b-ef71-591d-ae9e-7de13c2b9675 .. c471e310-9e3d-5119-8ef7-b2ff4e43ded2), Some(344168) us, 0 findings
Systems effective audit batch 1305 end: 8 subjects (c47227c1-d5b5-529a-9c1a-2368abbadd78 .. c48db909-a27a-5317-aa71-a01ab0f29a71), Some(1160341) us, 0 findings
Systems effective audit batch 1306 begin: 8 subjects (c48e8038-6e09-5b5e-9699-e86282fc8417 .. c4a910da-db7d-5fe3-be53-44f0ad0c92fb), None us, 0 findings
Systems effective audit batch 1307 begin: 8 subjects (c4add6fe-cd5b-52d1-9edc-a60cbbeee1bf .. c4e3c2e8-9c82-57aa-baea-ec1271f12165), None us, 0 findings
Systems effective audit batch 1306 end: 8 subjects (c48e8038-6e09-5b5e-9699-e86282fc8417 .. c4a910da-db7d-5fe3-be53-44f0ad0c92fb), Some(68) us, 0 findings
Systems effective audit batch 1307 end: 8 subjects (c4add6fe-cd5b-52d1-9edc-a60cbbeee1bf .. c4e3c2e8-9c82-57aa-baea-ec1271f12165), Some(61) us, 0 findings
Systems effective audit batch 1308 begin: 8 subjects (c4e705e7-4c81-5acf-bcf1-380818ab2d07 .. c504379d-3b03-55b8-a27a-f01509717a7b), None us, 0 findings
Systems effective audit batch 1309 begin: 8 subjects (c5074ea0-2500-52e1-88cb-1c45d042b894 .. c533b393-a91b-595c-a407-78fbae7552d3), None us, 0 findings
Systems effective audit batch 1308 end: 8 subjects (c4e705e7-4c81-5acf-bcf1-380818ab2d07 .. c504379d-3b03-55b8-a27a-f01509717a7b), Some(70226) us, 0 findings
Systems effective audit batch 1309 end: 8 subjects (c5074ea0-2500-52e1-88cb-1c45d042b894 .. c533b393-a91b-595c-a407-78fbae7552d3), Some(7263040) us, 0 findings
Systems effective audit batch 1310 begin: 8 subjects (c53cf234-cb79-5c6f-b579-c16c85ddf7fb .. c55717d6-6435-5b3b-afba-98cc04160a2e), None us, 0 findings
Systems effective audit batch 1311 begin: 8 subjects (c55f4944-2db3-5fd8-bcd3-1bcd59925f36 .. c57c6055-9929-532e-ba57-6cd2da84ab92), None us, 0 findings
Systems effective audit batch 1310 end: 8 subjects (c53cf234-cb79-5c6f-b579-c16c85ddf7fb .. c55717d6-6435-5b3b-afba-98cc04160a2e), Some(393165) us, 0 findings
Systems effective audit batch 1311 end: 8 subjects (c55f4944-2db3-5fd8-bcd3-1bcd59925f36 .. c57c6055-9929-532e-ba57-6cd2da84ab92), Some(72) us, 0 findings
Systems effective audit batch 1312 begin: 8 subjects (c581049f-1b3a-5541-9a27-159a1bcda878 .. c5a99217-e0ab-5e7d-b3fb-b4370bce722b), None us, 0 findings
Systems effective audit batch 1313 begin: 8 subjects (c5ae74db-1fb6-5d6d-8ecd-26697714d5fd .. c5da92e6-e1df-5377-af0b-4b9ebfc131a2), None us, 0 findings
Systems effective audit batch 1312 end: 8 subjects (c581049f-1b3a-5541-9a27-159a1bcda878 .. c5a99217-e0ab-5e7d-b3fb-b4370bce722b), Some(3936103) us, 0 findings
Systems effective audit batch 1313 end: 8 subjects (c5ae74db-1fb6-5d6d-8ecd-26697714d5fd .. c5da92e6-e1df-5377-af0b-4b9ebfc131a2), Some(83) us, 0 findings
Systems effective audit batch 1314 begin: 8 subjects (c5dde3cf-7ac2-5a41-8f12-1549776f8516 .. c609a22a-5798-56e0-86f3-1393dd607994), None us, 0 findings
Systems effective audit batch 1315 begin: 8 subjects (c60d2368-4fc7-5d04-90fd-68e002a8f171 .. c62a3aa2-a0a6-5b6f-9c32-172ad930c37e), None us, 0 findings
Systems effective audit batch 1314 end: 8 subjects (c5dde3cf-7ac2-5a41-8f12-1549776f8516 .. c609a22a-5798-56e0-86f3-1393dd607994), Some(1339479) us, 0 findings
Systems effective audit batch 1315 end: 8 subjects (c60d2368-4fc7-5d04-90fd-68e002a8f171 .. c62a3aa2-a0a6-5b6f-9c32-172ad930c37e), Some(66) us, 0 findings
Systems effective audit batch 1316 begin: 8 subjects (c62ab4e5-335f-56c2-ae98-72d05a2d9e58 .. c63bddac-f18c-5ff9-9ade-70fff641915e), None us, 0 findings
Systems effective audit batch 1317 begin: 8 subjects (c6486a4a-419a-5e5d-90ef-4a4726f41d77 .. c668e634-fcae-5129-9834-3ec234f095c8), None us, 0 findings
Systems effective audit batch 1316 end: 8 subjects (c62ab4e5-335f-56c2-ae98-72d05a2d9e58 .. c63bddac-f18c-5ff9-9ade-70fff641915e), Some(71) us, 0 findings
Systems effective audit batch 1317 end: 8 subjects (c6486a4a-419a-5e5d-90ef-4a4726f41d77 .. c668e634-fcae-5129-9834-3ec234f095c8), Some(58) us, 0 findings
Systems effective audit batch 1318 begin: 8 subjects (c66ac73f-eb44-57af-ae8e-617daaf592e5 .. c68c93f7-1da3-56e8-949a-56718e249848), None us, 0 findings
Systems effective audit batch 1319 begin: 8 subjects (c68e65d5-226c-5bad-b8a6-fd86742a4e9d .. c6abb089-13ff-59d7-81d6-36c3a2ca5c72), None us, 0 findings
Systems effective audit batch 1318 end: 8 subjects (c66ac73f-eb44-57af-ae8e-617daaf592e5 .. c68c93f7-1da3-56e8-949a-56718e249848), Some(57) us, 0 findings
Systems effective audit batch 1319 end: 8 subjects (c68e65d5-226c-5bad-b8a6-fd86742a4e9d .. c6abb089-13ff-59d7-81d6-36c3a2ca5c72), Some(64) us, 0 findings
Systems effective audit batch 1320 begin: 8 subjects (c6ac57c0-d349-54b6-9d11-072ef8af8fab .. c6c53e20-901e-5e84-b979-57068847e85c), None us, 0 findings
Systems effective audit batch 1321 begin: 8 subjects (c6c94e77-518c-521c-94a9-1e54a0732665 .. c6e4bf91-5c1b-5bd5-a261-25bac444e37f), None us, 0 findings
Systems effective audit batch 1320 end: 8 subjects (c6ac57c0-d349-54b6-9d11-072ef8af8fab .. c6c53e20-901e-5e84-b979-57068847e85c), Some(74) us, 0 findings
Systems effective audit batch 1321 end: 8 subjects (c6c94e77-518c-521c-94a9-1e54a0732665 .. c6e4bf91-5c1b-5bd5-a261-25bac444e37f), Some(573819) us, 0 findings
Systems effective audit batch 1322 begin: 8 subjects (c6ec3000-d167-5e01-8c29-c2c707d36e42 .. c713059c-f9e6-5a83-a65d-187e7f985114), None us, 0 findings
Systems effective audit batch 1323 begin: 8 subjects (c7138546-28c0-5788-9519-0297d7a38d7d .. c73d2896-41b7-51bc-80fe-2a4a8eea41ae), None us, 0 findings
Systems effective audit batch 1322 end: 8 subjects (c6ec3000-d167-5e01-8c29-c2c707d36e42 .. c713059c-f9e6-5a83-a65d-187e7f985114), Some(113) us, 0 findings
Systems effective audit batch 1323 end: 8 subjects (c7138546-28c0-5788-9519-0297d7a38d7d .. c73d2896-41b7-51bc-80fe-2a4a8eea41ae), Some(25111) us, 0 findings
Systems effective audit batch 1324 begin: 8 subjects (c744f5ec-61e5-595e-a82d-8aee69a4ade7 .. c78a038b-e437-557c-a5d1-615cc225100d), None us, 0 findings
Systems effective audit batch 1325 begin: 8 subjects (c796e032-4c32-531e-83a6-f888450235cb .. c7b181bf-ea0c-563f-8a7e-d707379a690c), None us, 0 findings
Systems effective audit batch 1324 end: 8 subjects (c744f5ec-61e5-595e-a82d-8aee69a4ade7 .. c78a038b-e437-557c-a5d1-615cc225100d), Some(5363449) us, 0 findings
Systems effective audit batch 1325 end: 8 subjects (c796e032-4c32-531e-83a6-f888450235cb .. c7b181bf-ea0c-563f-8a7e-d707379a690c), Some(56) us, 0 findings
Systems effective audit batch 1326 begin: 8 subjects (c7b26c7c-4fb2-5e92-a925-37ef7d521cec .. c7e3ffd3-14e1-5986-9075-fae3acc3b4f4), None us, 0 findings
Systems effective audit batch 1327 begin: 8 subjects (c7ec3164-b4dc-5399-b128-3f94013adae6 .. c8076118-1eda-50e8-8d03-f65f198867fc), None us, 0 findings
Systems effective audit batch 1326 end: 8 subjects (c7b26c7c-4fb2-5e92-a925-37ef7d521cec .. c7e3ffd3-14e1-5986-9075-fae3acc3b4f4), Some(757019) us, 0 findings
Systems effective audit batch 1327 end: 8 subjects (c7ec3164-b4dc-5399-b128-3f94013adae6 .. c8076118-1eda-50e8-8d03-f65f198867fc), Some(73) us, 0 findings
Systems effective audit batch 1328 begin: 8 subjects (c8081311-abde-528d-b108-fbdbfb20e080 .. c81da35c-89a7-555a-8295-857f0e593809), None us, 0 findings
Systems effective audit batch 1329 begin: 8 subjects (c823a027-331f-5fde-b5bb-75c5c142d9eb .. c84e1012-322b-58ca-beb7-fba7001a5932), None us, 0 findings
Systems effective audit batch 1328 end: 8 subjects (c8081311-abde-528d-b108-fbdbfb20e080 .. c81da35c-89a7-555a-8295-857f0e593809), Some(66) us, 0 findings
Systems effective audit batch 1329 end: 8 subjects (c823a027-331f-5fde-b5bb-75c5c142d9eb .. c84e1012-322b-58ca-beb7-fba7001a5932), Some(1490934) us, 0 findings
Systems effective audit batch 1330 begin: 8 subjects (c84eedb7-fb5a-55d7-9bf5-45c1c58e6e44 .. c875a894-9f19-54ea-9c45-d0380e6edf13), None us, 0 findings
Systems effective audit batch 1331 begin: 8 subjects (c87608d2-03a9-53cd-a57a-0ad8e4e345e2 .. c89638ca-1cc0-53e3-b326-f4bf31a2d031), None us, 0 findings
Systems effective audit batch 1330 end: 8 subjects (c84eedb7-fb5a-55d7-9bf5-45c1c58e6e44 .. c875a894-9f19-54ea-9c45-d0380e6edf13), Some(72) us, 0 findings
Systems effective audit batch 1331 end: 8 subjects (c87608d2-03a9-53cd-a57a-0ad8e4e345e2 .. c89638ca-1cc0-53e3-b326-f4bf31a2d031), Some(12808) us, 0 findings
Systems effective audit batch 1332 begin: 8 subjects (c8987663-4156-5bb1-9b16-2190ef1f471d .. c8a628ba-4c5e-58fb-b0d2-c1e7b3f2e78a), None us, 0 findings
Systems effective audit batch 1333 begin: 8 subjects (c8aea0ea-4196-5c6c-8d8c-98d7ec11869e .. c8d489ab-c15e-5189-a4b8-ff15844f71a0), None us, 0 findings
Systems effective audit batch 1332 end: 8 subjects (c8987663-4156-5bb1-9b16-2190ef1f471d .. c8a628ba-4c5e-58fb-b0d2-c1e7b3f2e78a), Some(6029223) us, 0 findings
Systems effective audit batch 1333 end: 8 subjects (c8aea0ea-4196-5c6c-8d8c-98d7ec11869e .. c8d489ab-c15e-5189-a4b8-ff15844f71a0), Some(3513491) us, 0 findings
Systems effective audit batch 1334 begin: 8 subjects (c8d78852-898a-55a5-aa8c-70facd89b8f1 .. c8f74be9-8d8d-51e3-8860-86ba14e7e9ad), None us, 0 findings
Systems effective audit batch 1335 begin: 8 subjects (c8fc7db3-4211-55f1-9b53-bb2860f06373 .. c9289e68-b113-5e9b-9177-8aa46461c9bf), None us, 0 findings
Systems effective audit batch 1334 end: 8 subjects (c8d78852-898a-55a5-aa8c-70facd89b8f1 .. c8f74be9-8d8d-51e3-8860-86ba14e7e9ad), Some(5583565) us, 0 findings
Systems effective audit batch 1335 end: 8 subjects (c8fc7db3-4211-55f1-9b53-bb2860f06373 .. c9289e68-b113-5e9b-9177-8aa46461c9bf), Some(64) us, 0 findings
Systems effective audit batch 1336 begin: 8 subjects (c92b423a-9750-5c76-9e27-dffa91c0607a .. c9463f88-5026-5593-b7f0-80c2d74f3f2d), None us, 0 findings
Systems effective audit batch 1337 begin: 8 subjects (c946ee0c-994d-51aa-93fb-f919e2ed9258 .. c954d808-60ea-5f34-b6df-62697f77288e), None us, 0 findings
Systems effective audit batch 1336 end: 8 subjects (c92b423a-9750-5c76-9e27-dffa91c0607a .. c9463f88-5026-5593-b7f0-80c2d74f3f2d), Some(74) us, 0 findings
Systems effective audit batch 1337 end: 8 subjects (c946ee0c-994d-51aa-93fb-f919e2ed9258 .. c954d808-60ea-5f34-b6df-62697f77288e), Some(183) us, 0 findings
Systems effective audit batch 1338 begin: 8 subjects (c959f2fd-b113-5d1d-bbb7-e04eea9f79b7 .. c9763612-72b2-512b-bdd9-baf5615e0638), None us, 0 findings
Systems effective audit batch 1339 begin: 8 subjects (c97bc14f-49bd-525d-bbd1-c6e15f60a3f7 .. c9926869-132d-5055-a67c-9f6cb740020a), None us, 0 findings
Systems effective audit batch 1338 end: 8 subjects (c959f2fd-b113-5d1d-bbb7-e04eea9f79b7 .. c9763612-72b2-512b-bdd9-baf5615e0638), Some(72) us, 0 findings
Systems effective audit batch 1339 end: 8 subjects (c97bc14f-49bd-525d-bbd1-c6e15f60a3f7 .. c9926869-132d-5055-a67c-9f6cb740020a), Some(78) us, 0 findings
Systems effective audit batch 1340 begin: 8 subjects (c9935843-f6fd-5045-80bf-f3af56dfd8fc .. c9caf84a-b7c0-53b2-9c38-f54710ddcb17), None us, 0 findings
Systems effective audit batch 1341 begin: 8 subjects (c9cf3161-29d8-5670-8240-b9a82571be78 .. c9e7733a-1f8e-542c-81a8-7bae442e689b), None us, 0 findings
Systems effective audit batch 1340 end: 8 subjects (c9935843-f6fd-5045-80bf-f3af56dfd8fc .. c9caf84a-b7c0-53b2-9c38-f54710ddcb17), Some(563062) us, 0 findings
Systems effective audit batch 1341 end: 8 subjects (c9cf3161-29d8-5670-8240-b9a82571be78 .. c9e7733a-1f8e-542c-81a8-7bae442e689b), Some(5500186) us, 0 findings
Systems effective audit batch 1342 begin: 8 subjects (c9f836b8-eb47-5d29-934a-cfd0b981e14a .. ca10ebb3-39d0-5613-8737-8347bca8add5), None us, 0 findings
Systems effective audit batch 1343 begin: 8 subjects (ca141127-374c-5551-8467-36f1ac5c73a0 .. ca2bd0f8-3e53-5f0d-8f87-96d2bad38a08), None us, 0 findings
Systems effective audit batch 1342 end: 8 subjects (c9f836b8-eb47-5d29-934a-cfd0b981e14a .. ca10ebb3-39d0-5613-8737-8347bca8add5), Some(4307376) us, 0 findings
Systems effective audit batch 1343 end: 8 subjects (ca141127-374c-5551-8467-36f1ac5c73a0 .. ca2bd0f8-3e53-5f0d-8f87-96d2bad38a08), Some(69) us, 0 findings
Systems effective audit batch 1344 begin: 8 subjects (ca2cb73a-0c56-5af3-afbe-5597415d492c .. ca457287-8872-5628-bd2a-2c6ebfefde9a), None us, 0 findings
Systems effective audit batch 1345 begin: 8 subjects (ca4925b8-f7d0-525b-89a6-ba81657bd980 .. ca5eaf71-837d-5ae7-8300-81fda8595034), None us, 0 findings
Systems effective audit batch 1344 end: 8 subjects (ca2cb73a-0c56-5af3-afbe-5597415d492c .. ca457287-8872-5628-bd2a-2c6ebfefde9a), Some(1870893) us, 0 findings
Systems effective audit batch 1345 end: 8 subjects (ca4925b8-f7d0-525b-89a6-ba81657bd980 .. ca5eaf71-837d-5ae7-8300-81fda8595034), Some(59) us, 0 findings
Systems effective audit batch 1346 begin: 8 subjects (ca635302-b511-558a-8212-7c71b7cb8c75 .. ca8d8e90-5cd3-5255-9074-8228017ac634), None us, 0 findings
Systems effective audit batch 1347 begin: 8 subjects (ca91602f-dc02-5951-ad10-e3243ca97bd5 .. cab247d5-e08e-5452-a548-4377251ec0b2), None us, 0 findings
Systems effective audit batch 1346 end: 8 subjects (ca635302-b511-558a-8212-7c71b7cb8c75 .. ca8d8e90-5cd3-5255-9074-8228017ac634), Some(3536484) us, 0 findings
Systems effective audit batch 1347 end: 8 subjects (ca91602f-dc02-5951-ad10-e3243ca97bd5 .. cab247d5-e08e-5452-a548-4377251ec0b2), Some(97) us, 0 findings
Systems effective audit batch 1348 begin: 8 subjects (cabb99d3-f781-513f-a5a3-8651be813695 .. cad744f9-9505-5d6c-9b05-c0bd59f3a60e), None us, 0 findings
Systems effective audit batch 1349 begin: 8 subjects (cae66623-68b2-5c1d-b1da-74014716fd03 .. caf6cb9a-086e-5af2-9cb8-9e9b4ecb74dd), None us, 0 findings
Systems effective audit batch 1348 end: 8 subjects (cabb99d3-f781-513f-a5a3-8651be813695 .. cad744f9-9505-5d6c-9b05-c0bd59f3a60e), Some(91) us, 0 findings
Systems effective audit batch 1349 end: 8 subjects (cae66623-68b2-5c1d-b1da-74014716fd03 .. caf6cb9a-086e-5af2-9cb8-9e9b4ecb74dd), Some(463191) us, 0 findings
Systems effective audit batch 1350 begin: 8 subjects (cb01cbe1-3e18-55be-9f49-12ac79832355 .. cb16dcc1-0b0a-5845-b00b-45eea650357b), None us, 0 findings
Systems effective audit batch 1351 begin: 8 subjects (cb184bc3-7f0a-538b-a037-12282ab99176 .. cb26ebfb-6194-5427-8578-836364474b94), None us, 0 findings
Systems effective audit batch 1350 end: 8 subjects (cb01cbe1-3e18-55be-9f49-12ac79832355 .. cb16dcc1-0b0a-5845-b00b-45eea650357b), Some(62) us, 0 findings
Systems effective audit batch 1351 end: 8 subjects (cb184bc3-7f0a-538b-a037-12282ab99176 .. cb26ebfb-6194-5427-8578-836364474b94), Some(296361) us, 0 findings
Systems effective audit batch 1352 begin: 8 subjects (cb281ee3-c757-586f-93f5-f2ad678f93dd .. cb4f7c79-c6c0-5081-b9ab-cdaccf821f81), None us, 0 findings
Systems effective audit batch 1353 begin: 8 subjects (cb54fcf7-8755-59ee-9347-db449b5ddfa3 .. cb7bf972-54c5-5141-9dd3-bde9644b1724), None us, 0 findings
Systems effective audit batch 1352 end: 8 subjects (cb281ee3-c757-586f-93f5-f2ad678f93dd .. cb4f7c79-c6c0-5081-b9ab-cdaccf821f81), Some(66) us, 0 findings
Systems effective audit batch 1353 end: 8 subjects (cb54fcf7-8755-59ee-9347-db449b5ddfa3 .. cb7bf972-54c5-5141-9dd3-bde9644b1724), Some(62) us, 0 findings
Systems effective audit batch 1354 begin: 8 subjects (cb7fec99-5675-5167-a780-fe040ab7aab6 .. cbb1947a-01af-534d-9f21-75d9a75ba323), None us, 0 findings
Systems effective audit batch 1355 begin: 8 subjects (cbb37282-4e83-5058-977d-fc5add2ac5b0 .. cbd9a338-c441-5d45-b1da-c628c6dcf6e1), None us, 0 findings
Systems effective audit batch 1354 end: 8 subjects (cb7fec99-5675-5167-a780-fe040ab7aab6 .. cbb1947a-01af-534d-9f21-75d9a75ba323), Some(61) us, 0 findings
Systems effective audit batch 1355 end: 8 subjects (cbb37282-4e83-5058-977d-fc5add2ac5b0 .. cbd9a338-c441-5d45-b1da-c628c6dcf6e1), Some(63) us, 0 findings
Systems effective audit batch 1356 begin: 8 subjects (cbeacbed-1602-5fa4-9e88-65ca31eed0e2 .. cc062970-24dc-58e7-80e8-2225c5704ee3), None us, 0 findings
Systems effective audit batch 1357 begin: 8 subjects (cc06bab5-5e8d-5db4-ad3d-3b2f73c0570c .. cc1c48d5-98f0-5463-82dd-4b30f5494161), None us, 0 findings
Systems effective audit batch 1356 end: 8 subjects (cbeacbed-1602-5fa4-9e88-65ca31eed0e2 .. cc062970-24dc-58e7-80e8-2225c5704ee3), Some(65) us, 0 findings
Systems effective audit batch 1357 end: 8 subjects (cc06bab5-5e8d-5db4-ad3d-3b2f73c0570c .. cc1c48d5-98f0-5463-82dd-4b30f5494161), Some(210273) us, 0 findings
Systems effective audit batch 1358 begin: 8 subjects (cc1f2cad-4c66-5a23-9e8e-ccef0875701e .. cc2a271d-caaa-5580-ae34-943e243020ba), None us, 0 findings
Systems effective audit batch 1359 begin: 8 subjects (cc2ea9d1-5c60-5394-a368-1f8f0dc1d712 .. cc46be3a-4a5e-5036-b4fc-ff50f8eccb39), None us, 0 findings
Systems effective audit batch 1358 end: 8 subjects (cc1f2cad-4c66-5a23-9e8e-ccef0875701e .. cc2a271d-caaa-5580-ae34-943e243020ba), Some(89) us, 0 findings
Systems effective audit batch 1359 end: 8 subjects (cc2ea9d1-5c60-5394-a368-1f8f0dc1d712 .. cc46be3a-4a5e-5036-b4fc-ff50f8eccb39), Some(1578747) us, 0 findings
Systems effective audit batch 1360 begin: 8 subjects (cc4bccfd-ab4e-59be-b645-1c5a6de45687 .. cc8a2ecd-431e-5e24-8240-1b8b5a4555ab), None us, 0 findings
Systems effective audit batch 1361 begin: 8 subjects (cc907466-1d16-5a18-8edc-f6c2b0d984fc .. ccb302d0-61e8-51d1-8377-ba2a7e46f7ee), None us, 0 findings
Systems effective audit batch 1360 end: 8 subjects (cc4bccfd-ab4e-59be-b645-1c5a6de45687 .. cc8a2ecd-431e-5e24-8240-1b8b5a4555ab), Some(48938) us, 0 findings
Systems effective audit batch 1361 end: 8 subjects (cc907466-1d16-5a18-8edc-f6c2b0d984fc .. ccb302d0-61e8-51d1-8377-ba2a7e46f7ee), Some(84) us, 0 findings
Systems effective audit batch 1362 begin: 8 subjects (ccb35bac-3548-58ad-b297-b76a3e0f2f59 .. ccdfebd7-6fdb-5ea0-8bd5-7a3ef57b01d8), None us, 0 findings
Systems effective audit batch 1363 begin: 8 subjects (cce9c37c-dea6-5b9a-948e-d251b54fe6e2 .. ccfc4b15-f28e-5d94-9c02-a12678e32f64), None us, 0 findings
Systems effective audit batch 1362 end: 8 subjects (ccb35bac-3548-58ad-b297-b76a3e0f2f59 .. ccdfebd7-6fdb-5ea0-8bd5-7a3ef57b01d8), Some(96) us, 0 findings
Systems effective audit batch 1363 end: 8 subjects (cce9c37c-dea6-5b9a-948e-d251b54fe6e2 .. ccfc4b15-f28e-5d94-9c02-a12678e32f64), Some(77) us, 0 findings
Systems effective audit batch 1364 begin: 8 subjects (ccfca30e-bd4c-5838-8d77-aa0c1168ec63 .. cd15bd57-5be4-51ea-9263-89378fc2a07b), None us, 0 findings
Systems effective audit batch 1365 begin: 8 subjects (cd186169-0883-5e4e-bcbe-978d8ef29f41 .. cd26d501-2132-58df-a7a5-5a1e5cc5d82d), None us, 0 findings
Systems effective audit batch 1364 end: 8 subjects (ccfca30e-bd4c-5838-8d77-aa0c1168ec63 .. cd15bd57-5be4-51ea-9263-89378fc2a07b), Some(100) us, 0 findings
Systems effective audit batch 1365 end: 8 subjects (cd186169-0883-5e4e-bcbe-978d8ef29f41 .. cd26d501-2132-58df-a7a5-5a1e5cc5d82d), Some(4354971) us, 0 findings
Systems effective audit batch 1366 begin: 8 subjects (cd280833-f050-5570-9c83-eabfde0839be .. cd40730a-27e4-5047-be43-8b46de83db38), None us, 0 findings
Systems effective audit batch 1367 begin: 8 subjects (cd40c318-5d38-5fb8-91d7-bcc67813db81 .. cd54dc1a-2ee7-5fbb-a39a-0d8c88aaae10), None us, 0 findings
Systems effective audit batch 1366 end: 8 subjects (cd280833-f050-5570-9c83-eabfde0839be .. cd40730a-27e4-5047-be43-8b46de83db38), Some(1182898) us, 0 findings
Systems effective audit batch 1367 end: 8 subjects (cd40c318-5d38-5fb8-91d7-bcc67813db81 .. cd54dc1a-2ee7-5fbb-a39a-0d8c88aaae10), Some(66) us, 0 findings
Systems effective audit batch 1368 begin: 8 subjects (cd56d88a-31b9-5c99-8468-398724cb9832 .. cd67f483-d81f-5adb-97c8-b2bdb7bd40e8), None us, 0 findings
Systems effective audit batch 1369 begin: 8 subjects (cd6c1b2e-d828-5e2b-a6d2-8a1d66b13a87 .. cd9bc0de-832c-551d-b3cd-361c9be0fc33), None us, 0 findings
Systems effective audit batch 1368 end: 8 subjects (cd56d88a-31b9-5c99-8468-398724cb9832 .. cd67f483-d81f-5adb-97c8-b2bdb7bd40e8), Some(101) us, 0 findings
Systems effective audit batch 1369 end: 8 subjects (cd6c1b2e-d828-5e2b-a6d2-8a1d66b13a87 .. cd9bc0de-832c-551d-b3cd-361c9be0fc33), Some(2393107) us, 0 findings
Systems effective audit batch 1370 begin: 8 subjects (cd9c7f49-74d8-5c93-9463-2a78b70f05b2 .. cdb2d5c7-f7ad-5c2d-90b8-1c0d4281251b), None us, 0 findings
Systems effective audit batch 1371 begin: 8 subjects (cdb5dc52-ccc8-5eab-9e73-dba6510e7168 .. cde095ce-c3e9-59d8-8df4-d0e9324eae8f), None us, 0 findings
Systems effective audit batch 1370 end: 8 subjects (cd9c7f49-74d8-5c93-9463-2a78b70f05b2 .. cdb2d5c7-f7ad-5c2d-90b8-1c0d4281251b), Some(1199595) us, 0 findings
Systems effective audit batch 1371 end: 8 subjects (cdb5dc52-ccc8-5eab-9e73-dba6510e7168 .. cde095ce-c3e9-59d8-8df4-d0e9324eae8f), Some(3345113) us, 0 findings
Systems effective audit batch 1372 begin: 8 subjects (cde2aa85-a134-5fce-996e-7c96fc9051c0 .. cdf8c148-1729-5cf0-9902-c95f2fefa41d), None us, 0 findings
Systems effective audit batch 1373 begin: 8 subjects (ce0e215c-9988-51b9-9895-bc9db00725a5 .. ce1ae11a-3b7f-5dfa-9a09-7a335ab2e4dc), None us, 0 findings
Systems effective audit batch 1372 end: 8 subjects (cde2aa85-a134-5fce-996e-7c96fc9051c0 .. cdf8c148-1729-5cf0-9902-c95f2fefa41d), Some(8328374) us, 0 findings
Systems effective audit batch 1373 end: 8 subjects (ce0e215c-9988-51b9-9895-bc9db00725a5 .. ce1ae11a-3b7f-5dfa-9a09-7a335ab2e4dc), Some(57) us, 0 findings
Systems effective audit batch 1374 begin: 8 subjects (ce218c39-fde6-5d10-b67b-ef94019749fc .. ce450c0e-a6f6-5266-b68b-5597b57b6b90), None us, 0 findings
Systems effective audit batch 1375 begin: 8 subjects (ce469173-fa7d-505b-b3e6-a516c3342c11 .. ce6bc86f-1c5f-5e48-8ebb-d80f0e43739d), None us, 0 findings
Systems effective audit batch 1374 end: 8 subjects (ce218c39-fde6-5d10-b67b-ef94019749fc .. ce450c0e-a6f6-5266-b68b-5597b57b6b90), Some(98) us, 0 findings
Systems effective audit batch 1375 end: 8 subjects (ce469173-fa7d-505b-b3e6-a516c3342c11 .. ce6bc86f-1c5f-5e48-8ebb-d80f0e43739d), Some(88) us, 0 findings
Systems effective audit batch 1376 begin: 8 subjects (ce77ee88-9100-5e92-9f2c-cb7a8559b622 .. ce88a285-6b6a-51a5-afb0-62d69bf614a7), None us, 0 findings
Systems effective audit batch 1377 begin: 8 subjects (ce9935bd-a82b-5f35-b34f-4d4dbf0c77a8 .. cec8a050-4517-5abd-80ad-f532ddf1c4c6), None us, 0 findings
Systems effective audit batch 1376 end: 8 subjects (ce77ee88-9100-5e92-9f2c-cb7a8559b622 .. ce88a285-6b6a-51a5-afb0-62d69bf614a7), Some(96) us, 0 findings
Systems effective audit batch 1377 end: 8 subjects (ce9935bd-a82b-5f35-b34f-4d4dbf0c77a8 .. cec8a050-4517-5abd-80ad-f532ddf1c4c6), Some(83) us, 0 findings
Systems effective audit batch 1378 begin: 8 subjects (cecaa89f-3603-59c7-a231-5dbbc171ad7e .. cedccb53-cde4-5e60-9030-7771b2541550), None us, 0 findings
Systems effective audit batch 1379 begin: 8 subjects (cee86d9c-8530-5174-af15-313f0ac9cf77 .. cf10bae0-ea20-5c53-ac01-999512afac0d), None us, 0 findings
Systems effective audit batch 1378 end: 8 subjects (cecaa89f-3603-59c7-a231-5dbbc171ad7e .. cedccb53-cde4-5e60-9030-7771b2541550), Some(72) us, 0 findings
Systems effective audit batch 1379 end: 8 subjects (cee86d9c-8530-5174-af15-313f0ac9cf77 .. cf10bae0-ea20-5c53-ac01-999512afac0d), Some(1135241) us, 0 findings
Systems effective audit batch 1380 begin: 8 subjects (cf13b739-99ac-5277-8304-a0ad62cc3bae .. cf3158d0-9fe3-5efc-8c9a-d9b67a9b63ec), None us, 0 findings
Systems effective audit batch 1381 begin: 8 subjects (cf3316e5-3640-50d4-ac81-12bdf32d498a .. cf54be07-917f-55ab-ad45-5b60e44a5478), None us, 0 findings
Systems effective audit batch 1380 end: 8 subjects (cf13b739-99ac-5277-8304-a0ad62cc3bae .. cf3158d0-9fe3-5efc-8c9a-d9b67a9b63ec), Some(106) us, 0 findings
Systems effective audit batch 1381 end: 8 subjects (cf3316e5-3640-50d4-ac81-12bdf32d498a .. cf54be07-917f-55ab-ad45-5b60e44a5478), Some(6496551) us, 0 findings
Systems effective audit batch 1382 begin: 8 subjects (cf57db5e-5aac-5044-88d9-517fe86a0890 .. cf68da27-261b-5734-994f-c08a742ad3f5), None us, 0 findings
Systems effective audit batch 1383 begin: 8 subjects (cf6bf027-1cee-586d-be04-5f900956594d .. cf8a1f44-f44a-5812-b1e5-b622a2312e6a), None us, 0 findings
Systems effective audit batch 1382 end: 8 subjects (cf57db5e-5aac-5044-88d9-517fe86a0890 .. cf68da27-261b-5734-994f-c08a742ad3f5), Some(285891) us, 0 findings
Systems effective audit batch 1383 end: 8 subjects (cf6bf027-1cee-586d-be04-5f900956594d .. cf8a1f44-f44a-5812-b1e5-b622a2312e6a), Some(72) us, 0 findings
Systems effective audit batch 1384 begin: 8 subjects (cf8fb145-267f-52a1-8ca3-f5cfa35c9f8d .. cfb8b0ad-6cd7-5018-92f4-6fe8f5d1642c), None us, 0 findings
Systems effective audit batch 1385 begin: 8 subjects (cfb9378e-6069-581b-8027-f22c60bb9483 .. cfdb7d15-c81f-5115-864c-2a335eeb832b), None us, 0 findings
Systems effective audit batch 1384 end: 8 subjects (cf8fb145-267f-52a1-8ca3-f5cfa35c9f8d .. cfb8b0ad-6cd7-5018-92f4-6fe8f5d1642c), Some(98) us, 0 findings
Systems effective audit batch 1385 end: 8 subjects (cfb9378e-6069-581b-8027-f22c60bb9483 .. cfdb7d15-c81f-5115-864c-2a335eeb832b), Some(81) us, 0 findings
Systems effective audit batch 1386 begin: 8 subjects (cfdf58cb-b181-52df-bb97-76e23c0403bb .. d019e4b8-2ade-5018-8f0f-56988a9d21ce), None us, 0 findings
Systems effective audit batch 1387 begin: 8 subjects (d01d4cd0-2fca-5616-9ade-b4fcf4978a7e .. d038c681-fbe1-53b5-9e90-e27098af6a50), None us, 0 findings
Systems effective audit batch 1386 end: 8 subjects (cfdf58cb-b181-52df-bb97-76e23c0403bb .. d019e4b8-2ade-5018-8f0f-56988a9d21ce), Some(66) us, 0 findings
Systems effective audit batch 1387 end: 8 subjects (d01d4cd0-2fca-5616-9ade-b4fcf4978a7e .. d038c681-fbe1-53b5-9e90-e27098af6a50), Some(60) us, 0 findings
Systems effective audit batch 1388 begin: 8 subjects (d0465615-4709-5291-b12e-579b00b3c8ea .. d0619a79-2d4e-5107-b05e-2d0665bb3b48), None us, 0 findings
Systems effective audit batch 1389 begin: 8 subjects (d064cf8a-e013-5251-8065-bfe5265298c5 .. d08e83b0-94ce-55ce-af82-e48a3e87f87a), None us, 0 findings
Systems effective audit batch 1388 end: 8 subjects (d0465615-4709-5291-b12e-579b00b3c8ea .. d0619a79-2d4e-5107-b05e-2d0665bb3b48), Some(63) us, 0 findings
Systems effective audit batch 1389 end: 8 subjects (d064cf8a-e013-5251-8065-bfe5265298c5 .. d08e83b0-94ce-55ce-af82-e48a3e87f87a), Some(78) us, 0 findings
Systems effective audit batch 1390 begin: 8 subjects (d0920436-20cd-50a3-a9c0-77b1ecb03433 .. d0a1c071-3bc1-5244-ac31-0e33c68e4960), None us, 0 findings
Systems effective audit batch 1391 begin: 8 subjects (d0ad3702-685a-5778-981f-6118f4b63c1e .. d0d685b7-0d6a-587e-b1e7-9e70479ec23d), None us, 0 findings
Systems effective audit batch 1390 end: 8 subjects (d0920436-20cd-50a3-a9c0-77b1ecb03433 .. d0a1c071-3bc1-5244-ac31-0e33c68e4960), Some(74) us, 0 findings
Systems effective audit batch 1391 end: 8 subjects (d0ad3702-685a-5778-981f-6118f4b63c1e .. d0d685b7-0d6a-587e-b1e7-9e70479ec23d), Some(93) us, 0 findings
Systems effective audit batch 1392 begin: 8 subjects (d0d7d8c5-1d2a-5a6e-92fa-8a145533d5c1 .. d0fc0a02-df69-5944-837f-36b819538207), None us, 0 findings
Systems effective audit batch 1393 begin: 8 subjects (d0ffbf28-677a-5542-9d60-3f7677ac4fb2 .. d12b10db-2634-52e1-a75b-fbee06ec4c52), None us, 0 findings
Systems effective audit batch 1392 end: 8 subjects (d0d7d8c5-1d2a-5a6e-92fa-8a145533d5c1 .. d0fc0a02-df69-5944-837f-36b819538207), Some(2174090) us, 0 findings
Systems effective audit batch 1393 end: 8 subjects (d0ffbf28-677a-5542-9d60-3f7677ac4fb2 .. d12b10db-2634-52e1-a75b-fbee06ec4c52), Some(59) us, 0 findings
Systems effective audit batch 1394 begin: 8 subjects (d12c62ff-23a4-5808-bde3-70fe453db059 .. d14bb3c5-a54b-54fe-aa4d-8d6753fce09e), None us, 0 findings
Systems effective audit batch 1395 begin: 8 subjects (d14dd22b-70bb-5d9e-af21-0ca2e125c702 .. d170164c-66c2-5211-8a3c-d12ab1f6645f), None us, 0 findings
Systems effective audit batch 1394 end: 8 subjects (d12c62ff-23a4-5808-bde3-70fe453db059 .. d14bb3c5-a54b-54fe-aa4d-8d6753fce09e), Some(73) us, 0 findings
Systems effective audit batch 1395 end: 8 subjects (d14dd22b-70bb-5d9e-af21-0ca2e125c702 .. d170164c-66c2-5211-8a3c-d12ab1f6645f), Some(58) us, 0 findings
Systems effective audit batch 1396 begin: 8 subjects (d178bcd7-c602-5466-9fd1-e725b51ee229 .. d1a783f4-c68b-595d-ab76-2c735dc90f1c), None us, 0 findings
Systems effective audit batch 1397 begin: 8 subjects (d1a8a8dd-9708-5b16-9d16-cf4e3f2880c9 .. d1c35b62-9a4f-5e62-a8f3-5a879a088b77), None us, 0 findings
Systems effective audit batch 1396 end: 8 subjects (d178bcd7-c602-5466-9fd1-e725b51ee229 .. d1a783f4-c68b-595d-ab76-2c735dc90f1c), Some(5464799) us, 0 findings
Systems effective audit batch 1397 end: 8 subjects (d1a8a8dd-9708-5b16-9d16-cf4e3f2880c9 .. d1c35b62-9a4f-5e62-a8f3-5a879a088b77), Some(57) us, 0 findings
Systems effective audit batch 1398 begin: 8 subjects (d1c769d3-e3ce-5631-80d3-0ccb13d9ebd8 .. d1dcd0b7-786d-5b51-b6eb-3c8d433a81e3), None us, 0 findings
Systems effective audit batch 1399 begin: 8 subjects (d1df55fa-8566-50a3-abf0-f68dac260a6c .. d2051af0-0484-5573-9c2c-3801f455a274), None us, 0 findings
Systems effective audit batch 1398 end: 8 subjects (d1c769d3-e3ce-5631-80d3-0ccb13d9ebd8 .. d1dcd0b7-786d-5b51-b6eb-3c8d433a81e3), Some(70) us, 0 findings
Systems effective audit batch 1399 end: 8 subjects (d1df55fa-8566-50a3-abf0-f68dac260a6c .. d2051af0-0484-5573-9c2c-3801f455a274), Some(68) us, 0 findings
Systems effective audit batch 1400 begin: 8 subjects (d2154d84-1179-549d-978d-808fa10a6524 .. d248a560-7ea9-5345-bf75-cca842968e00), None us, 0 findings
Systems effective audit batch 1401 begin: 8 subjects (d24a3b35-d1db-58a7-be27-b8bab3046146 .. d289bb84-5467-5a55-8fc3-efea92053608), None us, 0 findings
Systems effective audit batch 1400 end: 8 subjects (d2154d84-1179-549d-978d-808fa10a6524 .. d248a560-7ea9-5345-bf75-cca842968e00), Some(795654) us, 0 findings
Systems effective audit batch 1401 end: 8 subjects (d24a3b35-d1db-58a7-be27-b8bab3046146 .. d289bb84-5467-5a55-8fc3-efea92053608), Some(61) us, 0 findings
Systems effective audit batch 1402 begin: 8 subjects (d28a4534-0306-542d-b3e8-3377dd80504d .. d2bf5657-05b3-5bb4-bdd2-51c78dcf1e6e), None us, 0 findings
Systems effective audit batch 1403 begin: 8 subjects (d2bf9806-12a2-567f-aff4-43a96a48ad8b .. d2d14c16-3e48-521f-aedf-d4df0e8d28b4), None us, 0 findings
Systems effective audit batch 1402 end: 8 subjects (d28a4534-0306-542d-b3e8-3377dd80504d .. d2bf5657-05b3-5bb4-bdd2-51c78dcf1e6e), Some(69) us, 0 findings
Systems effective audit batch 1403 end: 8 subjects (d2bf9806-12a2-567f-aff4-43a96a48ad8b .. d2d14c16-3e48-521f-aedf-d4df0e8d28b4), Some(72) us, 0 findings
Systems effective audit batch 1404 begin: 8 subjects (d2d29598-a541-510c-b513-b21b53a620fe .. d2e84565-5759-516a-8040-8758584f6e18), None us, 0 findings
Systems effective audit batch 1405 begin: 8 subjects (d2ec19eb-fe5c-5afe-9dec-543ea24e4b0d .. d32765d8-ddf2-5f1f-9662-a200aefd1b2e), None us, 0 findings
Systems effective audit batch 1404 end: 8 subjects (d2d29598-a541-510c-b513-b21b53a620fe .. d2e84565-5759-516a-8040-8758584f6e18), Some(347902) us, 0 findings
Systems effective audit batch 1405 end: 8 subjects (d2ec19eb-fe5c-5afe-9dec-543ea24e4b0d .. d32765d8-ddf2-5f1f-9662-a200aefd1b2e), Some(55) us, 0 findings
Systems effective audit batch 1406 begin: 8 subjects (d329b1c2-462a-5b04-a3ac-bafb1abf5de4 .. d337a717-76de-5f08-b1f2-08729209d83d), None us, 0 findings
Systems effective audit batch 1407 begin: 8 subjects (d338e24e-c566-51d4-b14f-5f062257885d .. d3497fed-62bb-5f91-8c58-ef68b758e809), None us, 0 findings
Systems effective audit batch 1406 end: 8 subjects (d329b1c2-462a-5b04-a3ac-bafb1abf5de4 .. d337a717-76de-5f08-b1f2-08729209d83d), Some(73) us, 0 findings
Systems effective audit batch 1407 end: 8 subjects (d338e24e-c566-51d4-b14f-5f062257885d .. d3497fed-62bb-5f91-8c58-ef68b758e809), Some(8636591) us, 0 findings
Systems effective audit batch 1408 begin: 8 subjects (d3536faf-8103-5821-9080-6a5c116f4c26 .. d3626d77-2cd5-55c6-a1c0-b787b538fb74), None us, 0 findings
Systems effective audit batch 1409 begin: 8 subjects (d36b2726-e59c-579d-bb84-b20fe0eb0e9c .. d37ed526-212d-5c74-b68c-63d6c64fcbc9), None us, 0 findings
Systems effective audit batch 1408 end: 8 subjects (d3536faf-8103-5821-9080-6a5c116f4c26 .. d3626d77-2cd5-55c6-a1c0-b787b538fb74), Some(2425215) us, 0 findings
Systems effective audit batch 1409 end: 8 subjects (d36b2726-e59c-579d-bb84-b20fe0eb0e9c .. d37ed526-212d-5c74-b68c-63d6c64fcbc9), Some(4162509) us, 0 findings
Systems effective audit batch 1410 begin: 8 subjects (d3885151-62bf-554e-913b-32f83200715e .. d3ab3b72-e94b-529f-8c82-5169b6253142), None us, 0 findings
Systems effective audit batch 1411 begin: 8 subjects (d3ad189e-29d4-5aa7-89cd-c4b1d972d31f .. d3c6ad1a-19e1-5bc2-81a7-d938cc52037b), None us, 0 findings
Systems effective audit batch 1410 end: 8 subjects (d3885151-62bf-554e-913b-32f83200715e .. d3ab3b72-e94b-529f-8c82-5169b6253142), Some(4406526) us, 0 findings
Systems effective audit batch 1411 end: 8 subjects (d3ad189e-29d4-5aa7-89cd-c4b1d972d31f .. d3c6ad1a-19e1-5bc2-81a7-d938cc52037b), Some(80) us, 0 findings
Systems effective audit batch 1412 begin: 8 subjects (d3c8e129-5294-5b59-9207-6e392ea0618a .. d3d9c6d2-fd38-53f2-9fe4-6ea4877da87a), None us, 0 findings
Systems effective audit batch 1413 begin: 8 subjects (d3e00053-8c46-54ec-aed5-3bca0725e4ca .. d3eebb0b-6b0f-57fe-9809-84998e630017), None us, 0 findings
Systems effective audit batch 1412 end: 8 subjects (d3c8e129-5294-5b59-9207-6e392ea0618a .. d3d9c6d2-fd38-53f2-9fe4-6ea4877da87a), Some(848475) us, 0 findings
Systems effective audit batch 1413 end: 8 subjects (d3e00053-8c46-54ec-aed5-3bca0725e4ca .. d3eebb0b-6b0f-57fe-9809-84998e630017), Some(111) us, 0 findings
Systems effective audit batch 1414 begin: 8 subjects (d3f09904-8e5a-51c5-9087-8de251280a55 .. d41b8359-9baa-5320-9474-b10ec70fe413), None us, 0 findings
Systems effective audit batch 1415 begin: 8 subjects (d41c4527-241c-5d0d-b1b6-9e01f225290f .. d45427d1-f0c6-59aa-a887-2d92c9112e79), None us, 0 findings
Systems effective audit batch 1414 end: 8 subjects (d3f09904-8e5a-51c5-9087-8de251280a55 .. d41b8359-9baa-5320-9474-b10ec70fe413), Some(80) us, 0 findings
Systems effective audit batch 1415 end: 8 subjects (d41c4527-241c-5d0d-b1b6-9e01f225290f .. d45427d1-f0c6-59aa-a887-2d92c9112e79), Some(64) us, 0 findings
Systems effective audit batch 1416 begin: 8 subjects (d455fef7-db3d-52fc-bbfd-2f6de4dc2ce2 .. d46b32da-330c-5598-b4fd-281128431c0a), None us, 0 findings
Systems effective audit batch 1417 begin: 8 subjects (d46b4321-ea16-5fc5-8461-06af74b9a960 .. d492e073-197a-5bc7-acb8-72ac1d436382), None us, 0 findings
Systems effective audit batch 1416 end: 8 subjects (d455fef7-db3d-52fc-bbfd-2f6de4dc2ce2 .. d46b32da-330c-5598-b4fd-281128431c0a), Some(81) us, 0 findings
Systems effective audit batch 1417 end: 8 subjects (d46b4321-ea16-5fc5-8461-06af74b9a960 .. d492e073-197a-5bc7-acb8-72ac1d436382), Some(3517334) us, 0 findings
Systems effective audit batch 1418 begin: 8 subjects (d4aafed3-d9bf-5a43-9049-668c2afd4f18 .. d4bc0f44-0380-5982-9b5c-34d19d807df3), None us, 0 findings
Systems effective audit batch 1419 begin: 8 subjects (d4c2fcdd-4dfe-5f2b-b5f0-0047699b0258 .. d4ee5c09-f55c-5635-8ce3-ad331b2cbebb), None us, 0 findings
Systems effective audit batch 1418 end: 8 subjects (d4aafed3-d9bf-5a43-9049-668c2afd4f18 .. d4bc0f44-0380-5982-9b5c-34d19d807df3), Some(67) us, 0 findings
Systems effective audit batch 1419 end: 8 subjects (d4c2fcdd-4dfe-5f2b-b5f0-0047699b0258 .. d4ee5c09-f55c-5635-8ce3-ad331b2cbebb), Some(65) us, 0 findings
Systems effective audit batch 1420 begin: 8 subjects (d4ef7bf0-ca2e-5c1f-b76a-0e0e5b789ccc .. d4fc991a-377e-5f6d-9c7b-ab91d3e22dab), None us, 0 findings
Systems effective audit batch 1421 begin: 8 subjects (d4fd0856-c19c-58d3-a7f9-1d3a5bc34f49 .. d50f9ed2-aaae-5ef1-9fab-e1bec46f0243), None us, 0 findings
Systems effective audit batch 1420 end: 8 subjects (d4ef7bf0-ca2e-5c1f-b76a-0e0e5b789ccc .. d4fc991a-377e-5f6d-9c7b-ab91d3e22dab), Some(5063099) us, 0 findings
Systems effective audit batch 1421 end: 8 subjects (d4fd0856-c19c-58d3-a7f9-1d3a5bc34f49 .. d50f9ed2-aaae-5ef1-9fab-e1bec46f0243), Some(10905204) us, 0 findings
Systems effective audit batch 1422 begin: 8 subjects (d5112726-ca91-5416-b02c-a3525424d68b .. d5272d0e-4028-5cdc-8658-1f38b9eb7ff2), None us, 0 findings
Systems effective audit batch 1423 begin: 8 subjects (d52ad4f7-3f01-5bc6-9dd0-5944a4f88142 .. d53c3134-1f5c-56df-835c-d1dd2b0a5ec8), None us, 0 findings
Systems effective audit batch 1422 end: 8 subjects (d5112726-ca91-5416-b02c-a3525424d68b .. d5272d0e-4028-5cdc-8658-1f38b9eb7ff2), Some(107) us, 0 findings
Systems effective audit batch 1423 end: 8 subjects (d52ad4f7-3f01-5bc6-9dd0-5944a4f88142 .. d53c3134-1f5c-56df-835c-d1dd2b0a5ec8), Some(62) us, 0 findings
Systems effective audit batch 1424 begin: 8 subjects (d53cbf7c-ba43-5b1e-a013-af04213d6b9a .. d5692b8b-f03f-5d70-be79-1463e5bae365), None us, 0 findings
Systems effective audit batch 1425 begin: 8 subjects (d56db7ec-f047-519f-b012-1531981f7ff2 .. d5952dfc-8180-5277-abd8-3598ecccd5db), None us, 0 findings
Systems effective audit batch 1424 end: 8 subjects (d53cbf7c-ba43-5b1e-a013-af04213d6b9a .. d5692b8b-f03f-5d70-be79-1463e5bae365), Some(69) us, 0 findings
Systems effective audit batch 1425 end: 8 subjects (d56db7ec-f047-519f-b012-1531981f7ff2 .. d5952dfc-8180-5277-abd8-3598ecccd5db), Some(75) us, 0 findings
Systems effective audit batch 1426 begin: 8 subjects (d595351e-d920-55ff-9861-b024090f3449 .. d5b50d35-813f-5a74-8460-effa2ceeee29), None us, 0 findings
Systems effective audit batch 1427 begin: 8 subjects (d5b53162-fa38-5339-8b07-9b6424cc15dc .. d5d48a19-8079-5450-a7f1-c24583f3b526), None us, 0 findings
Systems effective audit batch 1426 end: 8 subjects (d595351e-d920-55ff-9861-b024090f3449 .. d5b50d35-813f-5a74-8460-effa2ceeee29), Some(67) us, 0 findings
Systems effective audit batch 1427 end: 8 subjects (d5b53162-fa38-5339-8b07-9b6424cc15dc .. d5d48a19-8079-5450-a7f1-c24583f3b526), Some(567437) us, 0 findings
Systems effective audit batch 1428 begin: 8 subjects (d5d65ac4-166a-5e18-bfb8-04cd5cfc3860 .. d5f540d8-f64e-5d91-ae11-c2112c402862), None us, 0 findings
Systems effective audit batch 1429 begin: 8 subjects (d600728e-8fef-5af6-944b-9101bd69f101 .. d61f488a-789f-57ef-8870-9ebe804cef29), None us, 0 findings
Systems effective audit batch 1428 end: 8 subjects (d5d65ac4-166a-5e18-bfb8-04cd5cfc3860 .. d5f540d8-f64e-5d91-ae11-c2112c402862), Some(81) us, 0 findings
Systems effective audit batch 1429 end: 8 subjects (d600728e-8fef-5af6-944b-9101bd69f101 .. d61f488a-789f-57ef-8870-9ebe804cef29), Some(60) us, 0 findings
Systems effective audit batch 1430 begin: 8 subjects (d621e633-4f9f-5e15-a59a-03baab8b1ccf .. d63aed20-5f6b-5b68-8961-1a9c87c43e1c), None us, 0 findings
Systems effective audit batch 1431 begin: 8 subjects (d63bb3ca-3aac-596f-9b7f-3b1cf9585edd .. d650444d-56dc-5b64-abf7-169ca18f83d4), None us, 0 findings
Systems effective audit batch 1430 end: 8 subjects (d621e633-4f9f-5e15-a59a-03baab8b1ccf .. d63aed20-5f6b-5b68-8961-1a9c87c43e1c), Some(61) us, 0 findings
Systems effective audit batch 1431 end: 8 subjects (d63bb3ca-3aac-596f-9b7f-3b1cf9585edd .. d650444d-56dc-5b64-abf7-169ca18f83d4), Some(63) us, 0 findings
Systems effective audit batch 1432 begin: 8 subjects (d6549e14-f797-5bff-9a59-22b93b7848f3 .. d66380b3-736d-5f41-a66f-6aa554fe5698), None us, 0 findings
Systems effective audit batch 1433 begin: 8 subjects (d664a57d-af77-5900-bbb4-05bd75e341e8 .. d68bf216-e304-5463-81cf-6422fa051e6f), None us, 0 findings
Systems effective audit batch 1432 end: 8 subjects (d6549e14-f797-5bff-9a59-22b93b7848f3 .. d66380b3-736d-5f41-a66f-6aa554fe5698), Some(64) us, 0 findings
Systems effective audit batch 1433 end: 8 subjects (d664a57d-af77-5900-bbb4-05bd75e341e8 .. d68bf216-e304-5463-81cf-6422fa051e6f), Some(2696797) us, 0 findings
Systems effective audit batch 1434 begin: 8 subjects (d6914f08-5014-581f-a361-7b49bc872821 .. d6bdd84f-3aaa-5419-b321-a3e6f43c9253), None us, 0 findings
Systems effective audit batch 1435 begin: 8 subjects (d6ca3b1a-224d-5268-a528-469eb08321b0 .. d6e74a69-1612-5f64-8433-da8af18125ff), None us, 0 findings
Systems effective audit batch 1434 end: 8 subjects (d6914f08-5014-581f-a361-7b49bc872821 .. d6bdd84f-3aaa-5419-b321-a3e6f43c9253), Some(181) us, 0 findings
Systems effective audit batch 1435 end: 8 subjects (d6ca3b1a-224d-5268-a528-469eb08321b0 .. d6e74a69-1612-5f64-8433-da8af18125ff), Some(168) us, 0 findings
Systems effective audit batch 1436 begin: 8 subjects (d6f72601-3c3e-5813-a905-96f765a77241 .. d71db7fc-8344-53ce-8703-e045fc0ba292), None us, 0 findings
Systems effective audit batch 1437 begin: 8 subjects (d7248876-29c8-51cc-938c-5d58e20f5c1f .. d74c303e-7de4-5e2d-9da4-c6812c797590), None us, 0 findings
Systems effective audit batch 1436 end: 8 subjects (d6f72601-3c3e-5813-a905-96f765a77241 .. d71db7fc-8344-53ce-8703-e045fc0ba292), Some(55) us, 0 findings
Systems effective audit batch 1437 end: 8 subjects (d7248876-29c8-51cc-938c-5d58e20f5c1f .. d74c303e-7de4-5e2d-9da4-c6812c797590), Some(65) us, 0 findings
Systems effective audit batch 1438 begin: 8 subjects (d758cf79-0700-5cfe-891d-f9de7552a3d8 .. d77c2295-1721-518a-99fa-4a19a11816e0), None us, 0 findings
Systems effective audit batch 1439 begin: 8 subjects (d7801e6b-cc07-57b7-aedc-a642b6318866 .. d79d5eae-f340-5981-a360-2ee4ff5d80e0), None us, 0 findings
Systems effective audit batch 1438 end: 8 subjects (d758cf79-0700-5cfe-891d-f9de7552a3d8 .. d77c2295-1721-518a-99fa-4a19a11816e0), Some(57) us, 0 findings
Systems effective audit batch 1439 end: 8 subjects (d7801e6b-cc07-57b7-aedc-a642b6318866 .. d79d5eae-f340-5981-a360-2ee4ff5d80e0), Some(2803966) us, 0 findings
Systems effective audit batch 1440 begin: 8 subjects (d7a31c57-edb6-59ab-9e26-4bd8561aa02f .. d7da433b-94ad-54d6-9822-ae049a79dfa6), None us, 0 findings
Systems effective audit batch 1441 begin: 8 subjects (d7db334c-8c7f-5a4c-84d9-2e1bd490ef06 .. d81326d8-6d53-5357-8d71-9f4927bda0d1), None us, 0 findings
Systems effective audit batch 1440 end: 8 subjects (d7a31c57-edb6-59ab-9e26-4bd8561aa02f .. d7da433b-94ad-54d6-9822-ae049a79dfa6), Some(92) us, 0 findings
Systems effective audit batch 1441 end: 8 subjects (d7db334c-8c7f-5a4c-84d9-2e1bd490ef06 .. d81326d8-6d53-5357-8d71-9f4927bda0d1), Some(73) us, 0 findings
Systems effective audit batch 1442 begin: 8 subjects (d8170fb5-d5f7-5dfa-8ec6-04c48c08d703 .. d82e3d1c-ade9-5ca6-a25e-2751587634cb), None us, 0 findings
Systems effective audit batch 1443 begin: 8 subjects (d833dfc4-1d55-5658-a7c3-97aed3be5a25 .. d85769b3-ec10-5fd3-8296-af616e8aeb74), None us, 0 findings
Systems effective audit batch 1442 end: 8 subjects (d8170fb5-d5f7-5dfa-8ec6-04c48c08d703 .. d82e3d1c-ade9-5ca6-a25e-2751587634cb), Some(55) us, 0 findings
Systems effective audit batch 1443 end: 8 subjects (d833dfc4-1d55-5658-a7c3-97aed3be5a25 .. d85769b3-ec10-5fd3-8296-af616e8aeb74), Some(64) us, 0 findings
Systems effective audit batch 1444 begin: 8 subjects (d85813fc-0033-597e-b044-cb16d27f377c .. d88e3e0c-c4f4-5f49-bfe6-f8243c64bb75), None us, 0 findings
Systems effective audit batch 1445 begin: 8 subjects (d894e0a6-4111-50fd-8ebd-dc509f246d7e .. d8bb14ad-7261-5f1c-8d5a-8e52bb73c778), None us, 0 findings
Systems effective audit batch 1444 end: 8 subjects (d85813fc-0033-597e-b044-cb16d27f377c .. d88e3e0c-c4f4-5f49-bfe6-f8243c64bb75), Some(1527091) us, 0 findings
Systems effective audit batch 1445 end: 8 subjects (d894e0a6-4111-50fd-8ebd-dc509f246d7e .. d8bb14ad-7261-5f1c-8d5a-8e52bb73c778), Some(4020907) us, 0 findings
Systems effective audit batch 1446 begin: 8 subjects (d8c0fcf0-5b1a-519b-aa2e-bdbe709091e4 .. d8d0bce6-a664-5420-8fcc-f4bc8e3439b0), None us, 0 findings
Systems effective audit batch 1447 begin: 8 subjects (d8d380ab-3e1b-5295-a215-c81fdda401a3 .. d900cdef-0efc-525d-ba34-a5620227a744), None us, 0 findings
Systems effective audit batch 1446 end: 8 subjects (d8c0fcf0-5b1a-519b-aa2e-bdbe709091e4 .. d8d0bce6-a664-5420-8fcc-f4bc8e3439b0), Some(71) us, 0 findings
Systems effective audit batch 1447 end: 8 subjects (d8d380ab-3e1b-5295-a215-c81fdda401a3 .. d900cdef-0efc-525d-ba34-a5620227a744), Some(86) us, 0 findings
Systems effective audit batch 1448 begin: 8 subjects (d909c61d-437a-50db-9865-256de9688f1a .. d93ced6c-1bbb-5f74-9af5-973caa4d1fca), None us, 0 findings
Systems effective audit batch 1449 begin: 8 subjects (d93d301c-b0b1-5159-a5a6-f37173b6b59f .. d97e4f1f-021e-5f90-83d9-67ed07751fd9), None us, 0 findings
Systems effective audit batch 1448 end: 8 subjects (d909c61d-437a-50db-9865-256de9688f1a .. d93ced6c-1bbb-5f74-9af5-973caa4d1fca), Some(6217215) us, 0 findings
Systems effective audit batch 1449 end: 8 subjects (d93d301c-b0b1-5159-a5a6-f37173b6b59f .. d97e4f1f-021e-5f90-83d9-67ed07751fd9), Some(4834644) us, 0 findings
Systems effective audit batch 1450 begin: 8 subjects (d98086d8-abfa-5fa0-96ef-06718127f927 .. d999ca2f-48f3-5d48-945f-cef27a1a2351), None us, 0 findings
Systems effective audit batch 1451 begin: 8 subjects (d9a3bb93-05a9-5a78-957b-ac3bc33d95bf .. d9bd854c-8f36-5a29-b894-25562e7ed8e0), None us, 0 findings
Systems effective audit batch 1450 end: 8 subjects (d98086d8-abfa-5fa0-96ef-06718127f927 .. d999ca2f-48f3-5d48-945f-cef27a1a2351), Some(5075768) us, 0 findings
Systems effective audit batch 1451 end: 8 subjects (d9a3bb93-05a9-5a78-957b-ac3bc33d95bf .. d9bd854c-8f36-5a29-b894-25562e7ed8e0), Some(1833212) us, 0 findings
Systems effective audit batch 1452 begin: 8 subjects (d9c0bda6-0316-59ad-90f0-67dae4dd5d32 .. d9d679ac-c6f9-5dbb-82f6-847127c47c01), None us, 0 findings
Systems effective audit batch 1453 begin: 8 subjects (d9df4058-cba6-5f6a-a60b-47120e967e21 .. d9f163c7-9d6d-5511-ac69-21a3c660a2a1), None us, 0 findings
Systems effective audit batch 1452 end: 8 subjects (d9c0bda6-0316-59ad-90f0-67dae4dd5d32 .. d9d679ac-c6f9-5dbb-82f6-847127c47c01), Some(4912579) us, 0 findings
Systems effective audit batch 1453 end: 8 subjects (d9df4058-cba6-5f6a-a60b-47120e967e21 .. d9f163c7-9d6d-5511-ac69-21a3c660a2a1), Some(57) us, 0 findings
Systems effective audit batch 1454 begin: 8 subjects (d9f3012c-0045-5532-9d12-b47f57706af2 .. da1ce9dc-3ddd-5fea-a746-88e7ce555dd2), None us, 0 findings
Systems effective audit batch 1455 begin: 8 subjects (da2b951d-6156-5243-ab2a-968daa4d183d .. da40ab7f-9870-5211-9fce-aa60987aba46), None us, 0 findings
Systems effective audit batch 1454 end: 8 subjects (d9f3012c-0045-5532-9d12-b47f57706af2 .. da1ce9dc-3ddd-5fea-a746-88e7ce555dd2), Some(91) us, 0 findings
Systems effective audit batch 1455 end: 8 subjects (da2b951d-6156-5243-ab2a-968daa4d183d .. da40ab7f-9870-5211-9fce-aa60987aba46), Some(329549) us, 0 findings
Systems effective audit batch 1456 begin: 8 subjects (da43e216-2910-553f-ae5a-18c54a29a642 .. da628252-4cb2-5d70-a9fd-b80fd39e740e), None us, 0 findings
Systems effective audit batch 1457 begin: 8 subjects (da6325b4-bd62-5432-b795-29bfe9b390d2 .. da7ef54c-ffe4-530e-be6e-bdeb571f729f), None us, 0 findings
Systems effective audit batch 1456 end: 8 subjects (da43e216-2910-553f-ae5a-18c54a29a642 .. da628252-4cb2-5d70-a9fd-b80fd39e740e), Some(87) us, 0 findings
Systems effective audit batch 1457 end: 8 subjects (da6325b4-bd62-5432-b795-29bfe9b390d2 .. da7ef54c-ffe4-530e-be6e-bdeb571f729f), Some(559535) us, 0 findings
Systems effective audit batch 1458 begin: 8 subjects (da862d43-1066-5563-ad92-1c11a74912b5 .. daa534da-a80f-5013-8c87-d564d75e57bf), None us, 0 findings
Systems effective audit batch 1459 begin: 8 subjects (dab7ede1-995e-5710-a658-0dd9bbd45171 .. dacd0db3-4904-5d27-b57b-1761afdfb209), None us, 0 findings
Systems effective audit batch 1458 end: 8 subjects (da862d43-1066-5563-ad92-1c11a74912b5 .. daa534da-a80f-5013-8c87-d564d75e57bf), Some(495284) us, 0 findings
Systems effective audit batch 1459 end: 8 subjects (dab7ede1-995e-5710-a658-0dd9bbd45171 .. dacd0db3-4904-5d27-b57b-1761afdfb209), Some(6090188) us, 0 findings
Systems effective audit batch 1460 begin: 8 subjects (dacdf6cb-f388-5d81-9fc3-08a08bafc2be .. daec69e5-b1fc-57ef-971f-e20abd84c55d), None us, 0 findings
Systems effective audit batch 1461 begin: 8 subjects (daed1a47-664d-5d4a-b738-fbac2c684919 .. db06a332-5fa0-5b78-bb5c-c8cb2ca40129), None us, 0 findings
Systems effective audit batch 1460 end: 8 subjects (dacdf6cb-f388-5d81-9fc3-08a08bafc2be .. daec69e5-b1fc-57ef-971f-e20abd84c55d), Some(76) us, 0 findings
Systems effective audit batch 1461 end: 8 subjects (daed1a47-664d-5d4a-b738-fbac2c684919 .. db06a332-5fa0-5b78-bb5c-c8cb2ca40129), Some(63) us, 0 findings
Systems effective audit batch 1462 begin: 8 subjects (db08d702-e54d-57c2-a6d3-a8ba6d9aeafc .. db4f2099-da0f-5a80-be65-a1b762c4a1e9), None us, 0 findings
Systems effective audit batch 1463 begin: 8 subjects (db50cbc0-aabb-5902-88b4-0337bf5970dd .. db6e6724-0d7e-5110-b5eb-40af3b5bee28), None us, 0 findings
Systems effective audit batch 1462 end: 8 subjects (db08d702-e54d-57c2-a6d3-a8ba6d9aeafc .. db4f2099-da0f-5a80-be65-a1b762c4a1e9), Some(59) us, 0 findings
Systems effective audit batch 1463 end: 8 subjects (db50cbc0-aabb-5902-88b4-0337bf5970dd .. db6e6724-0d7e-5110-b5eb-40af3b5bee28), Some(71) us, 0 findings
Systems effective audit batch 1464 begin: 8 subjects (db76346a-ee71-5f25-86d8-b8586c44860c .. db9a3497-d670-5c94-ae43-bb5ea47ad9e5), None us, 0 findings
Systems effective audit batch 1465 begin: 8 subjects (db9b4610-2d33-5677-9020-b2345ae576bf .. dbae6ced-1d31-56f1-ad57-f1611f79bb8e), None us, 0 findings
Systems effective audit batch 1464 end: 8 subjects (db76346a-ee71-5f25-86d8-b8586c44860c .. db9a3497-d670-5c94-ae43-bb5ea47ad9e5), Some(79) us, 0 findings
Systems effective audit batch 1465 end: 8 subjects (db9b4610-2d33-5677-9020-b2345ae576bf .. dbae6ced-1d31-56f1-ad57-f1611f79bb8e), Some(6299535) us, 0 findings
Systems effective audit batch 1466 begin: 8 subjects (dbaf4bba-c43b-52d0-b738-d594fc6807bc .. dbc40605-0d42-5d7f-aa92-49c97746bd9f), None us, 0 findings
Systems effective audit batch 1467 begin: 8 subjects (dbc5ae11-78cf-5aa0-8380-b52ab8b0f72b .. dc02331c-7739-57a5-a32e-9cd210ed6b78), None us, 0 findings
Systems effective audit batch 1466 end: 8 subjects (dbaf4bba-c43b-52d0-b738-d594fc6807bc .. dbc40605-0d42-5d7f-aa92-49c97746bd9f), Some(550504) us, 0 findings
Systems effective audit batch 1467 end: 8 subjects (dbc5ae11-78cf-5aa0-8380-b52ab8b0f72b .. dc02331c-7739-57a5-a32e-9cd210ed6b78), Some(56) us, 0 findings
Systems effective audit batch 1468 begin: 8 subjects (dc06b35e-a5ac-5c18-9c35-5cf73c682523 .. dc37fb6f-51d3-5bcf-92e9-cbea447d478a), None us, 0 findings
Systems effective audit batch 1469 begin: 8 subjects (dc390889-e3f8-5a84-bab0-af1f59ccef0f .. dc6fd71e-1f68-5eb1-b4be-9463311f159a), None us, 0 findings
Systems effective audit batch 1468 end: 8 subjects (dc06b35e-a5ac-5c18-9c35-5cf73c682523 .. dc37fb6f-51d3-5bcf-92e9-cbea447d478a), Some(2377660) us, 0 findings
Systems effective audit batch 1469 end: 8 subjects (dc390889-e3f8-5a84-bab0-af1f59ccef0f .. dc6fd71e-1f68-5eb1-b4be-9463311f159a), Some(66) us, 0 findings
Systems effective audit batch 1470 begin: 8 subjects (dc7562fa-52f1-5d52-ba18-d2402aa1fe6a .. dc85029d-7018-58f0-a386-a312a0ee77d4), None us, 0 findings
Systems effective audit batch 1471 begin: 8 subjects (dc889c0c-16eb-5e78-97a9-95b8d33bae44 .. dcb27ab2-9e22-53ed-bab3-7700bb2a8199), None us, 0 findings
Systems effective audit batch 1470 end: 8 subjects (dc7562fa-52f1-5d52-ba18-d2402aa1fe6a .. dc85029d-7018-58f0-a386-a312a0ee77d4), Some(81) us, 0 findings
Systems effective audit batch 1471 end: 8 subjects (dc889c0c-16eb-5e78-97a9-95b8d33bae44 .. dcb27ab2-9e22-53ed-bab3-7700bb2a8199), Some(100) us, 0 findings
Systems effective audit batch 1472 begin: 8 subjects (dcb6446e-b8eb-5169-8ada-52cab281d5ce .. dcbeadeb-51ff-58e1-bc18-50a95aa2d31c), None us, 0 findings
Systems effective audit batch 1473 begin: 8 subjects (dcbed8e1-5ca5-57b8-8e12-08df6a7709c2 .. dcdf8cbf-c915-553f-bb25-f649162f744b), None us, 0 findings
Systems effective audit batch 1472 end: 8 subjects (dcb6446e-b8eb-5169-8ada-52cab281d5ce .. dcbeadeb-51ff-58e1-bc18-50a95aa2d31c), Some(2163260) us, 0 findings
Systems effective audit batch 1473 end: 8 subjects (dcbed8e1-5ca5-57b8-8e12-08df6a7709c2 .. dcdf8cbf-c915-553f-bb25-f649162f744b), Some(1122240) us, 0 findings
Systems effective audit batch 1474 begin: 8 subjects (dce234ed-3d7d-5a5c-b6ce-e4dd66432aff .. dced0dc5-507a-5aac-b57f-067f44af3716), None us, 0 findings
Systems effective audit batch 1475 begin: 8 subjects (dcee71c9-8041-5921-ad3a-7d709a1dd369 .. dd0bfe82-3b93-5ae6-a5b5-e91bd72459c1), None us, 0 findings
Systems effective audit batch 1474 end: 8 subjects (dce234ed-3d7d-5a5c-b6ce-e4dd66432aff .. dced0dc5-507a-5aac-b57f-067f44af3716), Some(4395907) us, 0 findings
Systems effective audit batch 1475 end: 8 subjects (dcee71c9-8041-5921-ad3a-7d709a1dd369 .. dd0bfe82-3b93-5ae6-a5b5-e91bd72459c1), Some(975689) us, 0 findings
Systems effective audit batch 1476 begin: 8 subjects (dd0c69bf-3859-58ee-8e7d-f9bbea3a96ae .. dd351a44-996b-5ce1-bdc2-8faffd2597d8), None us, 0 findings
Systems effective audit batch 1477 begin: 8 subjects (dd36dc56-8b44-5af1-a9bc-c78c454f7dc7 .. dd50d2f5-c2c2-5889-b052-1e05d96e71fd), None us, 0 findings
Systems effective audit batch 1476 end: 8 subjects (dd0c69bf-3859-58ee-8e7d-f9bbea3a96ae .. dd351a44-996b-5ce1-bdc2-8faffd2597d8), Some(235) us, 0 findings
Systems effective audit batch 1477 end: 8 subjects (dd36dc56-8b44-5af1-a9bc-c78c454f7dc7 .. dd50d2f5-c2c2-5889-b052-1e05d96e71fd), Some(637602) us, 0 findings
Systems effective audit batch 1478 begin: 8 subjects (dd58531e-21f4-52ba-bcc4-c47c850cbc46 .. dd91c87a-4442-5942-ba0e-7d15c3057318), None us, 0 findings
Systems effective audit batch 1479 begin: 8 subjects (dd937edc-794a-5450-8032-451925143965 .. ddbba83a-c6c6-578a-b91c-d93a0e50e131), None us, 0 findings
Systems effective audit batch 1478 end: 8 subjects (dd58531e-21f4-52ba-bcc4-c47c850cbc46 .. dd91c87a-4442-5942-ba0e-7d15c3057318), Some(102) us, 0 findings
Systems effective audit batch 1479 end: 8 subjects (dd937edc-794a-5450-8032-451925143965 .. ddbba83a-c6c6-578a-b91c-d93a0e50e131), Some(82) us, 0 findings
Systems effective audit batch 1480 begin: 8 subjects (ddbd4132-89ec-5ecf-896a-e42b94fc7bba .. dde39acf-afcf-568a-8226-44ed4a714d90), None us, 0 findings
Systems effective audit batch 1481 begin: 8 subjects (dde7947f-724e-5c43-8f23-5aae94519424 .. de0ee0ed-e4b4-5093-bfbc-84d03a0537b7), None us, 0 findings
Systems effective audit batch 1480 end: 8 subjects (ddbd4132-89ec-5ecf-896a-e42b94fc7bba .. dde39acf-afcf-568a-8226-44ed4a714d90), Some(4613580) us, 0 findings
Systems effective audit batch 1481 end: 8 subjects (dde7947f-724e-5c43-8f23-5aae94519424 .. de0ee0ed-e4b4-5093-bfbc-84d03a0537b7), Some(57) us, 0 findings
Systems effective audit batch 1482 begin: 8 subjects (de147223-ff9e-5b45-8d48-32a215499e7c .. de2765d3-dbc9-5bd6-8120-0575866aa48d), None us, 0 findings
Systems effective audit batch 1483 begin: 8 subjects (de2b1ec1-11f8-5193-a101-9bbc7bd3d2a5 .. de3c4f41-f98d-5b73-9041-cac33f1917bb), None us, 0 findings
Systems effective audit batch 1482 end: 8 subjects (de147223-ff9e-5b45-8d48-32a215499e7c .. de2765d3-dbc9-5bd6-8120-0575866aa48d), Some(97) us, 0 findings
Systems effective audit batch 1483 end: 8 subjects (de2b1ec1-11f8-5193-a101-9bbc7bd3d2a5 .. de3c4f41-f98d-5b73-9041-cac33f1917bb), Some(929405) us, 0 findings
Systems effective audit batch 1484 begin: 8 subjects (de3f372e-8e21-56e1-82b4-a4935d8c2bf7 .. de57f4d5-96a5-542e-be41-1f8a1f40c993), None us, 0 findings
Systems effective audit batch 1485 begin: 8 subjects (de622609-fce5-54c0-82f8-c759c2eee520 .. de8488c1-1d30-54d3-947d-824c556251f2), None us, 0 findings
Systems effective audit batch 1484 end: 8 subjects (de3f372e-8e21-56e1-82b4-a4935d8c2bf7 .. de57f4d5-96a5-542e-be41-1f8a1f40c993), Some(3285348) us, 0 findings
Systems effective audit batch 1485 end: 8 subjects (de622609-fce5-54c0-82f8-c759c2eee520 .. de8488c1-1d30-54d3-947d-824c556251f2), Some(61) us, 0 findings
Systems effective audit batch 1486 begin: 8 subjects (de86c284-cadd-51b3-a67d-fbc8ad6d4242 .. de9e1cc6-3872-584b-8e9c-2f532ba699eb), None us, 0 findings
Systems effective audit batch 1487 begin: 8 subjects (de9e5f38-c392-57f2-961f-9f22517a16a4 .. debb23c3-7ee9-5006-81fb-cf471dee3fc1), None us, 0 findings
Systems effective audit batch 1486 end: 8 subjects (de86c284-cadd-51b3-a67d-fbc8ad6d4242 .. de9e1cc6-3872-584b-8e9c-2f532ba699eb), Some(72) us, 0 findings
Systems effective audit batch 1487 end: 8 subjects (de9e5f38-c392-57f2-961f-9f22517a16a4 .. debb23c3-7ee9-5006-81fb-cf471dee3fc1), Some(63) us, 0 findings
Systems effective audit batch 1488 begin: 8 subjects (dec04d60-a5e4-5bde-a9d4-2fa9e6ce9919 .. dee10b42-b2e4-5d89-b28a-5341e6255069), None us, 0 findings
Systems effective audit batch 1489 begin: 8 subjects (deea74a2-3d08-562d-829d-cff5b1224fbd .. df0e10d1-ef08-57ec-bd5b-ad0832a6a83e), None us, 0 findings
Systems effective audit batch 1488 end: 8 subjects (dec04d60-a5e4-5bde-a9d4-2fa9e6ce9919 .. dee10b42-b2e4-5d89-b28a-5341e6255069), Some(55) us, 0 findings
Systems effective audit batch 1489 end: 8 subjects (deea74a2-3d08-562d-829d-cff5b1224fbd .. df0e10d1-ef08-57ec-bd5b-ad0832a6a83e), Some(58) us, 0 findings
Systems effective audit batch 1490 begin: 8 subjects (df1185d6-bdc0-50a8-ad52-a4cfaf2f0674 .. df322d9d-f4e2-53d2-8f0f-0218f2ebca51), None us, 0 findings
Systems effective audit batch 1491 begin: 8 subjects (df3e5ba7-9ca5-5dd7-9af3-bfb670cff5b2 .. df5b928a-4367-550c-a667-61e5d5c1e7e5), None us, 0 findings
Systems effective audit batch 1490 end: 8 subjects (df1185d6-bdc0-50a8-ad52-a4cfaf2f0674 .. df322d9d-f4e2-53d2-8f0f-0218f2ebca51), Some(56) us, 0 findings
Systems effective audit batch 1491 end: 8 subjects (df3e5ba7-9ca5-5dd7-9af3-bfb670cff5b2 .. df5b928a-4367-550c-a667-61e5d5c1e7e5), Some(60) us, 0 findings
Systems effective audit batch 1492 begin: 8 subjects (df6ad926-ed5b-51f1-94e8-3b80646e19d7 .. df8ce2c2-7d53-57b7-96bd-ed54860339e2), None us, 0 findings
Systems effective audit batch 1493 begin: 8 subjects (df8e10d7-227d-5fa5-9d94-df7eaae42eae .. dfaf3970-97d5-567a-8b4d-57019614d8da), None us, 0 findings
Systems effective audit batch 1492 end: 8 subjects (df6ad926-ed5b-51f1-94e8-3b80646e19d7 .. df8ce2c2-7d53-57b7-96bd-ed54860339e2), Some(59) us, 0 findings
Systems effective audit batch 1493 end: 8 subjects (df8e10d7-227d-5fa5-9d94-df7eaae42eae .. dfaf3970-97d5-567a-8b4d-57019614d8da), Some(56) us, 0 findings
Systems effective audit batch 1494 begin: 8 subjects (dfb735af-5d05-525f-b571-7592980a6b5e .. dfcee3ed-dd9b-5d65-a55a-91ef36261c74), None us, 0 findings
Systems effective audit batch 1495 begin: 8 subjects (dfd298e1-1bcd-52af-a049-59348957d2fe .. dff8c67e-f44e-58c3-bb1b-39dcb44fedf8), None us, 0 findings
Systems effective audit batch 1494 end: 8 subjects (dfb735af-5d05-525f-b571-7592980a6b5e .. dfcee3ed-dd9b-5d65-a55a-91ef36261c74), Some(56) us, 0 findings
Systems effective audit batch 1495 end: 8 subjects (dfd298e1-1bcd-52af-a049-59348957d2fe .. dff8c67e-f44e-58c3-bb1b-39dcb44fedf8), Some(3908200) us, 0 findings
Systems effective audit batch 1496 begin: 8 subjects (dff9d925-38c8-5563-ad65-25151604b60c .. e02a3ae0-1321-5b68-9142-aa7bf02533fe), None us, 0 findings
Systems effective audit batch 1497 begin: 8 subjects (e02ebb6e-1ce9-5ca7-9c4e-3fc9049db648 .. e0444fd3-aa61-5e7a-9a15-13c70b676123), None us, 0 findings
Systems effective audit batch 1496 end: 8 subjects (dff9d925-38c8-5563-ad65-25151604b60c .. e02a3ae0-1321-5b68-9142-aa7bf02533fe), Some(8252632) us, 0 findings
Systems effective audit batch 1497 end: 8 subjects (e02ebb6e-1ce9-5ca7-9c4e-3fc9049db648 .. e0444fd3-aa61-5e7a-9a15-13c70b676123), Some(58) us, 0 findings
Systems effective audit batch 1498 begin: 8 subjects (e052e9ec-7728-5bbe-94f2-babd5339bba5 .. e07089f4-2b50-558f-b5e5-ea8b36aa91a5), None us, 0 findings
Systems effective audit batch 1499 begin: 8 subjects (e0791f52-ab76-5d32-a955-e00a99092523 .. e09ba519-0ef2-5745-9ee3-3a64d69115e1), None us, 0 findings
Systems effective audit batch 1498 end: 8 subjects (e052e9ec-7728-5bbe-94f2-babd5339bba5 .. e07089f4-2b50-558f-b5e5-ea8b36aa91a5), Some(73) us, 0 findings
Systems effective audit batch 1499 end: 8 subjects (e0791f52-ab76-5d32-a955-e00a99092523 .. e09ba519-0ef2-5745-9ee3-3a64d69115e1), Some(63) us, 0 findings
Systems effective audit batch 1500 begin: 8 subjects (e0b17b04-e68f-56ae-bbc9-e4f38e5a29de .. e0eed7e8-5f42-5463-b1b7-803c35998a68), None us, 0 findings
Systems effective audit batch 1501 begin: 8 subjects (e0f1cf1c-30e4-5fef-83e5-048201f2fac6 .. e1107efb-8c46-5ddb-9254-ea1e65827af8), None us, 0 findings
Systems effective audit batch 1500 end: 8 subjects (e0b17b04-e68f-56ae-bbc9-e4f38e5a29de .. e0eed7e8-5f42-5463-b1b7-803c35998a68), Some(55) us, 0 findings
Systems effective audit batch 1501 end: 8 subjects (e0f1cf1c-30e4-5fef-83e5-048201f2fac6 .. e1107efb-8c46-5ddb-9254-ea1e65827af8), Some(66) us, 0 findings
Systems effective audit batch 1502 begin: 8 subjects (e11da635-c19e-5e50-8150-75f95ab7d801 .. e13b9da9-ae38-525f-9a79-17c23df893cf), None us, 0 findings
Systems effective audit batch 1503 begin: 8 subjects (e14084ab-cf09-5ac4-ba8a-1a0dcc06dc2c .. e1540cea-b8c0-5705-9e59-5c97b4de0bed), None us, 0 findings
Systems effective audit batch 1502 end: 8 subjects (e11da635-c19e-5e50-8150-75f95ab7d801 .. e13b9da9-ae38-525f-9a79-17c23df893cf), Some(63) us, 0 findings
Systems effective audit batch 1503 end: 8 subjects (e14084ab-cf09-5ac4-ba8a-1a0dcc06dc2c .. e1540cea-b8c0-5705-9e59-5c97b4de0bed), Some(1351658) us, 0 findings
Systems effective audit batch 1504 begin: 8 subjects (e1543bd5-a85e-552d-9f3d-d3b129ae1ca5 .. e18dccdf-26ad-57f5-827c-9d614c32e137), None us, 0 findings
Systems effective audit batch 1505 begin: 8 subjects (e19187c8-efdd-5b83-bff6-53862b8b82f1 .. e19e1641-43e6-56c9-9839-9b1b9a8ff60d), None us, 0 findings
Systems effective audit batch 1504 end: 8 subjects (e1543bd5-a85e-552d-9f3d-d3b129ae1ca5 .. e18dccdf-26ad-57f5-827c-9d614c32e137), Some(62) us, 0 findings
Systems effective audit batch 1505 end: 8 subjects (e19187c8-efdd-5b83-bff6-53862b8b82f1 .. e19e1641-43e6-56c9-9839-9b1b9a8ff60d), Some(57) us, 0 findings
Systems effective audit batch 1506 begin: 8 subjects (e19e8fcb-b78c-5401-b802-7f1efabea808 .. e1cf4978-f870-57dc-8e1e-8c3a9012af71), None us, 0 findings
Systems effective audit batch 1507 begin: 8 subjects (e1d792e8-3039-5738-a04f-1ac8e87acd2e .. e1f3954c-08e7-5bda-8e46-e9a89d39680f), None us, 0 findings
Systems effective audit batch 1506 end: 8 subjects (e19e8fcb-b78c-5401-b802-7f1efabea808 .. e1cf4978-f870-57dc-8e1e-8c3a9012af71), Some(79) us, 0 findings
Systems effective audit batch 1507 end: 8 subjects (e1d792e8-3039-5738-a04f-1ac8e87acd2e .. e1f3954c-08e7-5bda-8e46-e9a89d39680f), Some(82) us, 0 findings
Systems effective audit batch 1508 begin: 8 subjects (e1f70c35-e7ce-553b-b6de-a87d84bda432 .. e20fb9ac-0946-5172-b808-6f2a16101618), None us, 0 findings
Systems effective audit batch 1509 begin: 8 subjects (e21060df-d954-52f5-aec9-b622c6890fcc .. e232cf79-0342-58fd-a016-d53ea7b3bc10), None us, 0 findings
Systems effective audit batch 1508 end: 8 subjects (e1f70c35-e7ce-553b-b6de-a87d84bda432 .. e20fb9ac-0946-5172-b808-6f2a16101618), Some(81) us, 0 findings
Systems effective audit batch 1509 end: 8 subjects (e21060df-d954-52f5-aec9-b622c6890fcc .. e232cf79-0342-58fd-a016-d53ea7b3bc10), Some(67) us, 0 findings
Systems effective audit batch 1510 begin: 8 subjects (e23d5c42-774d-52dc-9086-c1befff51cc6 .. e2514547-ce57-54fc-badf-d2a89f189689), None us, 0 findings
Systems effective audit batch 1511 begin: 8 subjects (e25324d7-5370-5c99-81e8-e31553936494 .. e27cf6af-f0ee-587b-b17c-de982c966627), None us, 0 findings
Systems effective audit batch 1510 end: 8 subjects (e23d5c42-774d-52dc-9086-c1befff51cc6 .. e2514547-ce57-54fc-badf-d2a89f189689), Some(2625965) us, 0 findings
Systems effective audit batch 1511 end: 8 subjects (e25324d7-5370-5c99-81e8-e31553936494 .. e27cf6af-f0ee-587b-b17c-de982c966627), Some(63) us, 0 findings
Systems effective audit batch 1512 begin: 8 subjects (e2810b0a-2ace-5125-876c-84ac85566531 .. e2a7277c-8606-5578-8d44-d11ce8649e1e), None us, 0 findings
Systems effective audit batch 1513 begin: 8 subjects (e2aa0e5f-0f73-594a-b7c6-d9559e455207 .. e2dd02d8-57e5-597d-beaf-e43338715850), None us, 0 findings
Systems effective audit batch 1512 end: 8 subjects (e2810b0a-2ace-5125-876c-84ac85566531 .. e2a7277c-8606-5578-8d44-d11ce8649e1e), Some(68) us, 0 findings
Systems effective audit batch 1513 end: 8 subjects (e2aa0e5f-0f73-594a-b7c6-d9559e455207 .. e2dd02d8-57e5-597d-beaf-e43338715850), Some(58) us, 0 findings
Systems effective audit batch 1514 begin: 8 subjects (e2de4dd3-46cb-5915-8ba2-3df9f1b33fd8 .. e2fa247e-e210-58d1-a054-08d447dd8fae), None us, 0 findings
Systems effective audit batch 1515 begin: 8 subjects (e2fbcd92-19d7-5f0a-93e7-2f07f2ee530c .. e31ca688-c839-58be-9d0e-d77d532d90cc), None us, 0 findings
Systems effective audit batch 1514 end: 8 subjects (e2de4dd3-46cb-5915-8ba2-3df9f1b33fd8 .. e2fa247e-e210-58d1-a054-08d447dd8fae), Some(608641) us, 0 findings
Systems effective audit batch 1515 end: 8 subjects (e2fbcd92-19d7-5f0a-93e7-2f07f2ee530c .. e31ca688-c839-58be-9d0e-d77d532d90cc), Some(56) us, 0 findings
Systems effective audit batch 1516 begin: 8 subjects (e31e2080-2fc7-5f38-acaa-068723c0bb86 .. e32de5f8-a56e-58d0-8707-0dfc15a9b7a9), None us, 0 findings
Systems effective audit batch 1517 begin: 8 subjects (e338c34a-dfb3-5fc1-94c0-63971145e0fd .. e352010c-c66e-5b49-ab6e-ee517b6a6d2d), None us, 0 findings
Systems effective audit batch 1516 end: 8 subjects (e31e2080-2fc7-5f38-acaa-068723c0bb86 .. e32de5f8-a56e-58d0-8707-0dfc15a9b7a9), Some(1898662) us, 0 findings
Systems effective audit batch 1517 end: 8 subjects (e338c34a-dfb3-5fc1-94c0-63971145e0fd .. e352010c-c66e-5b49-ab6e-ee517b6a6d2d), Some(59) us, 0 findings
Systems effective audit batch 1518 begin: 8 subjects (e358f4e9-a69e-5b8b-b6c6-10e227ba078c .. e39c1689-c6c0-57c7-9e5f-b2896a0480af), None us, 0 findings
Systems effective audit batch 1519 begin: 8 subjects (e3a0f6ab-1040-5132-b39a-0f30b099cb8a .. e3bf3a18-d309-5300-99c4-dfbf966e1285), None us, 0 findings
Systems effective audit batch 1518 end: 8 subjects (e358f4e9-a69e-5b8b-b6c6-10e227ba078c .. e39c1689-c6c0-57c7-9e5f-b2896a0480af), Some(890545) us, 0 findings
Systems effective audit batch 1519 end: 8 subjects (e3a0f6ab-1040-5132-b39a-0f30b099cb8a .. e3bf3a18-d309-5300-99c4-dfbf966e1285), Some(72) us, 0 findings
Systems effective audit batch 1520 begin: 8 subjects (e3bfd4c8-f976-58b0-8a79-c744ddecb633 .. e3d6be24-8d1c-5495-bafe-8c765fac4065), None us, 0 findings
Systems effective audit batch 1521 begin: 8 subjects (e3d6d32f-0adc-5c74-89eb-14bb07f1b8d9 .. e3f8a508-3273-5825-a9b5-1e31524c556c), None us, 0 findings
Systems effective audit batch 1520 end: 8 subjects (e3bfd4c8-f976-58b0-8a79-c744ddecb633 .. e3d6be24-8d1c-5495-bafe-8c765fac4065), Some(69) us, 0 findings
Systems effective audit batch 1521 end: 8 subjects (e3d6d32f-0adc-5c74-89eb-14bb07f1b8d9 .. e3f8a508-3273-5825-a9b5-1e31524c556c), Some(63) us, 0 findings
Systems effective audit batch 1522 begin: 8 subjects (e3fa3051-6c09-5c6b-8814-78843834f34e .. e404c04a-2afd-50b9-babb-f6d19dd20620), None us, 0 findings
Systems effective audit batch 1523 begin: 8 subjects (e40e14d0-ef31-520b-85c4-56c00e6061e0 .. e4549b21-f1f3-5182-a566-9439d0fe581e), None us, 0 findings
Systems effective audit batch 1522 end: 8 subjects (e3fa3051-6c09-5c6b-8814-78843834f34e .. e404c04a-2afd-50b9-babb-f6d19dd20620), Some(1339566) us, 0 findings
Systems effective audit batch 1523 end: 8 subjects (e40e14d0-ef31-520b-85c4-56c00e6061e0 .. e4549b21-f1f3-5182-a566-9439d0fe581e), Some(1543379) us, 0 findings
Systems effective audit batch 1524 begin: 8 subjects (e46412eb-ae70-5b2f-abd8-2b90ec1b3648 .. e48070aa-473e-50fd-8eed-b6abc188f5d2), None us, 0 findings
Systems effective audit batch 1525 begin: 8 subjects (e485e70b-ea6f-5568-b48a-949fd75d8b3d .. e49291c4-faf6-58bb-81b7-af77602ec0af), None us, 0 findings
Systems effective audit batch 1524 end: 8 subjects (e46412eb-ae70-5b2f-abd8-2b90ec1b3648 .. e48070aa-473e-50fd-8eed-b6abc188f5d2), Some(122) us, 0 findings
Systems effective audit batch 1525 end: 8 subjects (e485e70b-ea6f-5568-b48a-949fd75d8b3d .. e49291c4-faf6-58bb-81b7-af77602ec0af), Some(72) us, 0 findings
Systems effective audit batch 1526 begin: 8 subjects (e4997b4c-3d64-5a48-90f3-af6b4e3db1cc .. e4ca6e3f-826f-5640-a3ed-e3dde86a5796), None us, 0 findings
Systems effective audit batch 1527 begin: 8 subjects (e4cdee40-f355-56ab-94df-c1c5e5aaaea0 .. e4ed13c7-83ae-55f1-a3b2-dc6e9a5c94a9), None us, 0 findings
Systems effective audit batch 1526 end: 8 subjects (e4997b4c-3d64-5a48-90f3-af6b4e3db1cc .. e4ca6e3f-826f-5640-a3ed-e3dde86a5796), Some(67) us, 0 findings
Systems effective audit batch 1527 end: 8 subjects (e4cdee40-f355-56ab-94df-c1c5e5aaaea0 .. e4ed13c7-83ae-55f1-a3b2-dc6e9a5c94a9), Some(76) us, 0 findings
Systems effective audit batch 1528 begin: 8 subjects (e4efc01e-c592-5fda-93bc-4a2cac9d50ee .. e517a94b-6f6e-5948-aa9e-d9c71e8b485a), None us, 0 findings
Systems effective audit batch 1529 begin: 8 subjects (e5222938-6eec-512d-a197-244f755feede .. e53c8c2b-f0d8-5a22-afe5-211fc5cd8580), None us, 0 findings
Systems effective audit batch 1528 end: 8 subjects (e4efc01e-c592-5fda-93bc-4a2cac9d50ee .. e517a94b-6f6e-5948-aa9e-d9c71e8b485a), Some(61) us, 0 findings
Systems effective audit batch 1529 end: 8 subjects (e5222938-6eec-512d-a197-244f755feede .. e53c8c2b-f0d8-5a22-afe5-211fc5cd8580), Some(14845) us, 0 findings
Systems effective audit batch 1530 begin: 8 subjects (e548be96-a95b-5e92-bb46-41da36c15086 .. e55cb084-aa70-59eb-a21f-a49aa3167875), None us, 0 findings
Systems effective audit batch 1531 begin: 8 subjects (e55ec67c-fb56-5282-9d71-a65c5025ec74 .. e574ce91-f465-5f9a-827c-96de814c56b7), None us, 0 findings
Systems effective audit batch 1530 end: 8 subjects (e548be96-a95b-5e92-bb46-41da36c15086 .. e55cb084-aa70-59eb-a21f-a49aa3167875), Some(59) us, 0 findings
Systems effective audit batch 1531 end: 8 subjects (e55ec67c-fb56-5282-9d71-a65c5025ec74 .. e574ce91-f465-5f9a-827c-96de814c56b7), Some(3015163) us, 0 findings
Systems effective audit batch 1532 begin: 8 subjects (e57b9cae-8c90-553c-b5f1-6f7770419e9a .. e59c1eba-ac33-5760-bfe9-29f856e1a4b9), None us, 0 findings
Systems effective audit batch 1533 begin: 8 subjects (e59d65d7-d823-5f6e-bb3e-ca57dcd6ef96 .. e5d5a1d1-f3e3-5fee-93b2-a30d94115f09), None us, 0 findings
Systems effective audit batch 1532 end: 8 subjects (e57b9cae-8c90-553c-b5f1-6f7770419e9a .. e59c1eba-ac33-5760-bfe9-29f856e1a4b9), Some(73) us, 0 findings
Systems effective audit batch 1533 end: 8 subjects (e59d65d7-d823-5f6e-bb3e-ca57dcd6ef96 .. e5d5a1d1-f3e3-5fee-93b2-a30d94115f09), Some(60) us, 0 findings
Systems effective audit batch 1534 begin: 8 subjects (e5f72734-5000-5745-a834-36735dcffe02 .. e61113b4-174f-583d-957c-33931b39c4b8), None us, 0 findings
Systems effective audit batch 1535 begin: 8 subjects (e6119d50-f632-5050-83bb-b4591cc570f1 .. e6404627-8b1e-5deb-82b7-2085f197e3f8), None us, 0 findings
Systems effective audit batch 1534 end: 8 subjects (e5f72734-5000-5745-a834-36735dcffe02 .. e61113b4-174f-583d-957c-33931b39c4b8), Some(74407) us, 0 findings
Systems effective audit batch 1535 end: 8 subjects (e6119d50-f632-5050-83bb-b4591cc570f1 .. e6404627-8b1e-5deb-82b7-2085f197e3f8), Some(55) us, 0 findings
Systems effective audit batch 1536 begin: 8 subjects (e6428d99-3cbc-5e77-9704-05c6e401034c .. e6650943-0ab8-5ed3-94ab-d67d38ad0c63), None us, 0 findings
Systems effective audit batch 1537 begin: 8 subjects (e666e698-0cb5-5efb-afc3-bf2f2656d4f3 .. e687a2ec-c781-5259-adc6-bd9a21e8c739), None us, 0 findings
Systems effective audit batch 1536 end: 8 subjects (e6428d99-3cbc-5e77-9704-05c6e401034c .. e6650943-0ab8-5ed3-94ab-d67d38ad0c63), Some(1974438) us, 0 findings
Systems effective audit batch 1537 end: 8 subjects (e666e698-0cb5-5efb-afc3-bf2f2656d4f3 .. e687a2ec-c781-5259-adc6-bd9a21e8c739), Some(3342525) us, 0 findings
Systems effective audit batch 1538 begin: 8 subjects (e6881db1-8c70-5f78-ad88-732141de2100 .. e6ad0ff1-a636-5fef-96ba-4cb688a39d53), None us, 0 findings
Systems effective audit batch 1539 begin: 8 subjects (e6b3d627-b60f-5668-87dd-17810c25db4f .. e704560f-0383-5610-9b3b-082632c07f23), None us, 0 findings
Systems effective audit batch 1538 end: 8 subjects (e6881db1-8c70-5f78-ad88-732141de2100 .. e6ad0ff1-a636-5fef-96ba-4cb688a39d53), Some(26939) us, 0 findings
Systems effective audit batch 1539 end: 8 subjects (e6b3d627-b60f-5668-87dd-17810c25db4f .. e704560f-0383-5610-9b3b-082632c07f23), Some(79) us, 0 findings
Systems effective audit batch 1540 begin: 8 subjects (e70bd9fd-9058-5f47-9a2e-f8f0f88007a4 .. e7402323-d44a-5167-9335-69b47ec748b2), None us, 0 findings
Systems effective audit batch 1541 begin: 8 subjects (e74a20ee-66ad-58a6-9dc2-1a5237807dca .. e76d30a1-2f36-584d-8dce-409db017b746), None us, 0 findings
Systems effective audit batch 1540 end: 8 subjects (e70bd9fd-9058-5f47-9a2e-f8f0f88007a4 .. e7402323-d44a-5167-9335-69b47ec748b2), Some(65) us, 0 findings
Systems effective audit batch 1541 end: 8 subjects (e74a20ee-66ad-58a6-9dc2-1a5237807dca .. e76d30a1-2f36-584d-8dce-409db017b746), Some(3677349) us, 0 findings
Systems effective audit batch 1542 begin: 8 subjects (e76da7a4-3ceb-5e86-bd94-78b55fa22633 .. e77d2bcd-9f64-5feb-b1dd-b6b2516354c3), None us, 0 findings
Systems effective audit batch 1543 begin: 8 subjects (e7809ecb-fc0e-5337-902d-adfdaf126ed6 .. e79dbea8-8655-516b-ac02-e81d3bd781f0), None us, 0 findings
Systems effective audit batch 1542 end: 8 subjects (e76da7a4-3ceb-5e86-bd94-78b55fa22633 .. e77d2bcd-9f64-5feb-b1dd-b6b2516354c3), Some(90) us, 0 findings
Systems effective audit batch 1543 end: 8 subjects (e7809ecb-fc0e-5337-902d-adfdaf126ed6 .. e79dbea8-8655-516b-ac02-e81d3bd781f0), Some(62) us, 0 findings
Systems effective audit batch 1544 begin: 8 subjects (e7a2ded6-ab71-5b14-b82c-36c73aeaf74f .. e7c52068-d9a1-59f4-b989-2d176ed2bec9), None us, 0 findings
Systems effective audit batch 1545 begin: 8 subjects (e7c6a93e-df15-5f03-9b95-519172795052 .. e7ef0cab-b852-51b2-b93e-37ed15e4dd35), None us, 0 findings
Systems effective audit batch 1544 end: 8 subjects (e7a2ded6-ab71-5b14-b82c-36c73aeaf74f .. e7c52068-d9a1-59f4-b989-2d176ed2bec9), Some(3611177) us, 0 findings
Systems effective audit batch 1545 end: 8 subjects (e7c6a93e-df15-5f03-9b95-519172795052 .. e7ef0cab-b852-51b2-b93e-37ed15e4dd35), Some(87) us, 0 findings
Systems effective audit batch 1546 begin: 8 subjects (e7f04496-8fe1-593c-849d-ab85a73aa93c .. e81e4a87-d87d-576e-9e27-900d86aace69), None us, 0 findings
Systems effective audit batch 1547 begin: 8 subjects (e8200ff7-4ba3-527f-8187-d2d9e9f48e56 .. e82d36b1-5c53-5c75-b6b3-61060096154a), None us, 0 findings
Systems effective audit batch 1546 end: 8 subjects (e7f04496-8fe1-593c-849d-ab85a73aa93c .. e81e4a87-d87d-576e-9e27-900d86aace69), Some(72) us, 0 findings
Systems effective audit batch 1547 end: 8 subjects (e8200ff7-4ba3-527f-8187-d2d9e9f48e56 .. e82d36b1-5c53-5c75-b6b3-61060096154a), Some(2885692) us, 0 findings
Systems effective audit batch 1548 begin: 8 subjects (e82e3d95-32b0-576d-b11e-9216e143f63d .. e879da20-0211-5750-9bde-a9c01abc439b), None us, 0 findings
Systems effective audit batch 1549 begin: 8 subjects (e87b5f7b-6ea7-52ef-9bc2-67e5aa055ca7 .. e89cc1ec-3cbf-5b3a-8d41-16d62f8ed19f), None us, 0 findings
Systems effective audit batch 1548 end: 8 subjects (e82e3d95-32b0-576d-b11e-9216e143f63d .. e879da20-0211-5750-9bde-a9c01abc439b), Some(122) us, 0 findings
Systems effective audit batch 1549 end: 8 subjects (e87b5f7b-6ea7-52ef-9bc2-67e5aa055ca7 .. e89cc1ec-3cbf-5b3a-8d41-16d62f8ed19f), Some(89) us, 0 findings
Systems effective audit batch 1550 begin: 8 subjects (e89e54d1-219a-54a5-9922-4945d6498e0a .. e8d5e2ef-1746-5567-adbb-7e502def0706), None us, 0 findings
Systems effective audit batch 1551 begin: 8 subjects (e8dbdb02-1e21-5327-88f6-bd58117cc952 .. e9172f83-4e78-5374-b68a-06f394a4f054), None us, 0 findings
Systems effective audit batch 1550 end: 8 subjects (e89e54d1-219a-54a5-9922-4945d6498e0a .. e8d5e2ef-1746-5567-adbb-7e502def0706), Some(308161) us, 0 findings
Systems effective audit batch 1551 end: 8 subjects (e8dbdb02-1e21-5327-88f6-bd58117cc952 .. e9172f83-4e78-5374-b68a-06f394a4f054), Some(3830615) us, 0 findings
Systems effective audit batch 1552 begin: 8 subjects (e91bb22d-ae91-5843-9f9f-20a0adf2fa05 .. e9387393-9bb9-5e59-be65-3dad9276553b), None us, 0 findings
Systems effective audit batch 1553 begin: 8 subjects (e9420769-3535-5544-9a46-18d703914748 .. e949c720-6b05-5d4c-b8ac-e1b0d6ac5a30), None us, 0 findings
Systems effective audit batch 1552 end: 8 subjects (e91bb22d-ae91-5843-9f9f-20a0adf2fa05 .. e9387393-9bb9-5e59-be65-3dad9276553b), Some(2570223) us, 0 findings
Systems effective audit batch 1553 end: 8 subjects (e9420769-3535-5544-9a46-18d703914748 .. e949c720-6b05-5d4c-b8ac-e1b0d6ac5a30), Some(71) us, 0 findings
Systems effective audit batch 1554 begin: 8 subjects (e94ad475-5f10-517f-99e5-dce6d4745c92 .. e95e3821-0c51-5f9c-b346-5c312da3d37a), None us, 0 findings
Systems effective audit batch 1555 begin: 8 subjects (e963f474-1105-59ad-88d2-dd56f20eb694 .. e9824fe9-a56a-51b8-97e8-121974332ea8), None us, 0 findings
Systems effective audit batch 1554 end: 8 subjects (e94ad475-5f10-517f-99e5-dce6d4745c92 .. e95e3821-0c51-5f9c-b346-5c312da3d37a), Some(88) us, 0 findings
Systems effective audit batch 1555 end: 8 subjects (e963f474-1105-59ad-88d2-dd56f20eb694 .. e9824fe9-a56a-51b8-97e8-121974332ea8), Some(79) us, 0 findings
Systems effective audit batch 1556 begin: 8 subjects (e9830176-1d21-57be-a5dc-a5385a17f469 .. e99ded8b-5b70-5031-8e1e-49af7eb75296), None us, 0 findings
Systems effective audit batch 1557 begin: 8 subjects (e9a01388-e03a-5362-90d9-acb87690231f .. e9ca7811-b8cb-576c-8a04-7488e64c16f4), None us, 0 findings
Systems effective audit batch 1556 end: 8 subjects (e9830176-1d21-57be-a5dc-a5385a17f469 .. e99ded8b-5b70-5031-8e1e-49af7eb75296), Some(112) us, 0 findings
Systems effective audit batch 1557 end: 8 subjects (e9a01388-e03a-5362-90d9-acb87690231f .. e9ca7811-b8cb-576c-8a04-7488e64c16f4), Some(77) us, 0 findings
Systems effective audit batch 1558 begin: 8 subjects (e9d0a400-a987-5474-84d6-5890072ee600 .. e9ddab19-8ae3-5c24-8cbe-b7e9068e2118), None us, 0 findings
Systems effective audit batch 1559 begin: 8 subjects (e9de1767-1892-5523-8ddb-642183d2793d .. ea0982fe-27d1-532f-a1a1-257ce0ba54a4), None us, 0 findings
Systems effective audit batch 1558 end: 8 subjects (e9d0a400-a987-5474-84d6-5890072ee600 .. e9ddab19-8ae3-5c24-8cbe-b7e9068e2118), Some(5222747) us, 0 findings
Systems effective audit batch 1559 end: 8 subjects (e9de1767-1892-5523-8ddb-642183d2793d .. ea0982fe-27d1-532f-a1a1-257ce0ba54a4), Some(1320985) us, 0 findings
Systems effective audit batch 1560 begin: 8 subjects (ea0a73f2-52c4-5f8a-88c1-93b5f15f1ed2 .. ea2677ed-a6a9-5930-ab65-6f306e7210bd), None us, 0 findings
Systems effective audit batch 1561 begin: 8 subjects (ea2706a6-422d-56b3-bf94-4606154f07ec .. ea66cc20-7a38-5771-ac9d-394e4e7f301e), None us, 0 findings
Systems effective audit batch 1560 end: 8 subjects (ea0a73f2-52c4-5f8a-88c1-93b5f15f1ed2 .. ea2677ed-a6a9-5930-ab65-6f306e7210bd), Some(73) us, 0 findings
Systems effective audit batch 1561 end: 8 subjects (ea2706a6-422d-56b3-bf94-4606154f07ec .. ea66cc20-7a38-5771-ac9d-394e4e7f301e), Some(622728) us, 0 findings
Systems effective audit batch 1562 begin: 8 subjects (ea68d1c2-1cd4-53c8-8287-14410b3b5807 .. ea9b7f9d-3493-5bba-b41e-7cd2461b7c2b), None us, 0 findings
Systems effective audit batch 1563 begin: 8 subjects (eaae6003-74b3-5b88-92fc-da069025c0a3 .. eade3fd2-d1a4-5529-ad73-9ff7b44b2b06), None us, 0 findings
Systems effective audit batch 1562 end: 8 subjects (ea68d1c2-1cd4-53c8-8287-14410b3b5807 .. ea9b7f9d-3493-5bba-b41e-7cd2461b7c2b), Some(112) us, 0 findings
Systems effective audit batch 1563 end: 8 subjects (eaae6003-74b3-5b88-92fc-da069025c0a3 .. eade3fd2-d1a4-5529-ad73-9ff7b44b2b06), Some(142) us, 0 findings
Systems effective audit batch 1564 begin: 8 subjects (eade7d95-cd59-5899-a22d-50214e4b81af .. eaf20384-18ab-54e5-82f9-22ad77198690), None us, 0 findings
Systems effective audit batch 1565 begin: 8 subjects (eaf3d959-82a9-551f-b07b-8e549f378df6 .. eb0d58d7-51a3-5488-b8d6-7b33b81c5c8d), None us, 0 findings
Systems effective audit batch 1564 end: 8 subjects (eade7d95-cd59-5899-a22d-50214e4b81af .. eaf20384-18ab-54e5-82f9-22ad77198690), Some(1098290) us, 0 findings
Systems effective audit batch 1565 end: 8 subjects (eaf3d959-82a9-551f-b07b-8e549f378df6 .. eb0d58d7-51a3-5488-b8d6-7b33b81c5c8d), Some(59) us, 0 findings
Systems effective audit batch 1566 begin: 8 subjects (eb1116e8-2f82-5ac2-a598-37333352d92e .. eb46bc49-7245-5a47-bde1-c9e01226314c), None us, 0 findings
Systems effective audit batch 1567 begin: 8 subjects (eb489e39-2f55-5130-89f6-1a57134a274c .. eb6b6b97-537d-5a7d-8f1d-c32a7018395e), None us, 0 findings
Systems effective audit batch 1566 end: 8 subjects (eb1116e8-2f82-5ac2-a598-37333352d92e .. eb46bc49-7245-5a47-bde1-c9e01226314c), Some(74) us, 0 findings
Systems effective audit batch 1567 end: 8 subjects (eb489e39-2f55-5130-89f6-1a57134a274c .. eb6b6b97-537d-5a7d-8f1d-c32a7018395e), Some(60) us, 0 findings
Systems effective audit batch 1568 begin: 8 subjects (eb6ce0b6-4007-5254-9b00-f54e2606ed95 .. eb9b5c2c-66a2-50b6-9207-b38d66b411c2), None us, 0 findings
Systems effective audit batch 1569 begin: 8 subjects (eba0de56-8328-5c36-9d77-d2b55cd04260 .. ebc1b538-548e-5b4d-9334-e662756f25cd), None us, 0 findings
Systems effective audit batch 1568 end: 8 subjects (eb6ce0b6-4007-5254-9b00-f54e2606ed95 .. eb9b5c2c-66a2-50b6-9207-b38d66b411c2), Some(607109) us, 0 findings
Systems effective audit batch 1569 end: 8 subjects (eba0de56-8328-5c36-9d77-d2b55cd04260 .. ebc1b538-548e-5b4d-9334-e662756f25cd), Some(58) us, 0 findings
Systems effective audit batch 1570 begin: 8 subjects (ebc89bfc-1e4f-5b85-b8f5-5106142f800d .. ebdf1036-d96e-5669-b1c2-7413a3f04c10), None us, 0 findings
Systems effective audit batch 1571 begin: 8 subjects (ebe3dc9f-d82d-5ccd-a691-94c36fd53f32 .. ebf6bbaa-475f-57da-8a8c-3d5ac9b08442), None us, 0 findings
Systems effective audit batch 1570 end: 8 subjects (ebc89bfc-1e4f-5b85-b8f5-5106142f800d .. ebdf1036-d96e-5669-b1c2-7413a3f04c10), Some(63) us, 0 findings
Systems effective audit batch 1571 end: 8 subjects (ebe3dc9f-d82d-5ccd-a691-94c36fd53f32 .. ebf6bbaa-475f-57da-8a8c-3d5ac9b08442), Some(66) us, 0 findings
Systems effective audit batch 1572 begin: 8 subjects (ebfb9508-7650-52c6-b3f2-24a27badce80 .. ec15736c-33f9-547b-b38b-28998ed2b705), None us, 0 findings
Systems effective audit batch 1573 begin: 8 subjects (ec17ffab-f0e2-5675-8cb5-3afdfaf36359 .. ec3f3d18-cf1e-518a-9a05-c8fc1f43cf6e), None us, 0 findings
Systems effective audit batch 1572 end: 8 subjects (ebfb9508-7650-52c6-b3f2-24a27badce80 .. ec15736c-33f9-547b-b38b-28998ed2b705), Some(682994) us, 0 findings
Systems effective audit batch 1573 end: 8 subjects (ec17ffab-f0e2-5675-8cb5-3afdfaf36359 .. ec3f3d18-cf1e-518a-9a05-c8fc1f43cf6e), Some(445988) us, 0 findings
Systems effective audit batch 1574 begin: 8 subjects (ec5ccdb2-fab5-5ba1-ba1c-53939f70060d .. ec7457c0-c4d2-5e73-92bd-363db415a36b), None us, 0 findings
Systems effective audit batch 1575 begin: 8 subjects (ec79283e-288e-5529-ac7b-a2f0f90b77b7 .. ecb02ec7-df01-542d-a61e-b4eb5ea4c81b), None us, 0 findings
Systems effective audit batch 1574 end: 8 subjects (ec5ccdb2-fab5-5ba1-ba1c-53939f70060d .. ec7457c0-c4d2-5e73-92bd-363db415a36b), Some(5755502) us, 0 findings
Systems effective audit batch 1575 end: 8 subjects (ec79283e-288e-5529-ac7b-a2f0f90b77b7 .. ecb02ec7-df01-542d-a61e-b4eb5ea4c81b), Some(1210180) us, 0 findings
Systems effective audit batch 1576 begin: 8 subjects (ecb1cfc5-d456-5f08-96fc-4e0d024904d9 .. ecd756eb-a4e7-5bdb-b583-b32f4a5e5175), None us, 0 findings
Systems effective audit batch 1577 begin: 8 subjects (ecef3fc9-b9a6-50c6-899e-1bcce51b2db9 .. ed126394-d29a-560b-9893-ac24af8ea20f), None us, 0 findings
Systems effective audit batch 1576 end: 8 subjects (ecb1cfc5-d456-5f08-96fc-4e0d024904d9 .. ecd756eb-a4e7-5bdb-b583-b32f4a5e5175), Some(76) us, 0 findings
Systems effective audit batch 1577 end: 8 subjects (ecef3fc9-b9a6-50c6-899e-1bcce51b2db9 .. ed126394-d29a-560b-9893-ac24af8ea20f), Some(56) us, 0 findings
Systems effective audit batch 1578 begin: 8 subjects (ed159db5-ae15-5f7c-b7c0-10f7d1a6922f .. ed365032-1c99-5e66-abb1-616c0b34bc0f), None us, 0 findings
Systems effective audit batch 1579 begin: 8 subjects (ed39b292-e531-5bd7-919a-0683994a98e2 .. ed525916-c4e9-54b1-9229-5e65029205b4), None us, 0 findings
Systems effective audit batch 1578 end: 8 subjects (ed159db5-ae15-5f7c-b7c0-10f7d1a6922f .. ed365032-1c99-5e66-abb1-616c0b34bc0f), Some(2946007) us, 0 findings
Systems effective audit batch 1579 end: 8 subjects (ed39b292-e531-5bd7-919a-0683994a98e2 .. ed525916-c4e9-54b1-9229-5e65029205b4), Some(56) us, 0 findings
Systems effective audit batch 1580 begin: 8 subjects (ed52c3d7-6682-5858-aedd-926e2d85a206 .. ed74f23d-1544-5d9f-8f68-23aed8d6e24c), None us, 0 findings
Systems effective audit batch 1581 begin: 8 subjects (ed75ec41-29fd-5c43-8bfd-be8c9ce88d8a .. ed8d3f8f-9ea4-50af-8ae0-e7159e2cc32b), None us, 0 findings
Systems effective audit batch 1580 end: 8 subjects (ed52c3d7-6682-5858-aedd-926e2d85a206 .. ed74f23d-1544-5d9f-8f68-23aed8d6e24c), Some(1809150) us, 0 findings
Systems effective audit batch 1581 end: 8 subjects (ed75ec41-29fd-5c43-8bfd-be8c9ce88d8a .. ed8d3f8f-9ea4-50af-8ae0-e7159e2cc32b), Some(204248) us, 0 findings
Systems effective audit batch 1582 begin: 8 subjects (ed8d40d5-6a95-58c3-99c6-3336fd165367 .. eda787ca-55a5-59cd-9685-f3a6fb3f2bd5), None us, 0 findings
Systems effective audit batch 1583 begin: 8 subjects (eda84ec1-ba40-55dc-9fff-c1b579de3cca .. ede6353c-bae2-55c1-857e-cd938720ddbe), None us, 0 findings
Systems effective audit batch 1582 end: 8 subjects (ed8d40d5-6a95-58c3-99c6-3336fd165367 .. eda787ca-55a5-59cd-9685-f3a6fb3f2bd5), Some(72) us, 0 findings
Systems effective audit batch 1583 end: 8 subjects (eda84ec1-ba40-55dc-9fff-c1b579de3cca .. ede6353c-bae2-55c1-857e-cd938720ddbe), Some(62) us, 0 findings
Systems effective audit batch 1584 begin: 8 subjects (eded0282-c140-5ff6-9598-e60b0a5e7fc3 .. ee147c3c-ebf5-54ff-ab11-58db076dbf60), None us, 0 findings
Systems effective audit batch 1585 begin: 8 subjects (ee18f0f8-c136-50ba-bad6-eae5785040d8 .. ee30a087-7901-502b-a685-104023b2a7f5), None us, 0 findings
Systems effective audit batch 1584 end: 8 subjects (eded0282-c140-5ff6-9598-e60b0a5e7fc3 .. ee147c3c-ebf5-54ff-ab11-58db076dbf60), Some(6798309) us, 0 findings
Systems effective audit batch 1585 end: 8 subjects (ee18f0f8-c136-50ba-bad6-eae5785040d8 .. ee30a087-7901-502b-a685-104023b2a7f5), Some(56) us, 0 findings
Systems effective audit batch 1586 begin: 8 subjects (ee474bf7-0017-58e9-8cad-93bdaba3b2e4 .. ee769987-dae6-5447-9a8f-4b54796f07fe), None us, 0 findings
Systems effective audit batch 1587 begin: 8 subjects (ee880509-fb0d-561f-994a-b49c287c2214 .. eecc4aed-14a1-54da-84f4-a92ab0083c10), None us, 0 findings
Systems effective audit batch 1586 end: 8 subjects (ee474bf7-0017-58e9-8cad-93bdaba3b2e4 .. ee769987-dae6-5447-9a8f-4b54796f07fe), Some(113) us, 0 findings
Systems effective audit batch 1587 end: 8 subjects (ee880509-fb0d-561f-994a-b49c287c2214 .. eecc4aed-14a1-54da-84f4-a92ab0083c10), Some(1008087) us, 0 findings
Systems effective audit batch 1588 begin: 8 subjects (eed7a8de-f71c-52e5-939c-dd99acb0d481 .. ef03218f-e169-5aed-aff6-440430e38fc4), None us, 0 findings
Systems effective audit batch 1589 begin: 8 subjects (ef05fb4a-2126-56df-ad35-797a946ad411 .. ef173022-55b4-53c2-96a6-1e2885f07003), None us, 0 findings
Systems effective audit batch 1588 end: 8 subjects (eed7a8de-f71c-52e5-939c-dd99acb0d481 .. ef03218f-e169-5aed-aff6-440430e38fc4), Some(72) us, 0 findings
Systems effective audit batch 1589 end: 8 subjects (ef05fb4a-2126-56df-ad35-797a946ad411 .. ef173022-55b4-53c2-96a6-1e2885f07003), Some(58) us, 0 findings
Systems effective audit batch 1590 begin: 8 subjects (ef188b41-53cb-5259-b560-406f2258da9b .. ef3ea681-9173-5706-9405-11dd97f43132), None us, 0 findings
Systems effective audit batch 1591 begin: 8 subjects (ef43a9b0-8ac5-5d2f-866c-3c400c221139 .. ef5ece95-6275-57b0-a845-f4442c59141b), None us, 0 findings
Systems effective audit batch 1590 end: 8 subjects (ef188b41-53cb-5259-b560-406f2258da9b .. ef3ea681-9173-5706-9405-11dd97f43132), Some(56) us, 0 findings
Systems effective audit batch 1591 end: 8 subjects (ef43a9b0-8ac5-5d2f-866c-3c400c221139 .. ef5ece95-6275-57b0-a845-f4442c59141b), Some(50) us, 0 findings
Systems effective audit batch 1592 begin: 8 subjects (ef62afaf-41a8-549d-8cd2-ea6b7b1d4e09 .. ef83ae12-cbce-5e06-947b-42867c6d03e6), None us, 0 findings
Systems effective audit batch 1593 begin: 8 subjects (ef8b5ca8-3143-53fa-ad61-87403b9207f4 .. efbe5dc8-05c2-5bb0-a6ba-fce0d9ca5039), None us, 0 findings
Systems effective audit batch 1592 end: 8 subjects (ef62afaf-41a8-549d-8cd2-ea6b7b1d4e09 .. ef83ae12-cbce-5e06-947b-42867c6d03e6), Some(54) us, 0 findings
Systems effective audit batch 1593 end: 8 subjects (ef8b5ca8-3143-53fa-ad61-87403b9207f4 .. efbe5dc8-05c2-5bb0-a6ba-fce0d9ca5039), Some(5283395) us, 0 findings
Systems effective audit batch 1594 begin: 8 subjects (efc7ad08-a0b3-50c0-8572-37568547fb56 .. efde9199-18ac-568b-b4d9-2ccc5ca27160), None us, 0 findings
Systems effective audit batch 1595 begin: 8 subjects (efdff9ba-6254-59d7-b432-2d1a386930e4 .. f000fc79-8886-57a8-9213-786c4d9e9f8b), None us, 0 findings
Systems effective audit batch 1594 end: 8 subjects (efc7ad08-a0b3-50c0-8572-37568547fb56 .. efde9199-18ac-568b-b4d9-2ccc5ca27160), Some(391739) us, 0 findings
Systems effective audit batch 1595 end: 8 subjects (efdff9ba-6254-59d7-b432-2d1a386930e4 .. f000fc79-8886-57a8-9213-786c4d9e9f8b), Some(59) us, 0 findings
Systems effective audit batch 1596 begin: 8 subjects (f006fe3d-80af-5364-8b49-4da2d0140cf0 .. f02e4482-a30b-5d22-9b95-c98784184bac), None us, 0 findings
Systems effective audit batch 1597 begin: 8 subjects (f0341b90-49b9-5ccd-96cb-b0ab79cdb7b7 .. f067cb63-2420-5070-9990-855e8da05df3), None us, 0 findings
Systems effective audit batch 1596 end: 8 subjects (f006fe3d-80af-5364-8b49-4da2d0140cf0 .. f02e4482-a30b-5d22-9b95-c98784184bac), Some(136) us, 0 findings
Systems effective audit batch 1597 end: 8 subjects (f0341b90-49b9-5ccd-96cb-b0ab79cdb7b7 .. f067cb63-2420-5070-9990-855e8da05df3), Some(83) us, 0 findings
Systems effective audit batch 1598 begin: 8 subjects (f0737fa2-a4ef-54c0-82be-734d938e388d .. f084e8ca-3ec4-5af9-ba94-9185c35f551c), None us, 0 findings
Systems effective audit batch 1599 begin: 8 subjects (f086dfa8-1e4c-5d50-8f93-9bacd1a342dd .. f0aa2ccc-5aef-5fa7-91b4-bddcbd379754), None us, 0 findings
Systems effective audit batch 1598 end: 8 subjects (f0737fa2-a4ef-54c0-82be-734d938e388d .. f084e8ca-3ec4-5af9-ba94-9185c35f551c), Some(309849) us, 0 findings
Systems effective audit batch 1599 end: 8 subjects (f086dfa8-1e4c-5d50-8f93-9bacd1a342dd .. f0aa2ccc-5aef-5fa7-91b4-bddcbd379754), Some(82) us, 0 findings
Systems effective audit batch 1600 begin: 8 subjects (f0be9c23-8004-5d59-8133-477736e16abd .. f0dc2588-7772-57b6-a62a-5d60d0b72b32), None us, 0 findings
Systems effective audit batch 1601 begin: 8 subjects (f0ec960c-84c9-5674-bc98-aba7e3f7c540 .. f1159aa7-683d-5b8c-9697-4de9dad50d12), None us, 0 findings
Systems effective audit batch 1600 end: 8 subjects (f0be9c23-8004-5d59-8133-477736e16abd .. f0dc2588-7772-57b6-a62a-5d60d0b72b32), Some(114) us, 0 findings
Systems effective audit batch 1601 end: 8 subjects (f0ec960c-84c9-5674-bc98-aba7e3f7c540 .. f1159aa7-683d-5b8c-9697-4de9dad50d12), Some(250435) us, 0 findings
Systems effective audit batch 1602 begin: 8 subjects (f11a8166-ebda-51ec-ab31-e50e4abf6532 .. f13a2730-af9c-5422-b9f8-b1010c803466), None us, 0 findings
Systems effective audit batch 1603 begin: 8 subjects (f13bc0d0-c3f6-5a75-a95c-ddb533f3a735 .. f1652e53-f75d-51a3-953b-10f7d1f158e5), None us, 0 findings
Systems effective audit batch 1602 end: 8 subjects (f11a8166-ebda-51ec-ab31-e50e4abf6532 .. f13a2730-af9c-5422-b9f8-b1010c803466), Some(76) us, 0 findings
Systems effective audit batch 1603 end: 8 subjects (f13bc0d0-c3f6-5a75-a95c-ddb533f3a735 .. f1652e53-f75d-51a3-953b-10f7d1f158e5), Some(4868489) us, 0 findings
Systems effective audit batch 1604 begin: 8 subjects (f16c45ce-52d9-547a-8eac-974364b9580f .. f191ab32-a67b-5baa-9fab-e094b9fabbaf), None us, 0 findings
Systems effective audit batch 1605 begin: 8 subjects (f191cecd-6d4b-5e86-a72d-bdcc5b69716e .. f1bf50d4-00d2-51e0-9eb4-29e866391b10), None us, 0 findings
Systems effective audit batch 1604 end: 8 subjects (f16c45ce-52d9-547a-8eac-974364b9580f .. f191ab32-a67b-5baa-9fab-e094b9fabbaf), Some(68) us, 0 findings
Systems effective audit batch 1605 end: 8 subjects (f191cecd-6d4b-5e86-a72d-bdcc5b69716e .. f1bf50d4-00d2-51e0-9eb4-29e866391b10), Some(931278) us, 0 findings
Systems effective audit batch 1606 begin: 8 subjects (f1cfd091-be38-523c-a33c-40eba53cbb1e .. f1e4bdf3-b4cb-5f69-9f71-fb1113955f00), None us, 0 findings
Systems effective audit batch 1607 begin: 8 subjects (f1e9f776-13cf-5f0b-b9e1-f2a7204a4a8d .. f2193ebe-6041-5a01-b1f7-18aa09b7192c), None us, 0 findings
Systems effective audit batch 1606 end: 8 subjects (f1cfd091-be38-523c-a33c-40eba53cbb1e .. f1e4bdf3-b4cb-5f69-9f71-fb1113955f00), Some(136) us, 0 findings
Systems effective audit batch 1607 end: 8 subjects (f1e9f776-13cf-5f0b-b9e1-f2a7204a4a8d .. f2193ebe-6041-5a01-b1f7-18aa09b7192c), Some(100) us, 0 findings
Systems effective audit batch 1608 begin: 8 subjects (f2202bb6-4e92-549f-b417-e69d83119ff2 .. f2423af5-d773-547e-9d59-5311d082da99), None us, 0 findings
Systems effective audit batch 1609 begin: 8 subjects (f24ff4cd-38da-53b0-82de-e0c5eba435ad .. f27a411a-c05d-541d-9342-09046cbddf96), None us, 0 findings
Systems effective audit batch 1608 end: 8 subjects (f2202bb6-4e92-549f-b417-e69d83119ff2 .. f2423af5-d773-547e-9d59-5311d082da99), Some(1524762) us, 0 findings
Systems effective audit batch 1609 end: 8 subjects (f24ff4cd-38da-53b0-82de-e0c5eba435ad .. f27a411a-c05d-541d-9342-09046cbddf96), Some(63) us, 0 findings
Systems effective audit batch 1610 begin: 8 subjects (f27bca91-f1c1-5d82-a7d4-178e94c28016 .. f293577e-20ab-5835-a2ad-2585b00f4368), None us, 0 findings
Systems effective audit batch 1611 begin: 8 subjects (f2996c0d-3b27-58db-913b-e9bf8525350b .. f2b699ba-daa3-557a-93d8-aca74cfaee78), None us, 0 findings
Systems effective audit batch 1610 end: 8 subjects (f27bca91-f1c1-5d82-a7d4-178e94c28016 .. f293577e-20ab-5835-a2ad-2585b00f4368), Some(67) us, 0 findings
Systems effective audit batch 1611 end: 8 subjects (f2996c0d-3b27-58db-913b-e9bf8525350b .. f2b699ba-daa3-557a-93d8-aca74cfaee78), Some(60) us, 0 findings
Systems effective audit batch 1612 begin: 8 subjects (f2b8f87d-b7a5-546f-8be2-096ebd3fff86 .. f2e1825a-7bf4-55f6-bba7-babeefd3441f), None us, 0 findings
Systems effective audit batch 1613 begin: 8 subjects (f2e4cdf2-b2ad-5fbf-a7f8-6d563e0aaece .. f305c670-083f-5389-8481-c17443d07e59), None us, 0 findings
Systems effective audit batch 1612 end: 8 subjects (f2b8f87d-b7a5-546f-8be2-096ebd3fff86 .. f2e1825a-7bf4-55f6-bba7-babeefd3441f), Some(1153905) us, 0 findings
Systems effective audit batch 1613 end: 8 subjects (f2e4cdf2-b2ad-5fbf-a7f8-6d563e0aaece .. f305c670-083f-5389-8481-c17443d07e59), Some(58) us, 0 findings
Systems effective audit batch 1614 begin: 8 subjects (f3158487-081c-5005-8028-972ae5b8fca4 .. f32a2cd7-a6c5-5b84-a9e6-0485c1845da8), None us, 0 findings
Systems effective audit batch 1615 begin: 8 subjects (f32ca7b2-ab75-5d50-84d5-64e8b23e6304 .. f35b7a11-b9ac-5933-87b4-a9d1864e4a5e), None us, 0 findings
Systems effective audit batch 1614 end: 8 subjects (f3158487-081c-5005-8028-972ae5b8fca4 .. f32a2cd7-a6c5-5b84-a9e6-0485c1845da8), Some(62) us, 0 findings
Systems effective audit batch 1615 end: 8 subjects (f32ca7b2-ab75-5d50-84d5-64e8b23e6304 .. f35b7a11-b9ac-5933-87b4-a9d1864e4a5e), Some(55) us, 0 findings
Systems effective audit batch 1616 begin: 8 subjects (f35c0530-a9e2-5097-9b03-b1ef590f9231 .. f37bddd5-62d1-599b-a150-f3437e428ffc), None us, 0 findings
Systems effective audit batch 1617 begin: 8 subjects (f37e6d31-bfb6-5c08-bcbc-8758ebbcf57a .. f3a717fc-18a3-5e96-a366-24f89415900a), None us, 0 findings
Systems effective audit batch 1616 end: 8 subjects (f35c0530-a9e2-5097-9b03-b1ef590f9231 .. f37bddd5-62d1-599b-a150-f3437e428ffc), Some(58) us, 0 findings
Systems effective audit batch 1617 end: 8 subjects (f37e6d31-bfb6-5c08-bcbc-8758ebbcf57a .. f3a717fc-18a3-5e96-a366-24f89415900a), Some(48) us, 0 findings
Systems effective audit batch 1618 begin: 8 subjects (f3af8a24-7ad3-5482-8d64-524e3a82afee .. f3c296ce-b8c5-5e4b-a2ef-ac7039b42695), None us, 0 findings
Systems effective audit batch 1619 begin: 8 subjects (f3c2bac8-87b2-52bc-adf7-2db1b5d46ae9 .. f3f12641-e1b4-56d2-96fd-baa275dbc70a), None us, 0 findings
Systems effective audit batch 1618 end: 8 subjects (f3af8a24-7ad3-5482-8d64-524e3a82afee .. f3c296ce-b8c5-5e4b-a2ef-ac7039b42695), Some(60) us, 0 findings
Systems effective audit batch 1619 end: 8 subjects (f3c2bac8-87b2-52bc-adf7-2db1b5d46ae9 .. f3f12641-e1b4-56d2-96fd-baa275dbc70a), Some(80) us, 0 findings
Systems effective audit batch 1620 begin: 8 subjects (f3f72e5e-6b1e-56e7-a972-3f2ea7795954 .. f41c7d19-2a38-53e7-a7cb-75ac09fcef03), None us, 0 findings
Systems effective audit batch 1621 begin: 8 subjects (f4207afb-e533-5582-91c3-32274427e9a3 .. f43faaa3-4ba3-5e09-8641-1fb04b398075), None us, 0 findings
Systems effective audit batch 1620 end: 8 subjects (f3f72e5e-6b1e-56e7-a972-3f2ea7795954 .. f41c7d19-2a38-53e7-a7cb-75ac09fcef03), Some(1797112) us, 0 findings
Systems effective audit batch 1621 end: 8 subjects (f4207afb-e533-5582-91c3-32274427e9a3 .. f43faaa3-4ba3-5e09-8641-1fb04b398075), Some(216607) us, 0 findings
Systems effective audit batch 1622 begin: 8 subjects (f4429ae0-9b41-5752-b6e3-63d4ae56ab66 .. f45a71f0-8f41-5522-8bfc-e5ff8407fbcc), None us, 0 findings
Systems effective audit batch 1623 begin: 8 subjects (f45d2e17-997b-5fa0-8563-8bb3f363efbe .. f472e301-55a6-50c6-ba3d-a360c32649ab), None us, 0 findings
Systems effective audit batch 1622 end: 8 subjects (f4429ae0-9b41-5752-b6e3-63d4ae56ab66 .. f45a71f0-8f41-5522-8bfc-e5ff8407fbcc), Some(6714786) us, 0 findings
Systems effective audit batch 1623 end: 8 subjects (f45d2e17-997b-5fa0-8563-8bb3f363efbe .. f472e301-55a6-50c6-ba3d-a360c32649ab), Some(1126642) us, 0 findings
Systems effective audit batch 1624 begin: 8 subjects (f47978f9-b236-537e-99fa-81d0c72dbcc0 .. f4ae3df6-8d27-5e27-b1b1-1afca5adbc1b), None us, 0 findings
Systems effective audit batch 1625 begin: 8 subjects (f4b0c4f2-0597-5d29-ab3f-1b76b3732735 .. f4d67b73-89ad-5d63-a3bc-9cead6670f11), None us, 0 findings
Systems effective audit batch 1624 end: 8 subjects (f47978f9-b236-537e-99fa-81d0c72dbcc0 .. f4ae3df6-8d27-5e27-b1b1-1afca5adbc1b), Some(5096022) us, 0 findings
Systems effective audit batch 1625 end: 8 subjects (f4b0c4f2-0597-5d29-ab3f-1b76b3732735 .. f4d67b73-89ad-5d63-a3bc-9cead6670f11), Some(4132771) us, 0 findings
Systems effective audit batch 1626 begin: 8 subjects (f4d99d83-3385-5bc7-8650-76a02cddb337 .. f4fa752d-fc16-5bd6-9f92-bf5b5f1b6a7d), None us, 0 findings
Systems effective audit batch 1627 begin: 8 subjects (f4fdc010-56ec-50a2-b406-d4f26412087c .. f510a154-c275-500e-a0e3-09b4c05b5b24), None us, 0 findings
Systems effective audit batch 1626 end: 8 subjects (f4d99d83-3385-5bc7-8650-76a02cddb337 .. f4fa752d-fc16-5bd6-9f92-bf5b5f1b6a7d), Some(90) us, 0 findings
Systems effective audit batch 1627 end: 8 subjects (f4fdc010-56ec-50a2-b406-d4f26412087c .. f510a154-c275-500e-a0e3-09b4c05b5b24), Some(83) us, 0 findings
Systems effective audit batch 1628 begin: 8 subjects (f512724f-d59e-5d00-91e8-9e4eea390938 .. f545ab47-58e3-5fa7-b1e4-d2b787301f37), None us, 0 findings
Systems effective audit batch 1629 begin: 8 subjects (f5549e49-ac64-505d-ba5c-29294d66886e .. f567935c-c130-5dc0-9d43-3c5e2fcbcf15), None us, 0 findings
Systems effective audit batch 1628 end: 8 subjects (f512724f-d59e-5d00-91e8-9e4eea390938 .. f545ab47-58e3-5fa7-b1e4-d2b787301f37), Some(5370837) us, 0 findings
Systems effective audit batch 1629 end: 8 subjects (f5549e49-ac64-505d-ba5c-29294d66886e .. f567935c-c130-5dc0-9d43-3c5e2fcbcf15), Some(2214008) us, 0 findings
Systems effective audit batch 1630 begin: 8 subjects (f5696d5f-b929-58b8-8fe7-95d25d6720d2 .. f5806fd3-6d9f-594a-8e9b-3a7dfb12da9a), None us, 0 findings
Systems effective audit batch 1631 begin: 8 subjects (f581d79b-f375-50b8-a68d-6bca42c8f92c .. f5b20d74-871f-5555-befd-1d3061b43e02), None us, 0 findings
Systems effective audit batch 1630 end: 8 subjects (f5696d5f-b929-58b8-8fe7-95d25d6720d2 .. f5806fd3-6d9f-594a-8e9b-3a7dfb12da9a), Some(129) us, 0 findings
Systems effective audit batch 1631 end: 8 subjects (f581d79b-f375-50b8-a68d-6bca42c8f92c .. f5b20d74-871f-5555-befd-1d3061b43e02), Some(114) us, 0 findings
Systems effective audit batch 1632 begin: 8 subjects (f5b56efa-353d-56df-8a30-132bececa66e .. f5c8775e-f9a1-5a3b-bc9a-cfe83befdeff), None us, 0 findings
Systems effective audit batch 1633 begin: 8 subjects (f5c9196b-6c36-517f-928c-44861500f68d .. f5f3e95e-e6a1-5f09-ab8c-0c048b7af03d), None us, 0 findings
Systems effective audit batch 1632 end: 8 subjects (f5b56efa-353d-56df-8a30-132bececa66e .. f5c8775e-f9a1-5a3b-bc9a-cfe83befdeff), Some(55) us, 0 findings
Systems effective audit batch 1633 end: 8 subjects (f5c9196b-6c36-517f-928c-44861500f68d .. f5f3e95e-e6a1-5f09-ab8c-0c048b7af03d), Some(69) us, 0 findings
Systems effective audit batch 1634 begin: 8 subjects (f5fc224c-d393-56ba-88a8-47df7e84df71 .. f615595b-3e08-53c7-ac89-56e8c919a975), None us, 0 findings
Systems effective audit batch 1635 begin: 8 subjects (f61de17e-ffe3-5853-8589-9759b63a7daf .. f63860b2-ffa7-53a3-bbcc-3c721dbd90cd), None us, 0 findings
Systems effective audit batch 1634 end: 8 subjects (f5fc224c-d393-56ba-88a8-47df7e84df71 .. f615595b-3e08-53c7-ac89-56e8c919a975), Some(1192714) us, 0 findings
Systems effective audit batch 1635 end: 8 subjects (f61de17e-ffe3-5853-8589-9759b63a7daf .. f63860b2-ffa7-53a3-bbcc-3c721dbd90cd), Some(8108808) us, 0 findings
Systems effective audit batch 1636 begin: 8 subjects (f63fc60b-97e5-5ab6-85b2-c24c7462ff23 .. f657fae2-5302-5ff2-8032-22000b35e8d9), None us, 0 findings
Systems effective audit batch 1637 begin: 8 subjects (f65c85d5-4a82-551f-a99e-dd02fb075411 .. f66be87b-4915-5af4-b742-08efc7ac709a), None us, 0 findings
Systems effective audit batch 1636 end: 8 subjects (f63fc60b-97e5-5ab6-85b2-c24c7462ff23 .. f657fae2-5302-5ff2-8032-22000b35e8d9), Some(104) us, 0 findings
Systems effective audit batch 1637 end: 8 subjects (f65c85d5-4a82-551f-a99e-dd02fb075411 .. f66be87b-4915-5af4-b742-08efc7ac709a), Some(1080852) us, 0 findings
Systems effective audit batch 1638 begin: 8 subjects (f66bea83-fe3e-5786-b20f-31317076f5da .. f6878bf5-101b-5985-9e06-4ba40437c397), None us, 0 findings
Systems effective audit batch 1639 begin: 8 subjects (f6889e3c-3e40-50fc-929c-894aa1b8b0ba .. f6afef6c-6d86-5efd-b5ba-e735bf04fe6d), None us, 0 findings
Systems effective audit batch 1638 end: 8 subjects (f66bea83-fe3e-5786-b20f-31317076f5da .. f6878bf5-101b-5985-9e06-4ba40437c397), Some(1522589) us, 0 findings
Systems effective audit batch 1639 end: 8 subjects (f6889e3c-3e40-50fc-929c-894aa1b8b0ba .. f6afef6c-6d86-5efd-b5ba-e735bf04fe6d), Some(1474203) us, 0 findings
Systems effective audit batch 1640 begin: 8 subjects (f6b3c2c5-d0da-5b0b-ac54-5d96c5a222fc .. f6d72092-21cb-51d3-ae5a-c7a63e98ffe7), None us, 0 findings
Systems effective audit batch 1641 begin: 8 subjects (f6d7edb7-3220-5f47-b5de-e533b4553da0 .. f6e8d8d9-ccff-585d-8ad3-57cb3f6b4f93), None us, 0 findings
Systems effective audit batch 1640 end: 8 subjects (f6b3c2c5-d0da-5b0b-ac54-5d96c5a222fc .. f6d72092-21cb-51d3-ae5a-c7a63e98ffe7), Some(79) us, 0 findings
Systems effective audit batch 1641 end: 8 subjects (f6d7edb7-3220-5f47-b5de-e533b4553da0 .. f6e8d8d9-ccff-585d-8ad3-57cb3f6b4f93), Some(56) us, 0 findings
Systems effective audit batch 1642 begin: 8 subjects (f6e93196-fed4-58fc-b79b-61f0e20a24b2 .. f703bebb-a66a-5fa2-8817-862fe0f8ebd5), None us, 0 findings
Systems effective audit batch 1643 begin: 8 subjects (f7138634-f74a-5366-8448-fce722ac69ba .. f7365d3c-c824-5576-b8de-da3571c8a564), None us, 0 findings
Systems effective audit batch 1642 end: 8 subjects (f6e93196-fed4-58fc-b79b-61f0e20a24b2 .. f703bebb-a66a-5fa2-8817-862fe0f8ebd5), Some(60) us, 0 findings
Systems effective audit batch 1643 end: 8 subjects (f7138634-f74a-5366-8448-fce722ac69ba .. f7365d3c-c824-5576-b8de-da3571c8a564), Some(2911012) us, 0 findings
Systems effective audit batch 1644 begin: 8 subjects (f73b4831-379a-555e-a773-4364de42f89f .. f758090e-80c3-5155-8b01-f0177dc0bde3), None us, 0 findings
Systems effective audit batch 1645 begin: 8 subjects (f75a3133-3e55-5722-95a5-51c4efef6b0a .. f7892cf9-6ca8-56ce-9cb3-b0f7b38bb428), None us, 0 findings
Systems effective audit batch 1644 end: 8 subjects (f73b4831-379a-555e-a773-4364de42f89f .. f758090e-80c3-5155-8b01-f0177dc0bde3), Some(70) us, 0 findings
Systems effective audit batch 1645 end: 8 subjects (f75a3133-3e55-5722-95a5-51c4efef6b0a .. f7892cf9-6ca8-56ce-9cb3-b0f7b38bb428), Some(70) us, 0 findings
Systems effective audit batch 1646 begin: 8 subjects (f78ff53d-e85f-5301-b51c-4a95d6c282f6 .. f7b861b2-a954-5238-af4f-7a4129a29820), None us, 0 findings
Systems effective audit batch 1647 begin: 8 subjects (f7ba1cf1-e343-5e6a-b6e3-f98bc1cedd74 .. f7d30962-a166-5b46-9e5b-7e32c1f65b97), None us, 0 findings
Systems effective audit batch 1646 end: 8 subjects (f78ff53d-e85f-5301-b51c-4a95d6c282f6 .. f7b861b2-a954-5238-af4f-7a4129a29820), Some(2823560) us, 0 findings
Systems effective audit batch 1647 end: 8 subjects (f7ba1cf1-e343-5e6a-b6e3-f98bc1cedd74 .. f7d30962-a166-5b46-9e5b-7e32c1f65b97), Some(319452) us, 0 findings
Systems effective audit batch 1648 begin: 8 subjects (f7d64eab-051a-55b0-83bc-2c44ce61e238 .. f7e8a0e8-4470-5903-ad77-67ff021d57e6), None us, 0 findings
Systems effective audit batch 1649 begin: 8 subjects (f7e8c3f3-257f-5d09-8fc3-44ecd4c4c912 .. f819aecf-745b-5edc-8846-34e18d2ae14e), None us, 0 findings
Systems effective audit batch 1648 end: 8 subjects (f7d64eab-051a-55b0-83bc-2c44ce61e238 .. f7e8a0e8-4470-5903-ad77-67ff021d57e6), Some(73) us, 0 findings
Systems effective audit batch 1649 end: 8 subjects (f7e8c3f3-257f-5d09-8fc3-44ecd4c4c912 .. f819aecf-745b-5edc-8846-34e18d2ae14e), Some(2267225) us, 0 findings
Systems effective audit batch 1650 begin: 8 subjects (f81c06e8-3e14-5f6f-b087-4b5b22ec3aa6 .. f8493409-c2a1-5621-90a2-c922827e879e), None us, 0 findings
Systems effective audit batch 1651 begin: 8 subjects (f849b8bc-d60a-5ee2-95ac-aa624b4c84d7 .. f855fac2-8d87-5f7c-94ac-5cf0b8b58bf4), None us, 0 findings
Systems effective audit batch 1650 end: 8 subjects (f81c06e8-3e14-5f6f-b087-4b5b22ec3aa6 .. f8493409-c2a1-5621-90a2-c922827e879e), Some(6519802) us, 0 findings
Systems effective audit batch 1651 end: 8 subjects (f849b8bc-d60a-5ee2-95ac-aa624b4c84d7 .. f855fac2-8d87-5f7c-94ac-5cf0b8b58bf4), Some(62) us, 0 findings
Systems effective audit batch 1652 begin: 8 subjects (f856043e-04b3-5cb7-8432-f1490dbc4ee5 .. f870332b-1ae9-555d-b077-6d746485d7f0), None us, 0 findings
Systems effective audit batch 1653 begin: 8 subjects (f8713758-2c13-5f56-ae37-921caf3f0b8e .. f897bbb1-76d0-5e36-bab9-1753756ddfb5), None us, 0 findings
Systems effective audit batch 1652 end: 8 subjects (f856043e-04b3-5cb7-8432-f1490dbc4ee5 .. f870332b-1ae9-555d-b077-6d746485d7f0), Some(1072379) us, 0 findings
Systems effective audit batch 1653 end: 8 subjects (f8713758-2c13-5f56-ae37-921caf3f0b8e .. f897bbb1-76d0-5e36-bab9-1753756ddfb5), Some(59) us, 0 findings
Systems effective audit batch 1654 begin: 8 subjects (f89951f2-2309-5229-8b02-b9a730942faf .. f8c24b8a-c465-5ebf-a267-5a07911fe89f), None us, 0 findings
Systems effective audit batch 1655 begin: 8 subjects (f8ce69be-bfab-5470-8fdc-150617c354ee .. f8f9699d-c328-5ad2-beec-a906521afaf7), None us, 0 findings
Systems effective audit batch 1654 end: 8 subjects (f89951f2-2309-5229-8b02-b9a730942faf .. f8c24b8a-c465-5ebf-a267-5a07911fe89f), Some(78) us, 0 findings
Systems effective audit batch 1655 end: 8 subjects (f8ce69be-bfab-5470-8fdc-150617c354ee .. f8f9699d-c328-5ad2-beec-a906521afaf7), Some(72065) us, 0 findings
Systems effective audit batch 1656 begin: 8 subjects (f8fca8b8-bf42-5458-805c-ca768306d9fd .. f91fd96c-9640-5470-bef3-6418987ca26a), None us, 0 findings
Systems effective audit batch 1657 begin: 8 subjects (f9221ac2-61d3-5c29-adf6-198abe6bd48c .. f9391af8-867b-5244-8d73-d94572f42b0a), None us, 0 findings
Systems effective audit batch 1656 end: 8 subjects (f8fca8b8-bf42-5458-805c-ca768306d9fd .. f91fd96c-9640-5470-bef3-6418987ca26a), Some(63) us, 0 findings
Systems effective audit batch 1657 end: 8 subjects (f9221ac2-61d3-5c29-adf6-198abe6bd48c .. f9391af8-867b-5244-8d73-d94572f42b0a), Some(98923) us, 0 findings
Systems effective audit batch 1658 begin: 8 subjects (f93cf747-0a73-507c-80fa-07d3c0c279a0 .. f978302c-48bb-5d73-82e3-acc2612e9eb6), None us, 0 findings
Systems effective audit batch 1659 begin: 8 subjects (f9793084-5e1c-582f-940f-51876e90798e .. f998f588-7ebe-5deb-b013-24f1be4f4cba), None us, 0 findings
Systems effective audit batch 1658 end: 8 subjects (f93cf747-0a73-507c-80fa-07d3c0c279a0 .. f978302c-48bb-5d73-82e3-acc2612e9eb6), Some(99) us, 0 findings
Systems effective audit batch 1659 end: 8 subjects (f9793084-5e1c-582f-940f-51876e90798e .. f998f588-7ebe-5deb-b013-24f1be4f4cba), Some(62) us, 0 findings
Systems effective audit batch 1660 begin: 8 subjects (f99af389-3cb7-5231-a3ad-95c91c11761b .. f9b8923c-758c-5389-b062-fdefedd6be40), None us, 0 findings
Systems effective audit batch 1661 begin: 8 subjects (f9bac61f-dfaa-5319-b45c-bff3948d976a .. f9d34317-e7cb-5803-82f6-7cb9267b7244), None us, 0 findings
Systems effective audit batch 1660 end: 8 subjects (f99af389-3cb7-5231-a3ad-95c91c11761b .. f9b8923c-758c-5389-b062-fdefedd6be40), Some(5279002) us, 0 findings
Systems effective audit batch 1661 end: 8 subjects (f9bac61f-dfaa-5319-b45c-bff3948d976a .. f9d34317-e7cb-5803-82f6-7cb9267b7244), Some(124) us, 0 findings
Systems effective audit batch 1662 begin: 8 subjects (f9d3aba6-a01f-5d0a-bd0a-5254b9a776a4 .. f9f379d6-c38f-552c-ad6f-db9969725b89), None us, 0 findings
Systems effective audit batch 1663 begin: 8 subjects (f9f3ad89-e07d-5c60-ad30-7228d05902d8 .. fa07c42e-98f1-5c2d-8942-ae3b2c7d633b), None us, 0 findings
Systems effective audit batch 1662 end: 8 subjects (f9d3aba6-a01f-5d0a-bd0a-5254b9a776a4 .. f9f379d6-c38f-552c-ad6f-db9969725b89), Some(90) us, 0 findings
Systems effective audit batch 1663 end: 8 subjects (f9f3ad89-e07d-5c60-ad30-7228d05902d8 .. fa07c42e-98f1-5c2d-8942-ae3b2c7d633b), Some(61) us, 0 findings
Systems effective audit batch 1664 begin: 8 subjects (fa0ad3bf-0f2e-5388-b5b4-8d7d359e8c82 .. fa1fdad6-bc76-52d6-a9d2-fd9df7d16d87), None us, 0 findings
Systems effective audit batch 1665 begin: 8 subjects (fa2385f9-0149-53a6-9fbd-aff2f487eb2c .. fa3c556e-4614-52fe-944c-009c55f7774d), None us, 0 findings
Systems effective audit batch 1664 end: 8 subjects (fa0ad3bf-0f2e-5388-b5b4-8d7d359e8c82 .. fa1fdad6-bc76-52d6-a9d2-fd9df7d16d87), Some(2106495) us, 0 findings
Systems effective audit batch 1665 end: 8 subjects (fa2385f9-0149-53a6-9fbd-aff2f487eb2c .. fa3c556e-4614-52fe-944c-009c55f7774d), Some(60) us, 0 findings
Systems effective audit batch 1666 begin: 8 subjects (fa439874-8c90-52e7-93b3-e0e9b04e2516 .. fa653805-a2f9-543a-b119-f5663717064f), None us, 0 findings
Systems effective audit batch 1667 begin: 8 subjects (fa6d0944-f8b9-523e-bdea-a6bf720a1bab .. fa82db5d-bacf-5ab7-80c7-ec02e88aead1), None us, 0 findings
Systems effective audit batch 1666 end: 8 subjects (fa439874-8c90-52e7-93b3-e0e9b04e2516 .. fa653805-a2f9-543a-b119-f5663717064f), Some(75) us, 0 findings
Systems effective audit batch 1667 end: 8 subjects (fa6d0944-f8b9-523e-bdea-a6bf720a1bab .. fa82db5d-bacf-5ab7-80c7-ec02e88aead1), Some(59) us, 0 findings
Systems effective audit batch 1668 begin: 8 subjects (fa865b12-913a-5ba2-816d-cd9e1c2f2f47 .. faa5cbe3-86fa-5285-8d05-1ce6fa9d3245), None us, 0 findings
Systems effective audit batch 1669 begin: 8 subjects (faa87296-86e5-5235-aae7-52ea392c34c9 .. fac113de-0204-5418-8553-bc80fd6f377e), None us, 0 findings
Systems effective audit batch 1668 end: 8 subjects (fa865b12-913a-5ba2-816d-cd9e1c2f2f47 .. faa5cbe3-86fa-5285-8d05-1ce6fa9d3245), Some(107) us, 0 findings
Systems effective audit batch 1669 end: 8 subjects (faa87296-86e5-5235-aae7-52ea392c34c9 .. fac113de-0204-5418-8553-bc80fd6f377e), Some(2873919) us, 0 findings
Systems effective audit batch 1670 begin: 8 subjects (fac182ec-967d-5588-a143-fc94d684e447 .. fadaf1fb-2e05-5953-8106-5924944c35ed), None us, 0 findings
Systems effective audit batch 1671 begin: 8 subjects (fadffdd4-2681-53dc-b970-540aa7eac067 .. fb086543-4158-5349-8418-5b55bf479255), None us, 0 findings
Systems effective audit batch 1670 end: 8 subjects (fac182ec-967d-5588-a143-fc94d684e447 .. fadaf1fb-2e05-5953-8106-5924944c35ed), Some(115) us, 0 findings
Systems effective audit batch 1671 end: 8 subjects (fadffdd4-2681-53dc-b970-540aa7eac067 .. fb086543-4158-5349-8418-5b55bf479255), Some(69) us, 0 findings
Systems effective audit batch 1672 begin: 8 subjects (fb097251-6924-51b8-a77b-153669237bdc .. fb2c5021-c4bf-5afe-a9d7-b2ac7e71fa58), None us, 0 findings
Systems effective audit batch 1673 begin: 8 subjects (fb320563-3d63-5345-b92f-fa7b099b7ad3 .. fb50384a-a13f-5c0c-84c7-e5616da9468b), None us, 0 findings
Systems effective audit batch 1672 end: 8 subjects (fb097251-6924-51b8-a77b-153669237bdc .. fb2c5021-c4bf-5afe-a9d7-b2ac7e71fa58), Some(71) us, 0 findings
Systems effective audit batch 1673 end: 8 subjects (fb320563-3d63-5345-b92f-fa7b099b7ad3 .. fb50384a-a13f-5c0c-84c7-e5616da9468b), Some(2180897) us, 0 findings
Systems effective audit batch 1674 begin: 8 subjects (fb535c33-1336-598c-b678-9d6a4e406a04 .. fb75e326-bcaf-5d9f-a129-80aa055f2bcf), None us, 0 findings
Systems effective audit batch 1675 begin: 8 subjects (fb7cf4dc-7a4f-5e46-bb49-6b1c0bf0da66 .. fbbd4d3e-c269-550f-bf1e-c84d8ce98b89), None us, 0 findings
Systems effective audit batch 1674 end: 8 subjects (fb535c33-1336-598c-b678-9d6a4e406a04 .. fb75e326-bcaf-5d9f-a129-80aa055f2bcf), Some(2218073) us, 0 findings
Systems effective audit batch 1675 end: 8 subjects (fb7cf4dc-7a4f-5e46-bb49-6b1c0bf0da66 .. fbbd4d3e-c269-550f-bf1e-c84d8ce98b89), Some(4841613) us, 0 findings
Systems effective audit batch 1676 begin: 8 subjects (fbbfb88b-12b2-5386-ac2a-f450869e5c1d .. fbdc9286-51ee-547a-bb50-a55eac625312), None us, 0 findings
Systems effective audit batch 1677 begin: 8 subjects (fbe8274e-b42d-5edb-8ecd-1aad42cef7c9 .. fc02369d-98b4-5a7a-9e93-9c7da67a1f3e), None us, 0 findings
Systems effective audit batch 1676 end: 8 subjects (fbbfb88b-12b2-5386-ac2a-f450869e5c1d .. fbdc9286-51ee-547a-bb50-a55eac625312), Some(66) us, 0 findings
Systems effective audit batch 1677 end: 8 subjects (fbe8274e-b42d-5edb-8ecd-1aad42cef7c9 .. fc02369d-98b4-5a7a-9e93-9c7da67a1f3e), Some(75) us, 0 findings
Systems effective audit batch 1678 begin: 8 subjects (fc03d9ab-96f4-5b78-b40d-1a2075f4617a .. fc28df59-c70e-5dd8-993b-9593db157ed0), None us, 0 findings
Systems effective audit batch 1679 begin: 8 subjects (fc2aecab-bc2a-56cb-8f77-b0aac491c732 .. fc41eae6-5036-523d-83a0-4ef8a9251dc7), None us, 0 findings
Systems effective audit batch 1678 end: 8 subjects (fc03d9ab-96f4-5b78-b40d-1a2075f4617a .. fc28df59-c70e-5dd8-993b-9593db157ed0), Some(70) us, 0 findings
Systems effective audit batch 1679 end: 8 subjects (fc2aecab-bc2a-56cb-8f77-b0aac491c732 .. fc41eae6-5036-523d-83a0-4ef8a9251dc7), Some(93) us, 0 findings
Systems effective audit batch 1680 begin: 8 subjects (fc41f122-6c2e-5dec-800c-dc8ba56b4d7c .. fc586dd4-c3ef-54e8-8f55-ff04468ddf3b), None us, 0 findings
Systems effective audit batch 1681 begin: 8 subjects (fc5a3876-bdc7-555d-a38d-0720ca04e233 .. fc72d977-12f1-54e5-9ee7-0c5f4610e309), None us, 0 findings
Systems effective audit batch 1680 end: 8 subjects (fc41f122-6c2e-5dec-800c-dc8ba56b4d7c .. fc586dd4-c3ef-54e8-8f55-ff04468ddf3b), Some(856546) us, 0 findings
Systems effective audit batch 1681 end: 8 subjects (fc5a3876-bdc7-555d-a38d-0720ca04e233 .. fc72d977-12f1-54e5-9ee7-0c5f4610e309), Some(3705924) us, 0 findings
Systems effective audit batch 1682 begin: 8 subjects (fc7506fc-42cb-553e-98a6-25eb99ce319e .. fc946853-61fc-5c97-a234-d06b341b2656), None us, 0 findings
Systems effective audit batch 1683 begin: 8 subjects (fc9c9343-472c-58aa-9710-130a0117675d .. fcaf5493-c996-5ddd-85b2-cc950e35e608), None us, 0 findings
Systems effective audit batch 1682 end: 8 subjects (fc7506fc-42cb-553e-98a6-25eb99ce319e .. fc946853-61fc-5c97-a234-d06b341b2656), Some(74) us, 0 findings
Systems effective audit batch 1683 end: 8 subjects (fc9c9343-472c-58aa-9710-130a0117675d .. fcaf5493-c996-5ddd-85b2-cc950e35e608), Some(62) us, 0 findings
Systems effective audit batch 1684 begin: 8 subjects (fcc6dfc8-0b0c-5e60-a3c9-913e014166af .. fce49110-be36-5de6-952b-f5b1cdc79886), None us, 0 findings
Systems effective audit batch 1685 begin: 8 subjects (fce9d179-c302-5431-89ec-3f311ea2b3bd .. fd1c5670-3907-57b7-b346-4aaecc1140a9), None us, 0 findings
Systems effective audit batch 1684 end: 8 subjects (fcc6dfc8-0b0c-5e60-a3c9-913e014166af .. fce49110-be36-5de6-952b-f5b1cdc79886), Some(1208811) us, 0 findings
Systems effective audit batch 1685 end: 8 subjects (fce9d179-c302-5431-89ec-3f311ea2b3bd .. fd1c5670-3907-57b7-b346-4aaecc1140a9), Some(55) us, 0 findings
Systems effective audit batch 1686 begin: 8 subjects (fd1cb247-2bbc-5400-a800-b367035a1b4d .. fd4634e6-085c-53a3-9757-baca7d35d06c), None us, 0 findings
Systems effective audit batch 1687 begin: 8 subjects (fd4b7563-4e50-5462-970d-14b20b51f66f .. fd636749-095e-5c64-83db-c6d3d672ea7c), None us, 0 findings
Systems effective audit batch 1686 end: 8 subjects (fd1cb247-2bbc-5400-a800-b367035a1b4d .. fd4634e6-085c-53a3-9757-baca7d35d06c), Some(16033) us, 0 findings
Systems effective audit batch 1687 end: 8 subjects (fd4b7563-4e50-5462-970d-14b20b51f66f .. fd636749-095e-5c64-83db-c6d3d672ea7c), Some(4289996) us, 0 findings
Systems effective audit batch 1688 begin: 8 subjects (fd67cdfe-9f6d-5d34-b639-a0fbecc157cc .. fd8bedd2-f281-58c8-8bf2-88f37895d796), None us, 0 findings
Systems effective audit batch 1689 begin: 8 subjects (fd8eb016-d9ed-5579-9207-9f74c0dec3e0 .. fdc2ec51-95d2-5c75-aee7-63bf9dde5f47), None us, 0 findings
Systems effective audit batch 1688 end: 8 subjects (fd67cdfe-9f6d-5d34-b639-a0fbecc157cc .. fd8bedd2-f281-58c8-8bf2-88f37895d796), Some(131481) us, 0 findings
Systems effective audit batch 1689 end: 8 subjects (fd8eb016-d9ed-5579-9207-9f74c0dec3e0 .. fdc2ec51-95d2-5c75-aee7-63bf9dde5f47), Some(56) us, 0 findings
Systems effective audit batch 1690 begin: 8 subjects (fdc4763e-ac53-5a46-bcd8-bd3ee09dc5af .. fe034a37-d7b1-5128-b040-b1a95c9057ee), None us, 0 findings
Systems effective audit batch 1691 begin: 8 subjects (fe087b94-b5ea-572d-a1dc-5f5f9c23c504 .. fe1a423b-500f-5d08-8150-c2b3183a92bf), None us, 0 findings
Systems effective audit batch 1690 end: 8 subjects (fdc4763e-ac53-5a46-bcd8-bd3ee09dc5af .. fe034a37-d7b1-5128-b040-b1a95c9057ee), Some(78) us, 0 findings
Systems effective audit batch 1691 end: 8 subjects (fe087b94-b5ea-572d-a1dc-5f5f9c23c504 .. fe1a423b-500f-5d08-8150-c2b3183a92bf), Some(56) us, 0 findings
Systems effective audit batch 1692 begin: 8 subjects (fe1dc631-e288-5b67-adb3-4295c68abaf9 .. fe3e5dab-6451-5ee4-9f3f-7b7cf3291b92), None us, 0 findings
Systems effective audit batch 1693 begin: 8 subjects (fe3ff748-1df9-513e-a4f8-143429406061 .. fe67eb98-e78c-54a4-aa2c-b99437d8eeda), None us, 0 findings
Systems effective audit batch 1692 end: 8 subjects (fe1dc631-e288-5b67-adb3-4295c68abaf9 .. fe3e5dab-6451-5ee4-9f3f-7b7cf3291b92), Some(2815) us, 0 findings
Systems effective audit batch 1693 end: 8 subjects (fe3ff748-1df9-513e-a4f8-143429406061 .. fe67eb98-e78c-54a4-aa2c-b99437d8eeda), Some(67) us, 0 findings
Systems effective audit batch 1694 begin: 8 subjects (fe6bb5c3-0198-5282-9ebc-f527275e97fb .. fe97edbe-a323-593f-839e-0f10b9d3efc8), None us, 0 findings
Systems effective audit batch 1695 begin: 8 subjects (fe9aca6c-6cad-5829-ac31-a262674168cb .. fead6434-a0a6-5336-be10-fdab85dcb8c8), None us, 0 findings
Systems effective audit batch 1694 end: 8 subjects (fe6bb5c3-0198-5282-9ebc-f527275e97fb .. fe97edbe-a323-593f-839e-0f10b9d3efc8), Some(1987233) us, 0 findings
Systems effective audit batch 1695 end: 8 subjects (fe9aca6c-6cad-5829-ac31-a262674168cb .. fead6434-a0a6-5336-be10-fdab85dcb8c8), Some(6108766) us, 0 findings
Systems effective audit batch 1696 begin: 8 subjects (feae1aab-fc31-5653-8939-8562f677e7ae .. fecd0985-888b-50d9-83f8-a3e8af0c6c74), None us, 0 findings
Systems effective audit batch 1697 begin: 8 subjects (fee64798-626d-59ad-ab99-c7abfbc7af07 .. fefbe89d-c5a9-5dbd-88da-11ec9ad40862), None us, 0 findings
Systems effective audit batch 1696 end: 8 subjects (feae1aab-fc31-5653-8939-8562f677e7ae .. fecd0985-888b-50d9-83f8-a3e8af0c6c74), Some(3060460) us, 0 findings
Systems effective audit batch 1697 end: 8 subjects (fee64798-626d-59ad-ab99-c7abfbc7af07 .. fefbe89d-c5a9-5dbd-88da-11ec9ad40862), Some(102) us, 0 findings
Systems effective audit batch 1698 begin: 8 subjects (fefc26c1-77dc-55dd-ad77-4c2163ed76d1 .. ff31ebe8-c70e-591c-9adf-9a0600092d24), None us, 0 findings
Systems effective audit batch 1699 begin: 8 subjects (ff34e645-168f-5eb4-943a-c1527d83acfc .. ff51e71f-e063-562f-86f7-066de284b89c), None us, 0 findings
Systems effective audit batch 1698 end: 8 subjects (fefc26c1-77dc-55dd-ad77-4c2163ed76d1 .. ff31ebe8-c70e-591c-9adf-9a0600092d24), Some(1304087) us, 0 findings
Systems effective audit batch 1699 end: 8 subjects (ff34e645-168f-5eb4-943a-c1527d83acfc .. ff51e71f-e063-562f-86f7-066de284b89c), Some(6425753) us, 0 findings
Systems effective audit batch 1700 begin: 8 subjects (ff609af8-288d-577e-ab45-6771149d3699 .. ff78e991-53f9-5b0b-9e36-f18945e7ce16), None us, 0 findings
Systems effective audit batch 1701 begin: 8 subjects (ff792811-f49f-5f32-8b23-a6d3301e4bc5 .. ff8d7b52-f0eb-5757-a376-5a95f696b12a), None us, 0 findings
Systems effective audit batch 1700 end: 8 subjects (ff609af8-288d-577e-ab45-6771149d3699 .. ff78e991-53f9-5b0b-9e36-f18945e7ce16), Some(67) us, 0 findings
Systems effective audit batch 1701 end: 8 subjects (ff792811-f49f-5f32-8b23-a6d3301e4bc5 .. ff8d7b52-f0eb-5757-a376-5a95f696b12a), Some(1272661) us, 0 findings
Systems effective audit batch 1702 begin: 8 subjects (ff8f2c1d-2963-5532-b586-5f9962f31e6b .. ffbc6def-c58a-5257-8d18-1a0b977fe419), None us, 0 findings
Systems effective audit batch 1703 begin: 8 subjects (ffbd027d-32a6-5a16-9b5a-5a51e73f54b1 .. ffcf35f8-a950-5a52-92d7-95550427f9b7), None us, 0 findings
Systems effective audit batch 1702 end: 8 subjects (ff8f2c1d-2963-5532-b586-5f9962f31e6b .. ffbc6def-c58a-5257-8d18-1a0b977fe419), Some(105) us, 0 findings
Systems effective audit batch 1703 end: 8 subjects (ffbd027d-32a6-5a16-9b5a-5a51e73f54b1 .. ffcf35f8-a950-5a52-92d7-95550427f9b7), Some(89) us, 0 findings
Systems effective audit batch 1704 begin: 8 subjects (ffd53fab-08bc-51f7-b235-a434ca678583 .. ffe614b6-0de7-5be5-8c72-72f1efff4dcf), None us, 0 findings
Systems effective audit batch 1705 begin: 4 subjects (ffef5531-0591-5fa2-ba13-2a2cce5b61af .. fff88b95-ae87-5adc-92f5-78b78d2057de), None us, 0 findings
Systems effective audit batch 1704 end: 8 subjects (ffd53fab-08bc-51f7-b235-a434ca678583 .. ffe614b6-0de7-5be5-8c72-72f1efff4dcf), Some(1589435) us, 0 findings
Systems effective audit batch 1705 end: 4 subjects (ffef5531-0591-5fa2-ba13-2a2cce5b61af .. fff88b95-ae87-5adc-92f5-78b78d2057de), Some(76) us, 0 findings
Systems finalization end: effective_sysml_population_audit (1335622034 us, 0 findings)
Systems finalization begin: identity_provenance_final_audit (0 us, 0 findings)
Systems finalization end: identity_provenance_final_audit (4250 us, 0 findings)
Systems finalization begin: accepted_facade_construction (0 us, 0 findings)
Systems finalization end: accepted_facade_construction (534 us, 0 findings)
Systems artifacts: cache_serialization begin elapsed=2151.353s
Systems artifacts: cache_serialization end elapsed=2229.087s
Systems artifacts: receipt_serialization begin elapsed=2229.088s
Systems artifacts: receipt_serialization end elapsed=2229.099s
Systems artifacts: binding_manifest_serialization begin elapsed=2229.100s
Systems artifacts: binding_manifest_serialization end elapsed=2229.145s
Systems artifacts: candidate_cache_restore begin elapsed=2229.256s
Systems artifacts: candidate_cache_restore end elapsed=2286.391s
Systems artifacts: stale_verification begin elapsed=2286.392s
Systems artifacts: stale_verification end elapsed=2286.421s
Systems artifacts: final_report begin elapsed=2287.235s
Systems artifacts: final_report end elapsed=2287.253s
Systems: read-only finalization accepted and atomically issued; 2287.254s
